symbol,updated_at
000001.SZ,2026-06-27 23:00:58
000002.SZ,2026-06-27 23:01:00
000009.SZ,2026-06-27 23:01:02
000021.SZ,2026-06-27 23:01:05
000027.SZ,2026-06-27 23:01:07
000032.SZ,2026-06-27 23:01:08
000034.SZ,2026-06-27 23:01:11
000039.SZ,2026-06-27 23:01:13
000050.SZ,2026-06-27 23:01:14
000060.SZ,2026-06-27 23:01:17
000062.SZ,2026-06-27 23:01:18
000063.SZ,2026-06-27 23:01:20
000066.SZ,2026-06-27 23:01:21
000088.SZ,2026-06-27 23:01:22
000089.SZ,2026-06-27 23:01:24
000099.SZ,2026-06-27 23:01:25
000100.SZ,2026-06-27 23:01:26
000155.SZ,2026-06-27 23:01:30
000157.SZ,2026-06-27 23:01:31
000158.SZ,2026-06-27 23:01:33
000166.SZ,2026-06-27 23:01:35
000301.SZ,2026-06-27 23:01:36
000333.SZ,2026-06-27 23:01:38
000338.SZ,2026-06-27 23:01:40
000400.SZ,2026-06-27 23:01:42
000408.SZ,2026-06-27 23:01:43
000415.SZ,2026-06-27 23:01:45
000422.SZ,2026-06-27 23:01:46
000423.SZ,2026-06-27 23:01:48
000425.SZ,2026-06-27 23:01:49
000426.SZ,2026-06-27 23:01:50
000429.SZ,2026-06-27 23:01:54
000513.SZ,2026-06-27 23:01:56
000519.SZ,2026-06-27 23:01:57
000528.SZ,2026-06-27 23:01:59
000534.SZ,2026-06-27 23:02:00
000537.SZ,2026-06-27 23:02:02
000538.SZ,2026-06-27 23:02:05
000539.SZ,2026-06-27 23:02:07
000543.SZ,2026-06-27 23:02:09
000547.SZ,2026-06-27 23:02:11
000553.SZ,2026-06-27 23:02:12
000559.SZ,2026-06-27 23:02:15
000563.SZ,2026-06-27 23:02:16
000564.SZ,2026-06-27 23:02:17
000568.SZ,2026-06-27 23:02:18
000581.SZ,2026-06-27 23:02:20
000582.SZ,2026-06-27 23:02:21
000591.SZ,2026-06-27 23:02:22
000592.SZ,2026-06-27 23:02:25
000596.SZ,2026-06-27 23:02:27
000598.SZ,2026-06-27 23:02:29
000603.SZ,2026-06-27 23:02:30
000612.SZ,2026-06-27 23:02:31
000617.SZ,2026-06-27 23:02:32
000620.SZ,2026-06-27 23:02:35
000623.SZ,2026-06-27 23:02:37
000625.SZ,2026-06-27 23:02:38
000629.SZ,2026-06-27 23:02:40
000630.SZ,2026-06-27 23:02:41
000636.SZ,2026-06-27 23:02:42
000651.SZ,2026-06-27 23:02:45
000657.SZ,2026-06-27 23:02:47
000661.SZ,2026-06-27 23:02:49
000672.SZ,2026-06-27 23:02:51
000680.SZ,2026-06-27 23:02:52
000681.SZ,2026-06-27 23:02:54
000682.SZ,2026-06-27 23:02:56
000683.SZ,2026-06-27 23:02:57
000685.SZ,2026-06-27 23:02:59
000686.SZ,2026-06-27 23:03:00
000688.SZ,2026-06-27 23:03:02
000700.SZ,2026-06-27 23:03:03
000703.SZ,2026-06-27 23:03:05
000708.SZ,2026-06-27 23:03:07
000709.SZ,2026-06-27 23:03:08
000723.SZ,2026-06-27 23:03:10
000725.SZ,2026-06-27 23:03:11
000728.SZ,2026-06-27 23:03:15
000729.SZ,2026-06-27 23:03:16
000733.SZ,2026-06-27 23:03:18
000737.SZ,2026-06-27 23:03:21
000738.SZ,2026-06-27 23:03:24
000739.SZ,2026-06-27 23:03:26
000750.SZ,2026-06-27 23:03:29
000758.SZ,2026-06-27 23:03:30
000762.SZ,2026-06-27 23:03:32
000766.SZ,2026-06-27 23:03:33
000767.SZ,2026-06-27 23:03:34
000768.SZ,2026-06-27 23:03:36
000776.SZ,2026-06-27 23:03:37
000778.SZ,2026-06-27 23:03:39
000783.SZ,2026-06-27 23:03:42
000785.SZ,2026-06-27 23:03:44
000786.SZ,2026-06-27 23:03:47
000791.SZ,2026-06-27 23:03:50
000800.SZ,2026-06-27 23:03:52
000807.SZ,2026-06-27 23:03:53
000811.SZ,2026-06-27 23:03:55
000825.SZ,2026-06-27 23:03:56
000830.SZ,2026-06-27 23:03:58
000831.SZ,2026-06-27 23:03:59
000858.SZ,2026-06-27 23:04:01
000875.SZ,2026-06-27 23:04:04
000876.SZ,2026-06-27 23:04:06
000877.SZ,2026-06-27 23:04:07
000878.SZ,2026-06-27 23:04:10
000883.SZ,2026-06-27 23:04:11
000887.SZ,2026-06-27 23:04:13
000893.SZ,2026-06-27 23:04:14
000895.SZ,2026-06-27 23:04:16
000898.SZ,2026-06-27 23:04:17
000901.SZ,2026-06-27 23:04:18
000902.SZ,2026-06-27 23:04:20
000921.SZ,2026-06-27 23:04:21
000927.SZ,2026-06-27 23:04:22
000932.SZ,2026-06-27 23:04:25
000933.SZ,2026-06-27 23:04:26
000935.SZ,2026-06-27 23:04:28
000937.SZ,2026-06-27 23:04:29
000938.SZ,2026-06-27 23:04:31
000951.SZ,2026-06-27 23:04:32
000958.SZ,2026-06-27 23:04:34
000959.SZ,2026-06-27 23:04:37
000960.SZ,2026-06-27 23:04:40
000962.SZ,2026-06-27 23:04:43
000963.SZ,2026-06-27 23:04:45
000966.SZ,2026-06-27 23:04:47
000967.SZ,2026-06-27 23:04:49
000969.SZ,2026-06-27 23:04:50
000970.SZ,2026-06-27 23:04:51
000973.SZ,2026-06-27 23:04:53
000975.SZ,2026-06-27 23:04:54
000977.SZ,2026-06-27 23:04:56
000981.SZ,2026-06-27 23:04:58
000983.SZ,2026-06-27 23:05:00
000987.SZ,2026-06-27 23:05:01
000988.SZ,2026-06-27 23:05:03
000997.SZ,2026-06-27 23:05:04
000999.SZ,2026-06-27 23:05:06
001696.SZ,2026-06-27 23:05:07
001872.SZ,2026-06-27 23:05:09
001896.SZ,2026-06-27 23:05:11
001965.SZ,2026-06-27 23:05:12
001979.SZ,2026-06-27 23:05:14
002001.SZ,2026-06-27 23:05:15
002007.SZ,2026-06-27 23:05:17
002008.SZ,2026-06-27 23:05:18
002010.SZ,2026-06-27 23:05:20
002015.SZ,2026-06-27 23:05:21
002025.SZ,2026-06-27 23:05:23
002027.SZ,2026-06-27 23:05:25
002028.SZ,2026-06-27 23:05:27
002032.SZ,2026-06-27 23:05:28
002044.SZ,2026-06-27 23:05:30
002046.SZ,2026-06-27 23:05:32
002048.SZ,2026-06-27 23:05:34
002049.SZ,2026-06-27 23:05:35
002050.SZ,2026-06-27 23:05:37
002051.SZ,2026-06-27 23:05:39
002056.SZ,2026-06-27 23:05:40
002064.SZ,2026-06-27 23:05:42
002065.SZ,2026-06-27 23:05:44
002074.SZ,2026-06-27 23:05:45
002078.SZ,2026-06-27 23:05:47
002080.SZ,2026-06-27 23:05:48
002081.SZ,2026-06-27 23:05:50
002085.SZ,2026-06-27 23:05:52
002120.SZ,2026-06-27 23:05:54
002126.SZ,2026-06-27 23:05:57
002128.SZ,2026-06-27 23:05:58
002129.SZ,2026-06-27 23:06:01
002130.SZ,2026-06-27 23:06:03
002131.SZ,2026-06-27 23:06:05
002138.SZ,2026-06-27 23:06:07
002142.SZ,2026-06-27 23:06:08
002145.SZ,2026-06-27 23:06:10
002149.SZ,2026-06-27 23:06:11
002151.SZ,2026-06-27 23:06:12
002152.SZ,2026-06-27 23:06:14
002155.SZ,2026-06-27 23:06:19
002156.SZ,2026-06-27 23:06:22
002157.SZ,2026-06-27 23:06:24
002158.SZ,2026-06-27 23:06:27
002171.SZ,2026-06-27 23:06:30
002176.SZ,2026-06-27 23:06:33
002179.SZ,2026-06-27 23:06:36
002180.SZ,2026-06-27 23:06:38
002181.SZ,2026-06-27 23:06:40
002183.SZ,2026-06-27 23:06:43
002185.SZ,2026-06-27 23:06:45
002192.SZ,2026-06-27 23:06:49
002195.SZ,2026-06-27 23:06:52
002202.SZ,2026-06-27 23:06:54
002203.SZ,2026-06-27 23:06:57
002208.SZ,2026-06-27 23:06:59
002222.SZ,2026-06-27 23:07:02
002223.SZ,2026-06-27 23:07:04
002230.SZ,2026-06-27 23:07:06
002236.SZ,2026-06-27 23:07:09
002237.SZ,2026-06-27 23:07:11
002240.SZ,2026-06-27 23:07:13
002241.SZ,2026-06-27 23:07:16
002244.SZ,2026-06-27 23:07:18
002245.SZ,2026-06-27 23:07:21
002249.SZ,2026-06-27 23:07:24
002252.SZ,2026-06-27 23:07:26
002254.SZ,2026-06-27 23:07:29
002261.SZ,2026-06-27 23:07:31
002262.SZ,2026-06-27 23:07:33
002265.SZ,2026-06-27 23:07:36
002266.SZ,2026-06-27 23:07:38
002270.SZ,2026-06-27 23:07:40
002271.SZ,2026-06-27 23:07:42
002273.SZ,2026-06-27 23:07:45
002281.SZ,2026-06-27 23:07:47
002290.SZ,2026-06-27 23:07:50
002294.SZ,2026-06-27 23:07:52
002297.SZ,2026-06-27 23:07:54
002299.SZ,2026-06-27 23:07:56
002304.SZ,2026-06-27 23:07:58
002311.SZ,2026-06-27 23:08:00
002312.SZ,2026-06-27 23:08:02
002317.SZ,2026-06-27 23:08:04
002318.SZ,2026-06-27 23:08:06
002320.SZ,2026-06-27 23:08:08
002326.SZ,2026-06-27 23:08:10
002335.SZ,2026-06-27 23:08:13
002340.SZ,2026-06-27 23:08:15
002352.SZ,2026-06-27 23:08:16
002353.SZ,2026-06-27 23:08:18
002364.SZ,2026-06-27 23:08:20
002371.SZ,2026-06-27 23:08:22
002372.SZ,2026-06-27 23:08:24
002378.SZ,2026-06-27 23:08:26
002379.SZ,2026-06-27 23:08:29
002384.SZ,2026-06-27 23:08:32
002389.SZ,2026-06-27 23:08:35
002396.SZ,2026-06-27 23:08:38
002402.SZ,2026-06-27 23:08:41
002405.SZ,2026-06-27 23:08:44
002407.SZ,2026-06-27 23:08:47
002408.SZ,2026-06-27 23:08:49
002409.SZ,2026-06-27 23:08:52
002410.SZ,2026-06-27 23:08:55
002413.SZ,2026-06-27 23:08:58
002414.SZ,2026-06-27 23:09:00
002415.SZ,2026-06-27 23:09:03
002416.SZ,2026-06-27 23:09:06
002422.SZ,2026-06-27 23:09:09
002423.SZ,2026-06-27 23:09:12
002428.SZ,2026-06-27 23:09:14
002429.SZ,2026-06-27 23:09:17
002430.SZ,2026-06-27 23:09:20
002432.SZ,2026-06-27 23:09:23
002436.SZ,2026-06-27 23:09:25
002444.SZ,2026-06-27 23:09:28
002456.SZ,2026-06-27 23:09:31
002459.SZ,2026-06-27 23:09:33
002460.SZ,2026-06-27 23:09:36
002461.SZ,2026-06-27 23:09:38
002463.SZ,2026-06-27 23:09:41
002465.SZ,2026-06-27 23:09:44
002466.SZ,2026-06-27 23:09:46
002468.SZ,2026-06-27 23:09:49
002472.SZ,2026-06-27 23:09:51
002475.SZ,2026-06-27 23:09:54
002484.SZ,2026-06-27 23:09:56
002487.SZ,2026-06-27 23:09:59
002491.SZ,2026-06-27 23:10:02
002493.SZ,2026-06-27 23:10:04
002497.SZ,2026-06-27 23:10:07
002498.SZ,2026-06-27 23:10:12
002500.SZ,2026-06-27 23:10:15
002506.SZ,2026-06-27 23:10:18
002507.SZ,2026-06-27 23:10:21
002508.SZ,2026-06-27 23:10:24
002517.SZ,2026-06-27 23:10:27
002518.SZ,2026-06-27 23:10:30
002531.SZ,2026-06-27 23:10:32
002532.SZ,2026-06-27 23:10:35
002534.SZ,2026-06-27 23:10:38
002536.SZ,2026-06-27 23:10:40
002544.SZ,2026-06-27 23:10:43
002545.SZ,2026-06-27 23:10:45
002552.SZ,2026-06-27 23:10:48
002555.SZ,2026-06-27 23:10:51
002558.SZ,2026-06-27 23:10:53
002565.SZ,2026-06-27 23:10:56
002568.SZ,2026-06-27 23:10:59
002594.SZ,2026-06-27 23:11:02
002595.SZ,2026-06-27 23:11:05
002600.SZ,2026-06-27 23:11:08
002601.SZ,2026-06-27 23:11:11
002603.SZ,2026-06-27 23:11:14
002608.SZ,2026-06-27 23:11:17
002611.SZ,2026-06-27 23:11:20
002617.SZ,2026-06-27 23:11:24
002624.SZ,2026-06-27 23:11:27
002625.SZ,2026-06-27 23:11:30
002636.SZ,2026-06-27 23:11:33
002643.SZ,2026-06-27 23:11:36
002645.SZ,2026-06-27 23:11:39
002648.SZ,2026-06-27 23:11:41
002653.SZ,2026-06-27 23:11:43
002654.SZ,2026-06-27 23:11:46
002670.SZ,2026-06-27 23:11:48
002673.SZ,2026-06-27 23:11:50
002683.SZ,2026-06-27 23:11:52
002709.SZ,2026-06-27 23:11:56
002714.SZ,2026-06-27 23:11:58
002716.SZ,2026-06-27 23:12:02
002733.SZ,2026-06-27 23:12:05
002736.SZ,2026-06-27 23:12:08
002738.SZ,2026-06-27 23:12:12
002739.SZ,2026-06-27 23:12:15
002741.SZ,2026-06-27 23:12:18
002747.SZ,2026-06-27 23:12:21
002756.SZ,2026-06-27 23:12:24
002759.SZ,2026-06-27 23:12:27
002768.SZ,2026-06-27 23:12:31
002773.SZ,2026-06-27 23:12:35
002779.SZ,2026-06-27 23:12:39
002797.SZ,2026-06-27 23:12:41
002812.SZ,2026-06-27 23:12:44
002815.SZ,2026-06-27 23:12:47
002821.SZ,2026-06-27 23:12:49
002831.SZ,2026-06-27 23:12:52
002837.SZ,2026-06-27 23:12:55
002838.SZ,2026-06-27 23:12:57
002841.SZ,2026-06-27 23:13:00
002850.SZ,2026-06-27 23:13:02
002851.SZ,2026-06-27 23:13:05
002859.SZ,2026-06-27 23:13:07
002865.SZ,2026-06-27 23:13:09
002867.SZ,2026-06-27 23:13:11
002895.SZ,2026-06-27 23:13:13
002896.SZ,2026-06-27 23:13:15
002897.SZ,2026-06-27 23:13:17
002906.SZ,2026-06-27 23:13:20
002911.SZ,2026-06-27 23:13:22
002913.SZ,2026-06-27 23:13:25
002916.SZ,2026-06-27 23:13:27
002920.SZ,2026-06-27 23:13:29
002922.SZ,2026-06-27 23:13:32
002925.SZ,2026-06-27 23:13:34
002926.SZ,2026-06-27 23:13:36
002929.SZ,2026-06-27 23:13:38
002938.SZ,2026-06-27 23:13:40
002939.SZ,2026-06-27 23:13:42
002945.SZ,2026-06-27 23:13:44
002946.SZ,2026-06-27 23:13:46
002947.SZ,2026-06-27 23:13:48
002948.SZ,2026-06-27 23:13:50
002958.SZ,2026-06-27 23:13:52
300001.SZ,2026-06-27 23:13:54
300002.SZ,2026-06-27 23:13:56
300003.SZ,2026-06-27 23:13:58
300005.SZ,2026-06-27 23:14:00
300012.SZ,2026-06-27 23:14:02
300014.SZ,2026-06-27 23:14:04
300015.SZ,2026-06-27 23:14:06
300017.SZ,2026-06-27 23:14:08
300024.SZ,2026-06-27 23:14:10
300033.SZ,2026-06-27 23:14:12
300034.SZ,2026-06-27 23:14:14
300037.SZ,2026-06-27 23:14:16
300054.SZ,2026-06-27 23:14:18
300058.SZ,2026-06-27 23:14:19
300059.SZ,2026-06-27 23:14:21
300073.SZ,2026-06-27 23:14:23
300083.SZ,2026-06-27 23:14:24
300085.SZ,2026-06-27 23:14:27
300088.SZ,2026-06-27 23:14:29
300100.SZ,2026-06-27 23:14:32
300102.SZ,2026-06-27 23:14:34
300115.SZ,2026-06-27 23:14:37
300122.SZ,2026-06-27 23:14:39
300124.SZ,2026-06-27 23:14:41
300131.SZ,2026-06-27 23:14:43
300136.SZ,2026-06-27 23:14:44
300142.SZ,2026-06-27 23:14:47
300144.SZ,2026-06-27 23:14:49
300166.SZ,2026-06-27 23:14:51
300170.SZ,2026-06-27 23:14:53
300179.SZ,2026-06-27 23:14:55
300184.SZ,2026-06-27 23:14:57
300199.SZ,2026-06-27 23:14:59
300201.SZ,2026-06-27 23:15:01
300207.SZ,2026-06-27 23:15:04
300209.SZ,2026-06-27 23:15:06
300223.SZ,2026-06-27 23:15:08
300229.SZ,2026-06-27 23:15:10
300236.SZ,2026-06-27 23:15:12
300251.SZ,2026-06-27 23:15:14
300253.SZ,2026-06-27 23:15:17
300255.SZ,2026-06-27 23:15:19
300257.SZ,2026-06-27 23:15:21
300260.SZ,2026-06-27 23:15:25
300263.SZ,2026-06-27 23:15:27
300274.SZ,2026-06-27 23:15:30
300285.SZ,2026-06-27 23:15:33
300296.SZ,2026-06-27 23:15:36
300302.SZ,2026-06-27 23:15:39
300304.SZ,2026-06-27 23:15:42
300308.SZ,2026-06-27 23:15:45
300316.SZ,2026-06-27 23:15:48
300319.SZ,2026-06-27 23:15:51
300323.SZ,2026-06-27 23:15:54
300328.SZ,2026-06-27 23:15:57
300331.SZ,2026-06-27 23:16:00
300339.SZ,2026-06-27 23:16:03
300342.SZ,2026-06-27 23:16:06
300346.SZ,2026-06-27 23:16:08
300347.SZ,2026-06-27 23:16:11
300364.SZ,2026-06-27 23:16:15
300373.SZ,2026-06-27 23:16:18
300383.SZ,2026-06-27 23:16:22
300390.SZ,2026-06-27 23:16:26
300394.SZ,2026-06-27 23:16:30
300395.SZ,2026-06-27 23:16:33
300398.SZ,2026-06-27 23:16:36
300408.SZ,2026-06-27 23:16:40
300409.SZ,2026-06-27 23:16:44
300413.SZ,2026-06-27 23:16:46
300418.SZ,2026-06-27 23:16:49
300432.SZ,2026-06-27 23:16:52
300433.SZ,2026-06-27 23:16:55
300438.SZ,2026-06-27 23:16:58
300442.SZ,2026-06-27 23:17:01
300450.SZ,2026-06-27 23:17:04
300454.SZ,2026-06-27 23:17:06
300455.SZ,2026-06-27 23:17:08
300456.SZ,2026-06-27 23:17:10
300457.SZ,2026-06-27 23:17:12
300458.SZ,2026-06-27 23:17:14
300468.SZ,2026-06-27 23:17:16
300469.SZ,2026-06-27 23:17:19
300474.SZ,2026-06-27 23:17:22
300475.SZ,2026-06-27 23:17:25
300476.SZ,2026-06-27 23:17:28
300487.SZ,2026-06-27 23:17:31
300489.SZ,2026-06-27 23:17:34
300496.SZ,2026-06-27 23:17:38
300498.SZ,2026-06-27 23:17:42
300502.SZ,2026-06-27 23:17:45
300503.SZ,2026-06-27 23:17:48
300548.SZ,2026-06-27 23:17:51
300558.SZ,2026-06-27 23:17:53
300567.SZ,2026-06-27 23:17:55
300568.SZ,2026-06-27 23:17:57
300570.SZ,2026-06-27 23:18:00
300593.SZ,2026-06-27 23:18:02
300602.SZ,2026-06-27 23:18:04
300604.SZ,2026-06-27 23:18:06
300613.SZ,2026-06-27 23:18:08
300620.SZ,2026-06-27 23:18:10
300623.SZ,2026-06-27 23:18:11
300627.SZ,2026-06-27 23:18:13
300628.SZ,2026-06-27 23:18:15
300655.SZ,2026-06-27 23:18:17
300657.SZ,2026-06-27 23:18:19
300660.SZ,2026-06-27 23:18:20
300661.SZ,2026-06-27 23:18:22
300666.SZ,2026-06-27 23:18:24
300672.SZ,2026-06-27 23:18:26
300676.SZ,2026-06-27 23:18:28
300677.SZ,2026-06-27 23:18:30
300679.SZ,2026-06-27 23:18:31
300699.SZ,2026-06-27 23:18:33
300718.SZ,2026-06-27 23:18:35
300720.SZ,2026-06-27 23:18:36
300723.SZ,2026-06-27 23:18:38
300724.SZ,2026-06-27 23:18:40
300726.SZ,2026-06-27 23:18:42
300735.SZ,2026-06-27 23:18:43
300738.SZ,2026-06-27 23:18:45
300747.SZ,2026-06-27 23:18:47
300748.SZ,2026-06-27 23:18:49
300750.SZ,2026-06-27 23:18:51
300751.SZ,2026-06-27 23:18:53
300757.SZ,2026-06-27 23:18:56
300759.SZ,2026-06-27 23:18:58
300760.SZ,2026-06-27 23:19:01
300762.SZ,2026-06-27 23:19:03
300763.SZ,2026-06-27 23:19:05
300765.SZ,2026-06-27 23:19:06
300769.SZ,2026-06-27 23:19:08
300773.SZ,2026-06-27 23:19:10
300776.SZ,2026-06-27 23:19:12
600000.SH,2026-06-27 23:19:14
600004.SH,2026-06-27 23:19:15
600007.SH,2026-06-27 23:19:17
600008.SH,2026-06-27 23:19:19
600009.SH,2026-06-27 23:19:21
600010.SH,2026-06-27 23:19:22
600011.SH,2026-06-27 23:19:24
600012.SH,2026-06-27 23:19:26
600015.SH,2026-06-27 23:19:27
600016.SH,2026-06-27 23:19:29
600018.SH,2026-06-27 23:19:31
600019.SH,2026-06-27 23:19:32
600021.SH,2026-06-27 23:19:34
600022.SH,2026-06-27 23:19:36
600023.SH,2026-06-27 23:19:38
600025.SH,2026-06-27 23:19:39
600026.SH,2026-06-27 23:19:41
600027.SH,2026-06-27 23:19:43
600028.SH,2026-06-27 23:19:45
600029.SH,2026-06-27 23:19:46
600030.SH,2026-06-27 23:19:48
600031.SH,2026-06-27 23:19:50
600036.SH,2026-06-27 23:19:51
600038.SH,2026-06-27 23:19:53
600039.SH,2026-06-27 23:19:55
600048.SH,2026-06-27 23:19:56
600050.SH,2026-06-27 23:19:58
600056.SH,2026-06-27 23:19:59
600060.SH,2026-06-27 23:20:01
600061.SH,2026-06-27 23:20:03
600062.SH,2026-06-27 23:20:04
600063.SH,2026-06-27 23:20:06
600064.SH,2026-06-27 23:20:07
600066.SH,2026-06-27 23:20:09
600085.SH,2026-06-27 23:20:10
600089.SH,2026-06-27 23:20:12
600095.SH,2026-06-27 23:20:14
600096.SH,2026-06-27 23:20:15
600098.SH,2026-06-27 23:20:17
600100.SH,2026-06-27 23:20:18
600104.SH,2026-06-27 23:20:20
600105.SH,2026-06-27 23:20:22
600109.SH,2026-06-27 23:20:23
600110.SH,2026-06-27 23:20:25
600111.SH,2026-06-27 23:20:27
600113.SH,2026-06-27 23:20:28
600114.SH,2026-06-27 23:20:30
600115.SH,2026-06-27 23:20:31
600118.SH,2026-06-27 23:20:33
600120.SH,2026-06-27 23:20:35
600126.SH,2026-06-27 23:20:36
600131.SH,2026-06-27 23:20:38
600132.SH,2026-06-27 23:20:40
600141.SH,2026-06-27 23:20:41
600143.SH,2026-06-27 23:20:43
600150.SH,2026-06-27 23:20:45
600151.SH,2026-06-27 23:20:47
600153.SH,2026-06-27 23:20:49
600157.SH,2026-06-27 23:20:50
600160.SH,2026-06-27 23:20:52
600161.SH,2026-06-27 23:20:54
600166.SH,2026-06-27 23:20:56
600167.SH,2026-06-27 23:20:58
600170.SH,2026-06-27 23:20:59
600171.SH,2026-06-27 23:21:01
600172.SH,2026-06-27 23:21:03
600176.SH,2026-06-27 23:21:05
600177.SH,2026-06-27 23:21:07
600179.SH,2026-06-27 23:21:09
600183.SH,2026-06-27 23:21:11
600184.SH,2026-06-27 23:21:13
600186.SH,2026-06-27 23:21:15
600188.SH,2026-06-27 23:21:17
600196.SH,2026-06-27 23:21:19
600201.SH,2026-06-27 23:21:21
600206.SH,2026-06-27 23:21:23
600208.SH,2026-06-27 23:21:25
600219.SH,2026-06-27 23:21:27
600221.SH,2026-06-27 23:21:29
600226.SH,2026-06-27 23:21:31
600233.SH,2026-06-27 23:21:34
600236.SH,2026-06-27 23:21:36
600246.SH,2026-06-27 23:21:37
600256.SH,2026-06-27 23:21:39
600258.SH,2026-06-27 23:21:41
600259.SH,2026-06-27 23:21:42
600271.SH,2026-06-27 23:21:44
600276.SH,2026-06-27 23:21:46
600282.SH,2026-06-27 23:21:48
600295.SH,2026-06-27 23:21:49
600298.SH,2026-06-27 23:21:51
600299.SH,2026-06-27 23:21:53
600301.SH,2026-06-27 23:21:55
600309.SH,2026-06-27 23:21:57
600312.SH,2026-06-27 23:21:59
600316.SH,2026-06-27 23:22:00
600320.SH,2026-06-27 23:22:02
600323.SH,2026-06-27 23:22:04
600329.SH,2026-06-27 23:22:06
600330.SH,2026-06-27 23:22:08
600331.SH,2026-06-27 23:22:10
600332.SH,2026-06-27 23:22:12
600338.SH,2026-06-27 23:22:14
600339.SH,2026-06-27 23:22:16
600343.SH,2026-06-27 23:22:17
600346.SH,2026-06-27 23:22:19
600348.SH,2026-06-27 23:22:21
600350.SH,2026-06-27 23:22:23
600352.SH,2026-06-27 23:22:25
600353.SH,2026-06-27 23:22:26
600361.SH,2026-06-27 23:22:28
600362.SH,2026-06-27 23:22:30
600363.SH,2026-06-27 23:22:32
600366.SH,2026-06-27 23:22:34
600367.SH,2026-06-27 23:22:36
600369.SH,2026-06-27 23:22:38
600372.SH,2026-06-27 23:22:39
600377.SH,2026-06-27 23:22:41
600378.SH,2026-06-27 23:22:43
600380.SH,2026-06-27 23:22:44
600388.SH,2026-06-27 23:22:46
600390.SH,2026-06-27 23:22:47
600392.SH,2026-06-27 23:22:49
600396.SH,2026-06-27 23:22:51
600397.SH,2026-06-27 23:22:53
600398.SH,2026-06-27 23:22:55
600403.SH,2026-06-27 23:22:56
600406.SH,2026-06-27 23:22:58
600409.SH,2026-06-27 23:23:00
600410.SH,2026-06-27 23:23:02
600415.SH,2026-06-27 23:23:04
600416.SH,2026-06-27 23:23:06
600418.SH,2026-06-27 23:23:08
600426.SH,2026-06-27 23:23:10
600428.SH,2026-06-27 23:23:11
600435.SH,2026-06-27 23:23:13
600436.SH,2026-06-27 23:23:15
600438.SH,2026-06-27 23:23:17
600452.SH,2026-06-27 23:23:19
600456.SH,2026-06-27 23:23:21
600458.SH,2026-06-27 23:23:23
600459.SH,2026-06-27 23:23:25
600460.SH,2026-06-27 23:23:27
600475.SH,2026-06-27 23:23:29
600482.SH,2026-06-27 23:23:30
600483.SH,2026-06-27 23:23:32
600486.SH,2026-06-27 23:23:34
600487.SH,2026-06-27 23:23:36
600489.SH,2026-06-27 23:23:38
600490.SH,2026-06-27 23:23:40
600497.SH,2026-06-27 23:23:41
600498.SH,2026-06-27 23:23:43
600499.SH,2026-06-27 23:23:45
600500.SH,2026-06-27 23:23:47
600511.SH,2026-06-27 23:23:49
600515.SH,2026-06-27 23:23:50
600516.SH,2026-06-27 23:23:52
600517.SH,2026-06-27 23:23:54
600518.SH,2026-06-27 23:23:56
600519.SH,2026-06-27 23:23:58
600521.SH,2026-06-27 23:24:00
600522.SH,2026-06-27 23:24:01
600528.SH,2026-06-27 23:24:03
600531.SH,2026-06-27 23:24:05
600535.SH,2026-06-27 23:24:07
600536.SH,2026-06-27 23:24:09
600546.SH,2026-06-27 23:24:11
600547.SH,2026-06-27 23:24:12
600548.SH,2026-06-27 23:24:14
600549.SH,2026-06-27 23:24:16
600550.SH,2026-06-27 23:24:18
600552.SH,2026-06-27 23:24:21
600562.SH,2026-06-27 23:24:23
600563.SH,2026-06-27 23:24:26
600566.SH,2026-06-27 23:24:28
600570.SH,2026-06-27 23:24:30
600575.SH,2026-06-27 23:24:32
600577.SH,2026-06-27 23:24:33
600578.SH,2026-06-27 23:24:35
600580.SH,2026-06-27 23:24:37
600582.SH,2026-06-27 23:24:38
600583.SH,2026-06-27 23:24:40
600584.SH,2026-06-27 23:24:42
600585.SH,2026-06-27 23:24:43
600588.SH,2026-06-27 23:24:45
600589.SH,2026-06-27 23:24:47
600595.SH,2026-06-27 23:24:48
600596.SH,2026-06-27 23:24:50
600598.SH,2026-06-27 23:24:52
600600.SH,2026-06-27 23:24:53
600601.SH,2026-06-27 23:24:55
600602.SH,2026-06-27 23:24:57
600606.SH,2026-06-27 23:24:59
600621.SH,2026-06-27 23:25:01
600623.SH,2026-06-27 23:25:03
600629.SH,2026-06-27 23:25:05
600633.SH,2026-06-27 23:25:06
600637.SH,2026-06-27 23:25:08
600641.SH,2026-06-27 23:25:10
600642.SH,2026-06-27 23:25:12
600651.SH,2026-06-27 23:25:13
600655.SH,2026-06-27 23:25:15
600660.SH,2026-06-27 23:25:17
600663.SH,2026-06-27 23:25:19
600667.SH,2026-06-27 23:25:20
600673.SH,2026-06-27 23:25:22
600674.SH,2026-06-27 23:25:24
600675.SH,2026-06-27 23:25:25
600685.SH,2026-06-27 23:25:27
600688.SH,2026-06-27 23:25:28
600690.SH,2026-06-27 23:25:30
600699.SH,2026-06-27 23:25:31
600703.SH,2026-06-27 23:25:32
600704.SH,2026-06-27 23:25:34
600707.SH,2026-06-27 23:25:35
600710.SH,2026-06-27 23:25:36
600726.SH,2026-06-27 23:25:38
600732.SH,2026-06-27 23:25:39
600733.SH,2026-06-27 23:25:40
600737.SH,2026-06-27 23:25:41
600739.SH,2026-06-27 23:25:43
600741.SH,2026-06-27 23:25:44
600744.SH,2026-06-27 23:25:45
600750.SH,2026-06-27 23:25:46
600754.SH,2026-06-27 23:25:48
600760.SH,2026-06-27 23:25:49
600761.SH,2026-06-27 23:25:50
600763.SH,2026-06-27 23:25:51
600764.SH,2026-06-27 23:25:52
600765.SH,2026-06-27 23:25:54
600773.SH,2026-06-27 23:25:55
600776.SH,2026-06-27 23:25:56
600779.SH,2026-06-27 23:25:57
600783.SH,2026-06-27 23:25:58
600795.SH,2026-06-27 23:26:00
600801.SH,2026-06-27 23:26:01
600803.SH,2026-06-27 23:26:02
600808.SH,2026-06-27 23:26:03
600809.SH,2026-06-27 23:26:04
600816.SH,2026-06-27 23:26:06
600820.SH,2026-06-27 23:26:07
600821.SH,2026-06-27 23:26:08
600835.SH,2026-06-27 23:26:09
600839.SH,2026-06-27 23:26:10
600845.SH,2026-06-27 23:26:11
600848.SH,2026-06-27 23:26:13
600862.SH,2026-06-27 23:26:14
600863.SH,2026-06-27 23:26:15
600867.SH,2026-06-27 23:26:17
600869.SH,2026-06-27 23:26:18
600871.SH,2026-06-27 23:26:19
600872.SH,2026-06-27 23:26:20
600873.SH,2026-06-27 23:26:21
600875.SH,2026-06-27 23:26:23
600877.SH,2026-06-27 23:26:24
600879.SH,2026-06-27 23:26:25
600884.SH,2026-06-27 23:26:27
600885.SH,2026-06-27 23:26:29
600886.SH,2026-06-27 23:26:30
600887.SH,2026-06-27 23:26:31
600888.SH,2026-06-27 23:26:33
600893.SH,2026-06-27 23:26:35
600895.SH,2026-06-27 23:26:36
600900.SH,2026-06-27 23:26:38
600901.SH,2026-06-27 23:26:39
600909.SH,2026-06-27 23:26:41
600919.SH,2026-06-27 23:26:42
600926.SH,2026-06-27 23:26:44
600928.SH,2026-06-27 23:26:45
600933.SH,2026-06-27 23:26:47
600958.SH,2026-06-27 23:26:49
600959.SH,2026-06-27 23:26:51
600961.SH,2026-06-27 23:26:52
600967.SH,2026-06-27 23:26:54
600970.SH,2026-06-27 23:26:56
600977.SH,2026-06-27 23:26:57
600985.SH,2026-06-27 23:26:59
600988.SH,2026-06-27 23:27:01
600989.SH,2026-06-27 23:27:02
600995.SH,2026-06-27 23:27:04
600998.SH,2026-06-27 23:27:05
600999.SH,2026-06-27 23:27:07
601000.SH,2026-06-27 23:27:09
601001.SH,2026-06-27 23:27:12
601006.SH,2026-06-27 23:27:15
601009.SH,2026-06-27 23:27:18
601012.SH,2026-06-27 23:27:20
601016.SH,2026-06-27 23:27:23
601018.SH,2026-06-27 23:27:25
601019.SH,2026-06-27 23:27:27
601020.SH,2026-06-27 23:27:28
601021.SH,2026-06-27 23:27:30
601058.SH,2026-06-27 23:27:31
601066.SH,2026-06-27 23:27:33
601069.SH,2026-06-27 23:27:35
601088.SH,2026-06-27 23:27:36
601098.SH,2026-06-27 23:27:38
601099.SH,2026-06-27 23:27:40
601100.SH,2026-06-27 23:27:41
601101.SH,2026-06-27 23:27:43
601106.SH,2026-06-27 23:27:45
601108.SH,2026-06-27 23:27:46
601111.SH,2026-06-27 23:27:47
601117.SH,2026-06-27 23:27:48
601118.SH,2026-06-27 23:27:50
601126.SH,2026-06-27 23:27:51
601127.SH,2026-06-27 23:27:52
601128.SH,2026-06-27 23:27:54
601137.SH,2026-06-27 23:27:55
601138.SH,2026-06-27 23:27:57
601139.SH,2026-06-27 23:27:58
601155.SH,2026-06-27 23:28:00
601158.SH,2026-06-27 23:28:01
601162.SH,2026-06-27 23:28:02
601166.SH,2026-06-27 23:28:04
601168.SH,2026-06-27 23:28:05
601169.SH,2026-06-27 23:28:06
601179.SH,2026-06-27 23:28:08
601186.SH,2026-06-27 23:28:09
601208.SH,2026-06-27 23:28:10
601211.SH,2026-06-27 23:28:11
601212.SH,2026-06-27 23:28:13
601216.SH,2026-06-27 23:28:14
601225.SH,2026-06-27 23:28:15
601228.SH,2026-06-27 23:28:17
601229.SH,2026-06-27 23:28:18
601231.SH,2026-06-27 23:28:19
601233.SH,2026-06-27 23:28:21
601238.SH,2026-06-27 23:28:22
601288.SH,2026-06-27 23:28:23
601298.SH,2026-06-27 23:28:25
601318.SH,2026-06-27 23:28:26
601319.SH,2026-06-27 23:28:28
601326.SH,2026-06-27 23:28:29
601328.SH,2026-06-27 23:28:30
601333.SH,2026-06-27 23:28:32
601336.SH,2026-06-27 23:28:33
601360.SH,2026-06-27 23:28:34
601369.SH,2026-06-27 23:28:36
601375.SH,2026-06-27 23:28:37
601377.SH,2026-06-27 23:28:39
601390.SH,2026-06-27 23:28:40
601398.SH,2026-06-27 23:28:42
601519.SH,2026-06-27 23:28:43
601555.SH,2026-06-27 23:28:44
601567.SH,2026-06-27 23:28:46
601577.SH,2026-06-27 23:28:47
601598.SH,2026-06-27 23:28:48
601600.SH,2026-06-27 23:28:50
601601.SH,2026-06-27 23:28:51
601606.SH,2026-06-27 23:28:52
601607.SH,2026-06-27 23:28:54
601608.SH,2026-06-27 23:28:55
601611.SH,2026-06-27 23:28:56
601615.SH,2026-06-27 23:28:57
601618.SH,2026-06-27 23:28:59
601628.SH,2026-06-27 23:29:00
601633.SH,2026-06-27 23:29:01
601636.SH,2026-06-27 23:29:03
601666.SH,2026-06-27 23:29:04
601668.SH,2026-06-27 23:29:05
601669.SH,2026-06-27 23:29:07
601677.SH,2026-06-27 23:29:08
601688.SH,2026-06-27 23:29:10
601689.SH,2026-06-27 23:29:11
601699.SH,2026-06-27 23:29:12
601717.SH,2026-06-27 23:29:14
601727.SH,2026-06-27 23:29:15
601766.SH,2026-06-27 23:29:16
601777.SH,2026-06-27 23:29:18
601788.SH,2026-06-27 23:29:19
601799.SH,2026-06-27 23:29:21
601800.SH,2026-06-27 23:29:22
601808.SH,2026-06-27 23:29:23
601818.SH,2026-06-27 23:29:24
601838.SH,2026-06-27 23:29:26
601857.SH,2026-06-27 23:29:27
601858.SH,2026-06-27 23:29:28
601865.SH,2026-06-27 23:29:30
601866.SH,2026-06-27 23:29:31
601869.SH,2026-06-27 23:29:32
601872.SH,2026-06-27 23:29:33
601877.SH,2026-06-27 23:29:34
601878.SH,2026-06-27 23:29:36
601880.SH,2026-06-27 23:29:37
601881.SH,2026-06-27 23:29:38
601888.SH,2026-06-27 23:29:40
601898.SH,2026-06-27 23:29:41
601899.SH,2026-06-27 23:29:42
601901.SH,2026-06-27 23:29:44
601918.SH,2026-06-27 23:29:46
601919.SH,2026-06-27 23:29:48
601928.SH,2026-06-27 23:29:49
601933.SH,2026-06-27 23:29:51
601939.SH,2026-06-27 23:29:53
601958.SH,2026-06-27 23:29:54
601965.SH,2026-06-27 23:29:56
601966.SH,2026-06-27 23:29:58
601969.SH,2026-06-27 23:29:59
601975.SH,2026-06-27 23:30:01
601985.SH,2026-06-27 23:30:03
601988.SH,2026-06-27 23:30:04
601990.SH,2026-06-27 23:30:05
601991.SH,2026-06-27 23:30:07
601997.SH,2026-06-27 23:30:08
601998.SH,2026-06-27 23:30:10
603000.SH,2026-06-27 23:30:11
603002.SH,2026-06-27 23:30:13
603005.SH,2026-06-27 23:30:14
603009.SH,2026-06-27 23:30:16
603011.SH,2026-06-27 23:30:17
603019.SH,2026-06-27 23:30:18
603025.SH,2026-06-27 23:30:20
603026.SH,2026-06-27 23:30:21
603031.SH,2026-06-27 23:30:22
603039.SH,2026-06-27 23:30:23
603063.SH,2026-06-27 23:30:24
603067.SH,2026-06-27 23:30:26
603077.SH,2026-06-27 23:30:27
603078.SH,2026-06-27 23:30:28
603083.SH,2026-06-27 23:30:30
603127.SH,2026-06-27 23:30:31
603129.SH,2026-06-27 23:30:32
603156.SH,2026-06-27 23:30:33
603160.SH,2026-06-27 23:30:35
603179.SH,2026-06-27 23:30:36
603186.SH,2026-06-27 23:30:37
603198.SH,2026-06-27 23:30:39
603203.SH,2026-06-27 23:30:40
603225.SH,2026-06-27 23:30:41
603226.SH,2026-06-27 23:30:43
603228.SH,2026-06-27 23:30:44
603233.SH,2026-06-27 23:30:46
603259.SH,2026-06-27 23:30:47
603260.SH,2026-06-27 23:30:48
603267.SH,2026-06-27 23:30:50
603283.SH,2026-06-27 23:30:51
603288.SH,2026-06-27 23:30:52
603297.SH,2026-06-27 23:30:53
603298.SH,2026-06-27 23:30:55
603301.SH,2026-06-27 23:30:56
603303.SH,2026-06-27 23:30:57
603305.SH,2026-06-27 23:30:59
603306.SH,2026-06-27 23:31:00
603308.SH,2026-06-27 23:31:01
603317.SH,2026-06-27 23:31:03
603328.SH,2026-06-27 23:31:04
603337.SH,2026-06-27 23:31:05
603338.SH,2026-06-27 23:31:06
603345.SH,2026-06-27 23:31:08
603355.SH,2026-06-27 23:31:09
603358.SH,2026-06-27 23:31:11
603360.SH,2026-06-27 23:31:12
603369.SH,2026-06-27 23:31:13
603379.SH,2026-06-27 23:31:15
603444.SH,2026-06-27 23:31:16
603486.SH,2026-06-27 23:31:17
603501.SH,2026-06-27 23:31:18
603505.SH,2026-06-27 23:31:20
603515.SH,2026-06-27 23:31:21
603516.SH,2026-06-27 23:31:22
603568.SH,2026-06-27 23:31:23
603588.SH,2026-06-27 23:31:25
603596.SH,2026-06-27 23:31:26
603601.SH,2026-06-27 23:31:27
603605.SH,2026-06-27 23:31:28
603606.SH,2026-06-27 23:31:29
603618.SH,2026-06-27 23:31:31
603629.SH,2026-06-27 23:31:32
603638.SH,2026-06-27 23:31:33
603650.SH,2026-06-27 23:31:35
603658.SH,2026-06-27 23:31:36
603659.SH,2026-06-27 23:31:37
603663.SH,2026-06-27 23:31:39
603667.SH,2026-06-27 23:31:40
603678.SH,2026-06-27 23:31:41
603688.SH,2026-06-27 23:31:42
603698.SH,2026-06-27 23:31:44
603699.SH,2026-06-27 23:31:45
603728.SH,2026-06-27 23:31:46
603730.SH,2026-06-27 23:31:48
603733.SH,2026-06-27 23:31:49
603737.SH,2026-06-27 23:31:50
603738.SH,2026-06-27 23:31:52
603766.SH,2026-06-27 23:31:53
603773.SH,2026-06-27 23:31:54
603799.SH,2026-06-27 23:31:56
603800.SH,2026-06-27 23:31:57
603806.SH,2026-06-27 23:31:58
603816.SH,2026-06-27 23:32:00
603823.SH,2026-06-27 23:32:01
603826.SH,2026-06-27 23:32:02
603833.SH,2026-06-27 23:32:03
603858.SH,2026-06-27 23:32:04
603868.SH,2026-06-27 23:32:06
603871.SH,2026-06-27 23:32:07
603876.SH,2026-06-27 23:32:08
603881.SH,2026-06-27 23:32:09
603885.SH,2026-06-27 23:32:10
603899.SH,2026-06-27 23:32:12
603906.SH,2026-06-27 23:32:13
603920.SH,2026-06-27 23:32:14
603929.SH,2026-06-27 23:32:15
603936.SH,2026-06-27 23:32:16
603938.SH,2026-06-27 23:32:17
603939.SH,2026-06-27 23:32:19
603979.SH,2026-06-27 23:32:20
603986.SH,2026-06-27 23:32:21
603993.SH,2026-06-27 23:32:22
603997.SH,2026-06-27 23:32:23
