date,sample_count
2010-04-09,259
2010-04-12,405
2010-04-13,458
2010-04-14,478
2010-04-15,469
2010-04-16,471
2010-04-19,497
2010-04-20,488
2010-04-21,496
2010-04-22,491
2010-04-23,487
2010-04-26,496
2010-04-27,491
2010-04-28,496
2010-04-29,497
2010-04-30,506
2010-05-04,511
2010-05-05,508
2010-05-06,504
2010-05-07,503
2010-05-10,503
2010-05-11,506
2010-05-12,507
2010-05-13,509
2010-05-14,503
2010-05-17,508
2010-05-18,487
2010-05-19,511
2010-05-20,505
2010-05-21,511
2010-05-24,513
2010-05-25,509
2010-05-26,511
2010-05-27,509
2010-05-28,502
2010-05-31,519
2010-06-01,522
2010-06-02,522
2010-06-03,515
2010-06-04,517
2010-06-07,520
2010-06-08,518
2010-06-09,521
2010-06-10,514
2010-06-11,518
2010-06-17,504
2010-06-18,499
2010-06-21,518
2010-06-22,510
2010-06-23,514
2010-06-24,521
2010-06-25,513
2010-06-28,507
2010-06-29,517
2010-06-30,517
2010-07-01,527
2010-07-02,526
2010-07-05,523
2010-07-06,525
2010-07-07,526
2010-07-08,525
2010-07-09,521
2010-07-12,526
2010-07-13,528
2010-07-14,528
2010-07-15,525
2010-07-16,523
2010-07-19,528
2010-07-20,528
2010-07-21,527
2010-07-22,525
2010-07-23,524
2010-07-26,520
2010-07-27,521
2010-07-28,515
2010-07-29,518
2010-07-30,521
2010-08-02,527
2010-08-03,533
2010-08-04,530
2010-08-05,528
2010-08-06,528
2010-08-09,526
2010-08-10,525
2010-08-11,528
2010-08-12,525
2010-08-13,525
2010-08-16,519
2010-08-17,528
2010-08-18,527
2010-08-19,526
2010-08-20,532
2010-08-23,531
2010-08-24,535
2010-08-25,533
2010-08-26,538
2010-08-27,530
2010-08-30,528
2010-08-31,545
2010-09-01,545
2010-09-02,539
2010-09-03,540
2010-09-06,542
2010-09-07,542
2010-09-08,537
2010-09-09,545
2010-09-10,544
2010-09-13,542
2010-09-14,547
2010-09-15,539
2010-09-16,545
2010-09-17,546
2010-09-20,542
2010-09-21,548
2010-09-27,541
2010-09-28,548
2010-09-29,547
2010-09-30,554
2010-10-08,555
2010-10-11,554
2010-10-12,552
2010-10-13,549
2010-10-14,549
2010-10-15,547
2010-10-18,547
2010-10-19,547
2010-10-20,550
2010-10-21,553
2010-10-22,551
2010-10-25,547
2010-10-26,547
2010-10-27,545
2010-10-28,547
2010-10-29,553
2010-11-01,554
2010-11-02,556
2010-11-03,555
2010-11-04,554
2010-11-05,555
2010-11-08,545
2010-11-09,551
2010-11-10,548
2010-11-11,543
2010-11-12,548
2010-11-15,551
2010-11-16,548
2010-11-17,553
2010-11-18,550
2010-11-19,558
2010-11-22,556
2010-11-23,553
2010-11-24,561
2010-11-25,562
2010-11-26,558
2010-11-29,561
2010-11-30,564
2010-12-01,565
2010-12-02,561
2010-12-03,556
2010-12-06,557
2010-12-07,564
2010-12-08,566
2010-12-09,567
2010-12-10,561
2010-12-13,563
2010-12-14,574
2010-12-15,561
2010-12-16,570
2010-12-17,570
2010-12-20,569
2010-12-21,570
2010-12-22,568
2010-12-23,565
2010-12-24,573
2010-12-27,560
2010-12-28,563
2010-12-29,567
2010-12-30,567
2010-12-31,577
2011-01-04,579
2011-01-05,579
2011-01-06,576
2011-01-07,575
2011-01-10,577
2011-01-11,580
2011-01-12,583
2011-01-13,582
2011-01-14,580
2011-01-17,581
2011-01-18,577
2011-01-19,586
2011-01-20,581
2011-01-21,583
2011-01-24,582
2011-01-25,581
2011-01-26,582
2011-01-27,582
2011-01-28,583
2011-01-31,585
2011-02-01,590
2011-02-09,590
2011-02-10,588
2011-02-11,586
2011-02-14,587
2011-02-15,576
2011-02-16,585
2011-02-17,589
2011-02-18,576
2011-02-21,583
2011-02-22,583
2011-02-23,581
2011-02-24,588
2011-02-25,584
2011-02-28,583
2011-03-01,592
2011-03-02,591
2011-03-03,592
2011-03-04,591
2011-03-07,587
2011-03-08,590
2011-03-09,593
2011-03-10,588
2011-03-11,585
2011-03-14,586
2011-03-15,593
2011-03-16,591
2011-03-17,594
2011-03-18,587
2011-03-21,588
2011-03-22,591
2011-03-23,592
2011-03-24,592
2011-03-25,581
2011-03-28,576
2011-03-29,589
2011-03-30,590
2011-03-31,581
2011-04-01,583
2011-04-06,583
2011-04-07,584
2011-04-08,576
2011-04-11,590
2011-04-12,584
2011-04-13,590
2011-04-14,588
2011-04-15,575
2011-04-18,586
2011-04-19,587
2011-04-20,584
2011-04-21,588
2011-04-22,574
2011-04-25,587
2011-04-26,590
2011-04-27,597
2011-04-28,588
2011-04-29,592
2011-05-03,603
2011-05-04,598
2011-05-05,596
2011-05-06,592
2011-05-09,592
2011-05-10,584
2011-05-11,603
2011-05-12,597
2011-05-13,595
2011-05-16,594
2011-05-17,597
2011-05-18,578
2011-05-19,601
2011-05-20,580
2011-05-23,606
2011-05-24,608
2011-05-25,594
2011-05-26,599
2011-05-27,602
2011-05-30,599
2011-05-31,601
2011-06-01,612
2011-06-02,612
2011-06-03,608
2011-06-07,609
2011-06-08,602
2011-06-09,603
2011-06-10,606
2011-06-13,615
2011-06-14,615
2011-06-15,611
2011-06-16,610
2011-06-17,610
2011-06-20,611
2011-06-21,612
2011-06-22,616
2011-06-23,614
2011-06-24,603
2011-06-27,606
2011-06-28,609
2011-06-29,596
2011-06-30,597
2011-07-01,608
2011-07-04,607
2011-07-05,611
2011-07-06,615
2011-07-07,617
2011-07-08,623
2011-07-11,616
2011-07-12,622
2011-07-13,617
2011-07-14,618
2011-07-15,620
2011-07-18,616
2011-07-19,621
2011-07-20,619
2011-07-21,616
2011-07-22,623
2011-07-25,624
2011-07-26,625
2011-07-27,625
2011-07-28,625
2011-07-29,623
2011-08-01,621
2011-08-02,625
2011-08-03,623
2011-08-04,626
2011-08-05,620
2011-08-08,618
2011-08-09,629
2011-08-10,628
2011-08-11,623
2011-08-12,618
2011-08-15,620
2011-08-16,622
2011-08-17,615
2011-08-18,618
2011-08-19,618
2011-08-22,622
2011-08-23,620
2011-08-24,626
2011-08-25,622
2011-08-26,625
2011-08-29,627
2011-08-30,627
2011-08-31,625
2011-09-01,628
2011-09-02,622
2011-09-05,622
2011-09-06,622
2011-09-07,628
2011-09-08,623
2011-09-09,621
2011-09-13,623
2011-09-14,625
2011-09-15,623
2011-09-16,620
2011-09-19,627
2011-09-20,623
2011-09-21,630
2011-09-22,623
2011-09-23,627
2011-09-26,625
2011-09-27,624
2011-09-28,628
2011-09-29,630
2011-09-30,629
2011-10-10,628
2011-10-11,630
2011-10-12,626
2011-10-13,632
2011-10-14,625
2011-10-17,626
2011-10-18,625
2011-10-19,627
2011-10-20,629
2011-10-21,632
2011-10-24,635
2011-10-25,630
2011-10-26,626
2011-10-27,628
2011-10-28,630
2011-10-31,628
2011-11-01,632
2011-11-02,632
2011-11-03,629
2011-11-04,629
2011-11-07,625
2011-11-08,627
2011-11-09,626
2011-11-10,623
2011-11-11,626
2011-11-14,624
2011-11-15,626
2011-11-16,634
2011-11-17,633
2011-11-18,631
2011-11-21,630
2011-11-22,633
2011-11-23,639
2011-11-24,644
2011-11-25,641
2011-11-28,640
2011-11-29,639
2011-11-30,630
2011-12-01,633
2011-12-02,642
2011-12-05,640
2011-12-06,641
2011-12-07,643
2011-12-08,637
2011-12-09,639
2011-12-12,642
2011-12-13,645
2011-12-14,646
2011-12-15,640
2011-12-16,639
2011-12-19,641
2011-12-20,642
2011-12-21,638
2011-12-22,638
2011-12-23,640
2011-12-26,637
2011-12-27,648
2011-12-28,633
2011-12-29,632
2011-12-30,637
2012-01-04,647
2012-01-05,640
2012-01-06,644
2012-01-09,645
2012-01-10,648
2012-01-11,646
2012-01-12,637
2012-01-13,642
2012-01-16,618
2012-01-17,637
2012-01-18,647
2012-01-19,646
2012-01-20,647
2012-01-30,641
2012-01-31,642
2012-02-01,647
2012-02-02,644
2012-02-03,639
2012-02-06,642
2012-02-07,641
2012-02-08,641
2012-02-09,643
2012-02-10,643
2012-02-13,647
2012-02-14,646
2012-02-15,646
2012-02-16,647
2012-02-17,646
2012-02-20,646
2012-02-21,649
2012-02-22,651
2012-02-23,647
2012-02-24,647
2012-02-27,645
2012-02-28,645
2012-02-29,650
2012-03-01,651
2012-03-02,649
2012-03-05,649
2012-03-06,646
2012-03-07,652
2012-03-08,653
2012-03-09,644
2012-03-12,645
2012-03-13,650
2012-03-14,653
2012-03-15,646
2012-03-16,647
2012-03-19,651
2012-03-20,646
2012-03-21,647
2012-03-22,649
2012-03-23,652
2012-03-26,647
2012-03-27,655
2012-03-28,649
2012-03-29,651
2012-03-30,647
2012-04-05,655
2012-04-06,650
2012-04-09,650
2012-04-10,644
2012-04-11,652
2012-04-12,642
2012-04-13,652
2012-04-16,651
2012-04-17,646
2012-04-18,641
2012-04-19,639
2012-04-20,635
2012-04-23,639
2012-04-24,653
2012-04-25,649
2012-04-26,642
2012-04-27,635
2012-05-02,652
2012-05-03,653
2012-05-04,659
2012-05-07,653
2012-05-08,642
2012-05-09,656
2012-05-10,652
2012-05-11,653
2012-05-14,660
2012-05-15,649
2012-05-16,648
2012-05-17,657
2012-05-18,632
2012-05-21,661
2012-05-22,657
2012-05-23,659
2012-05-24,663
2012-05-25,645
2012-05-28,665
2012-05-29,659
2012-05-30,655
2012-05-31,664
2012-06-01,668
2012-06-04,666
2012-06-05,661
2012-06-06,657
2012-06-07,665
2012-06-08,658
2012-06-11,669
2012-06-12,666
2012-06-13,671
2012-06-14,674
2012-06-15,657
2012-06-18,664
2012-06-19,670
2012-06-20,664
2012-06-21,667
2012-06-25,654
2012-06-26,662
2012-06-27,661
2012-06-28,658
2012-06-29,653
2012-07-02,674
2012-07-03,675
2012-07-04,670
2012-07-05,672
2012-07-06,667
2012-07-09,674
2012-07-10,674
2012-07-11,675
2012-07-12,678
2012-07-13,679
2012-07-16,680
2012-07-17,679
2012-07-18,680
2012-07-19,680
2012-07-20,681
2012-07-23,679
2012-07-24,679
2012-07-25,679
2012-07-26,680
2012-07-27,681
2012-07-30,682
2012-07-31,682
2012-08-01,684
2012-08-02,683
2012-08-03,686
2012-08-06,684
2012-08-07,682
2012-08-08,682
2012-08-09,684
2012-08-10,684
2012-08-13,683
2012-08-14,683
2012-08-15,683
2012-08-16,683
2012-08-17,683
2012-08-20,683
2012-08-21,685
2012-08-22,685
2012-08-23,683
2012-08-24,684
2012-08-27,685
2012-08-28,685
2012-08-29,685
2012-08-30,685
2012-08-31,685
2012-09-03,684
2012-09-04,687
2012-09-05,687
2012-09-06,686
2012-09-07,689
2012-09-10,687
2012-09-11,687
2012-09-12,690
2012-09-13,690
2012-09-14,687
2012-09-17,689
2012-09-18,689
2012-09-19,688
2012-09-20,689
2012-09-21,689
2012-09-24,688
2012-09-25,687
2012-09-26,686
2012-09-27,686
2012-09-28,687
2012-10-08,684
2012-10-09,686
2012-10-10,691
2012-10-11,691
2012-10-12,691
2012-10-15,691
2012-10-16,693
2012-10-17,694
2012-10-18,693
2012-10-19,695
2012-10-22,694
2012-10-23,696
2012-10-24,695
2012-10-25,692
2012-10-26,695
2012-10-29,695
2012-10-30,696
2012-10-31,693
2012-11-01,694
2012-11-02,698
2012-11-05,694
2012-11-06,694
2012-11-07,696
2012-11-08,697
2012-11-09,697
2012-11-12,700
2012-11-13,701
2012-11-14,703
2012-11-15,704
2012-11-16,704
2012-11-19,702
2012-11-20,701
2012-11-21,701
2012-11-22,699
2012-11-23,697
2012-11-26,698
2012-11-27,697
2012-11-28,698
2012-11-29,695
2012-11-30,696
2012-12-03,693
2012-12-04,694
2012-12-05,695
2012-12-06,696
2012-12-07,693
2012-12-10,690
2012-12-11,692
2012-12-12,692
2012-12-13,689
2012-12-14,692
2012-12-17,692
2012-12-18,692
2012-12-19,691
2012-12-20,695
2012-12-21,696
2012-12-24,696
2012-12-25,695
2012-12-26,693
2012-12-27,692
2012-12-28,690
2012-12-31,694
2013-01-04,696
2013-01-07,693
2013-01-08,692
2013-01-09,695
2013-01-10,693
2013-01-11,693
2013-01-14,693
2013-01-15,694
2013-01-16,691
2013-01-17,693
2013-01-18,695
2013-01-21,697
2013-01-22,697
2013-01-23,697
2013-01-24,699
2013-01-25,696
2013-01-28,694
2013-01-29,693
2013-01-30,696
2013-01-31,698
2013-02-01,699
2013-02-04,699
2013-02-05,699
2013-02-06,698
2013-02-07,699
2013-02-08,700
2013-02-18,698
2013-02-19,698
2013-02-20,696
2013-02-21,698
2013-02-22,696
2013-02-25,697
2013-02-26,697
2013-02-27,696
2013-02-28,697
2013-03-01,698
2013-03-04,697
2013-03-05,699
2013-03-06,698
2013-03-07,697
2013-03-08,698
2013-03-11,698
2013-03-12,698
2013-03-13,697
2013-03-14,697
2013-03-15,696
2013-03-18,699
2013-03-19,702
2013-03-20,701
2013-03-21,701
2013-03-22,701
2013-03-25,699
2013-03-26,699
2013-03-27,700
2013-03-28,699
2013-03-29,696
2013-04-01,698
2013-04-02,698
2013-04-03,695
2013-04-08,692
2013-04-09,692
2013-04-10,689
2013-04-11,688
2013-04-12,693
2013-04-15,694
2013-04-16,694
2013-04-17,693
2013-04-18,690
2013-04-19,687
2013-04-22,686
2013-04-23,688
2013-04-24,689
2013-04-25,692
2013-04-26,694
2013-05-02,691
2013-05-03,695
2013-05-06,694
2013-05-07,693
2013-05-08,694
2013-05-09,693
2013-05-10,697
2013-05-13,694
2013-05-14,695
2013-05-15,695
2013-05-16,695
2013-05-17,696
2013-05-20,690
2013-05-21,690
2013-05-22,691
2013-05-23,689
2013-05-24,688
2013-05-27,686
2013-05-28,685
2013-05-29,688
2013-05-30,689
2013-05-31,687
2013-06-03,684
2013-06-04,685
2013-06-05,685
2013-06-06,686
2013-06-07,684
2013-06-13,684
2013-06-14,686
2013-06-17,684
2013-06-18,688
2013-06-19,689
2013-06-20,686
2013-06-21,689
2013-06-24,690
2013-06-25,688
2013-06-26,687
2013-06-27,687
2013-06-28,687
2013-07-01,689
2013-07-02,692
2013-07-03,691
2013-07-04,687
2013-07-05,684
2013-07-08,686
2013-07-09,685
2013-07-10,685
2013-07-11,687
2013-07-12,686
2013-07-15,683
2013-07-16,680
2013-07-17,681
2013-07-18,680
2013-07-19,684
2013-07-22,681
2013-07-23,683
2013-07-24,683
2013-07-25,685
2013-07-26,687
2013-07-29,686
2013-07-30,685
2013-07-31,686
2013-08-01,687
2013-08-02,688
2013-08-05,687
2013-08-06,683
2013-08-07,685
2013-08-08,684
2013-08-09,684
2013-08-12,682
2013-08-13,679
2013-08-14,682
2013-08-15,680
2013-08-16,681
2013-08-19,680
2013-08-20,686
2013-08-21,686
2013-08-22,685
2013-08-23,688
2013-08-26,688
2013-08-27,686
2013-08-28,682
2013-08-29,682
2013-08-30,686
2013-09-02,684
2013-09-03,687
2013-09-04,686
2013-09-05,686
2013-09-06,685
2013-09-09,686
2013-09-10,688
2013-09-11,685
2013-09-12,686
2013-09-13,683
2013-09-16,681
2013-09-17,683
2013-09-18,681
2013-09-23,679
2013-09-24,682
2013-09-25,681
2013-09-26,685
2013-09-27,686
2013-09-30,686
2013-10-08,687
2013-10-09,686
2013-10-10,688
2013-10-11,687
2013-10-14,685
2013-10-15,685
2013-10-16,683
2013-10-17,685
2013-10-18,685
2013-10-21,685
2013-10-22,683
2013-10-23,685
2013-10-24,684
2013-10-25,684
2013-10-28,685
2013-10-29,685
2013-10-30,686
2013-10-31,684
2013-11-01,683
2013-11-04,686
2013-11-05,687
2013-11-06,687
2013-11-07,687
2013-11-08,689
2013-11-11,687
2013-11-12,689
2013-11-13,689
2013-11-14,686
2013-11-15,685
2013-11-18,683
2013-11-19,684
2013-11-20,687
2013-11-21,687
2013-11-22,685
2013-11-25,689
2013-11-26,690
2013-11-27,689
2013-11-28,687
2013-11-29,687
2013-12-02,688
2013-12-03,690
2013-12-04,687
2013-12-05,689
2013-12-06,688
2013-12-09,687
2013-12-10,690
2013-12-11,692
2013-12-12,692
2013-12-13,692
2013-12-16,690
2013-12-17,690
2013-12-18,688
2013-12-19,691
2013-12-20,693
2013-12-23,690
2013-12-24,694
2013-12-25,696
2013-12-26,697
2013-12-27,697
2013-12-30,697
2013-12-31,697
2014-01-02,698
2014-01-03,696
2014-01-06,695
2014-01-07,693
2014-01-08,691
2014-01-09,693
2014-01-10,694
2014-01-13,694
2014-01-14,695
2014-01-15,695
2014-01-16,696
2014-01-17,695
2014-01-20,695
2014-01-21,695
2014-01-22,696
2014-01-23,695
2014-01-24,695
2014-01-27,695
2014-01-28,694
2014-01-29,692
2014-01-30,696
2014-02-07,696
2014-02-10,696
2014-02-11,695
2014-02-12,695
2014-02-13,694
2014-02-14,693
2014-02-17,691
2014-02-18,691
2014-02-19,690
2014-02-20,689
2014-02-21,692
2014-02-24,691
2014-02-25,693
2014-02-26,693
2014-02-27,690
2014-02-28,689
2014-03-03,686
2014-03-04,687
2014-03-05,687
2014-03-06,685
2014-03-07,687
2014-03-10,688
2014-03-11,686
2014-03-12,687
2014-03-13,685
2014-03-14,686
2014-03-17,688
2014-03-18,690
2014-03-19,688
2014-03-20,683
2014-03-21,686
2014-03-24,684
2014-03-25,684
2014-03-26,684
2014-03-27,681
2014-03-28,685
2014-03-31,681
2014-04-01,679
2014-04-02,680
2014-04-03,685
2014-04-04,685
2014-04-08,680
2014-04-09,677
2014-04-10,680
2014-04-11,679
2014-04-14,678
2014-04-15,672
2014-04-16,671
2014-04-17,672
2014-04-18,673
2014-04-21,672
2014-04-22,672
2014-04-23,675
2014-04-24,677
2014-04-25,677
2014-04-28,673
2014-04-29,670
2014-04-30,675
2014-05-05,671
2014-05-06,670
2014-05-07,676
2014-05-08,673
2014-05-09,673
2014-05-12,672
2014-05-13,671
2014-05-14,670
2014-05-15,672
2014-05-16,673
2014-05-19,671
2014-05-20,674
2014-05-21,672
2014-05-22,673
2014-05-23,673
2014-05-26,675
2014-05-27,679
2014-05-28,678
2014-05-29,676
2014-05-30,675
2014-06-03,673
2014-06-04,674
2014-06-05,673
2014-06-06,673
2014-06-09,668
2014-06-10,675
2014-06-11,675
2014-06-12,671
2014-06-13,672
2014-06-16,670
2014-06-17,675
2014-06-18,671
2014-06-19,669
2014-06-20,669
2014-06-23,667
2014-06-24,666
2014-06-25,665
2014-06-26,663
2014-06-27,664
2014-06-30,666
2014-07-01,668
2014-07-02,670
2014-07-03,668
2014-07-04,667
2014-07-07,670
2014-07-08,670
2014-07-09,671
2014-07-10,673
2014-07-11,672
2014-07-14,666
2014-07-15,667
2014-07-16,668
2014-07-17,666
2014-07-18,665
2014-07-21,664
2014-07-22,663
2014-07-23,664
2014-07-24,669
2014-07-25,674
2014-07-28,675
2014-07-29,674
2014-07-30,672
2014-07-31,673
2014-08-01,672
2014-08-04,672
2014-08-05,672
2014-08-06,673
2014-08-07,672
2014-08-08,671
2014-08-11,671
2014-08-12,669
2014-08-13,668
2014-08-14,669
2014-08-15,671
2014-08-18,671
2014-08-19,673
2014-08-20,674
2014-08-21,674
2014-08-22,674
2014-08-25,672
2014-08-26,673
2014-08-27,674
2014-08-28,672
2014-08-29,671
2014-09-01,671
2014-09-02,670
2014-09-03,674
2014-09-04,671
2014-09-05,676
2014-09-09,672
2014-09-10,674
2014-09-11,673
2014-09-12,674
2014-09-15,671
2014-09-16,672
2014-09-17,672
2014-09-18,673
2014-09-19,672
2014-09-22,668
2014-09-23,668
2014-09-24,670
2014-09-25,672
2014-09-26,673
2014-09-29,671
2014-09-30,678
2014-10-08,676
2014-10-09,677
2014-10-10,676
2014-10-13,674
2014-10-14,675
2014-10-15,674
2014-10-16,672
2014-10-17,671
2014-10-20,668
2014-10-21,666
2014-10-22,668
2014-10-23,667
2014-10-24,669
2014-10-27,668
2014-10-28,668
2014-10-29,665
2014-10-30,665
2014-10-31,669
2014-11-03,672
2014-11-04,671
2014-11-05,673
2014-11-06,673
2014-11-07,671
2014-11-10,670
2014-11-11,672
2014-11-12,673
2014-11-13,671
2014-11-14,672
2014-11-17,670
2014-11-18,672
2014-11-19,669
2014-11-20,664
2014-11-21,665
2014-11-24,668
2014-11-25,670
2014-11-26,670
2014-11-27,668
2014-11-28,672
2014-12-01,669
2014-12-02,672
2014-12-03,671
2014-12-04,669
2014-12-05,672
2014-12-08,668
2014-12-09,669
2014-12-10,672
2014-12-11,668
2014-12-12,673
2014-12-15,676
2014-12-16,678
2014-12-17,677
2014-12-18,673
2014-12-19,672
2014-12-22,670
2014-12-23,671
2014-12-24,669
2014-12-25,667
2014-12-26,670
2014-12-29,665
2014-12-30,673
2014-12-31,676
2015-01-05,675
2015-01-06,675
2015-01-07,678
2015-01-08,678
2015-01-09,679
2015-01-12,679
2015-01-13,678
2015-01-14,680
2015-01-15,677
2015-01-16,681
2015-01-19,679
2015-01-20,678
2015-01-21,677
2015-01-22,672
2015-01-23,669
2015-01-26,667
2015-01-27,667
2015-01-28,667
2015-01-29,672
2015-01-30,674
2015-02-02,673
2015-02-03,676
2015-02-04,676
2015-02-05,674
2015-02-06,676
2015-02-09,678
2015-02-10,680
2015-02-11,683
2015-02-12,684
2015-02-13,685
2015-02-16,684
2015-02-17,687
2015-02-25,685
2015-02-26,685
2015-02-27,685
2015-03-02,684
2015-03-03,682
2015-03-04,682
2015-03-05,679
2015-03-06,681
2015-03-09,676
2015-03-10,680
2015-03-11,684
2015-03-12,682
2015-03-13,680
2015-03-16,679
2015-03-17,676
2015-03-18,678
2015-03-19,678
2015-03-20,677
2015-03-23,674
2015-03-24,674
2015-03-25,674
2015-03-26,669
2015-03-27,671
2015-03-30,662
2015-03-31,665
2015-04-01,664
2015-04-02,664
2015-04-03,669
2015-04-07,662
2015-04-08,667
2015-04-09,665
2015-04-10,666
2015-04-13,664
2015-04-14,665
2015-04-15,662
2015-04-16,660
2015-04-17,665
2015-04-20,668
2015-04-21,668
2015-04-22,664
2015-04-23,662
2015-04-24,663
2015-04-27,663
2015-04-28,669
2015-04-29,679
2015-04-30,677
2015-05-04,676
2015-05-05,673
2015-05-06,676
2015-05-07,678
2015-05-08,678
2015-05-11,679
2015-05-12,679
2015-05-13,676
2015-05-14,673
2015-05-15,675
2015-05-18,676
2015-05-19,670
2015-05-20,668
2015-05-21,672
2015-05-22,667
2015-05-25,658
2015-05-26,668
2015-05-27,667
2015-05-28,661
2015-05-29,660
2015-06-01,659
2015-06-02,655
2015-06-03,659
2015-06-04,658
2015-06-05,659
2015-06-08,652
2015-06-09,660
2015-06-10,658
2015-06-11,656
2015-06-12,652
2015-06-15,650
2015-06-16,655
2015-06-17,655
2015-06-18,656
2015-06-19,661
2015-06-23,664
2015-06-24,665
2015-06-25,668
2015-06-26,669
2015-06-29,666
2015-06-30,663
2015-07-01,666
2015-07-02,660
2015-07-03,650
2015-07-06,635
2015-07-07,583
2015-07-08,453
2015-07-09,423
2015-07-10,444
2015-07-13,545
2015-07-14,595
2015-07-15,617
2015-07-16,626
2015-07-17,631
2015-07-20,647
2015-07-21,651
2015-07-22,660
2015-07-23,661
2015-07-24,664
2015-07-27,661
2015-07-28,663
2015-07-29,667
2015-07-30,667
2015-07-31,668
2015-08-03,666
2015-08-04,665
2015-08-05,668
2015-08-06,662
2015-08-07,665
2015-08-10,663
2015-08-11,664
2015-08-12,662
2015-08-13,664
2015-08-14,667
2015-08-17,667
2015-08-18,666
2015-08-19,668
2015-08-20,666
2015-08-21,665
2015-08-24,665
2015-08-25,669
2015-08-26,671
2015-08-27,669
2015-08-28,673
2015-08-31,667
2015-09-01,666
2015-09-02,669
2015-09-07,669
2015-09-08,677
2015-09-09,677
2015-09-10,679
2015-09-11,680
2015-09-14,678
2015-09-15,680
2015-09-16,685
2015-09-17,683
2015-09-18,686
2015-09-21,689
2015-09-22,691
2015-09-23,683
2015-09-24,684
2015-09-25,686
2015-09-28,687
2015-09-29,688
2015-09-30,694
2015-10-08,695
2015-10-09,694
2015-10-12,690
2015-10-13,689
2015-10-14,691
2015-10-15,683
2015-10-16,681
2015-10-19,675
2015-10-20,677
2015-10-21,678
2015-10-22,684
2015-10-23,687
2015-10-26,692
2015-10-27,692
2015-10-28,693
2015-10-29,696
2015-10-30,698
2015-11-02,699
2015-11-03,700
2015-11-04,701
2015-11-05,700
2015-11-06,700
2015-11-09,701
2015-11-10,703
2015-11-11,707
2015-11-12,709
2015-11-13,710
2015-11-16,709
2015-11-17,710
2015-11-18,712
2015-11-19,711
2015-11-20,709
2015-11-23,713
2015-11-24,717
2015-11-25,718
2015-11-26,715
2015-11-27,716
2015-11-30,716
2015-12-01,717
2015-12-02,716
2015-12-03,716
2015-12-04,717
2015-12-07,719
2015-12-08,721
2015-12-09,721
2015-12-10,722
2015-12-11,721
2015-12-14,728
2015-12-15,733
2015-12-16,734
2015-12-17,734
2015-12-18,732
2015-12-21,730
2015-12-22,729
2015-12-23,729
2015-12-24,728
2015-12-25,738
2015-12-28,739
2015-12-29,735
2015-12-30,732
2015-12-31,735
2016-01-04,737
2016-01-05,739
2016-01-06,739
2016-01-07,738
2016-01-08,733
2016-01-11,734
2016-01-12,736
2016-01-13,737
2016-01-14,739
2016-01-15,740
2016-01-18,741
2016-01-19,742
2016-01-20,744
2016-01-21,742
2016-01-22,741
2016-01-25,743
2016-01-26,741
2016-01-27,739
2016-01-28,742
2016-01-29,741
2016-02-01,742
2016-02-02,740
2016-02-03,740
2016-02-04,736
2016-02-05,737
2016-02-15,737
2016-02-16,735
2016-02-17,737
2016-02-18,735
2016-02-19,735
2016-02-22,733
2016-02-23,734
2016-02-24,733
2016-02-25,733
2016-02-26,734
2016-02-29,732
2016-03-01,733
2016-03-02,737
2016-03-03,737
2016-03-04,736
2016-03-07,735
2016-03-08,733
2016-03-09,731
2016-03-10,731
2016-03-11,735
2016-03-14,735
2016-03-15,735
2016-03-16,737
2016-03-17,736
2016-03-18,734
2016-03-21,735
2016-03-22,735
2016-03-23,738
2016-03-24,735
2016-03-25,729
2016-03-28,725
2016-03-29,724
2016-03-30,722
2016-03-31,725
2016-04-01,723
2016-04-05,720
2016-04-06,722
2016-04-07,718
2016-04-08,721
2016-04-11,726
2016-04-12,726
2016-04-13,728
2016-04-14,730
2016-04-15,729
2016-04-18,728
2016-04-19,728
2016-04-20,725
2016-04-21,722
2016-04-22,726
2016-04-25,728
2016-04-26,728
2016-04-27,726
2016-04-28,728
2016-04-29,726
2016-05-03,730
2016-05-04,732
2016-05-05,732
2016-05-06,733
2016-05-09,729
2016-05-10,728
2016-05-11,729
2016-05-12,728
2016-05-13,730
2016-05-16,730
2016-05-17,728
2016-05-18,727
2016-05-19,726
2016-05-20,727
2016-05-23,731
2016-05-24,733
2016-05-25,732
2016-05-26,733
2016-05-27,733
2016-05-30,736
2016-05-31,739
2016-06-01,740
2016-06-02,741
2016-06-03,742
2016-06-06,742
2016-06-07,743
2016-06-08,742
2016-06-13,740
2016-06-14,743
2016-06-15,745
2016-06-16,743
2016-06-17,744
2016-06-20,738
2016-06-21,740
2016-06-22,741
2016-06-23,743
2016-06-24,744
2016-06-27,745
2016-06-28,746
2016-06-29,746
2016-06-30,744
2016-07-01,745
2016-07-04,747
2016-07-05,746
2016-07-06,747
2016-07-07,744
2016-07-08,743
2016-07-11,742
2016-07-12,743
2016-07-13,743
2016-07-14,744
2016-07-15,745
2016-07-18,745
2016-07-19,741
2016-07-20,741
2016-07-21,739
2016-07-22,742
2016-07-25,744
2016-07-26,744
2016-07-27,746
2016-07-28,747
2016-07-29,747
2016-08-01,749
2016-08-02,751
2016-08-03,751
2016-08-04,751
2016-08-05,752
2016-08-08,750
2016-08-09,752
2016-08-10,752
2016-08-11,752
2016-08-12,753
2016-08-15,750
2016-08-16,753
2016-08-17,753
2016-08-18,753
2016-08-19,752
2016-08-22,753
2016-08-23,753
2016-08-24,753
2016-08-25,750
2016-08-26,752
2016-08-29,748
2016-08-30,751
2016-08-31,751
2016-09-01,750
2016-09-02,750
2016-09-05,750
2016-09-06,751
2016-09-07,747
2016-09-08,750
2016-09-09,749
2016-09-12,748
2016-09-13,747
2016-09-14,745
2016-09-19,743
2016-09-20,745
2016-09-21,744
2016-09-22,745
2016-09-23,746
2016-09-26,747
2016-09-27,747
2016-09-28,752
2016-09-29,754
2016-09-30,755
2016-10-10,752
2016-10-11,752
2016-10-12,758
2016-10-13,758
2016-10-14,759
2016-10-17,760
2016-10-18,757
2016-10-19,757
2016-10-20,755
2016-10-21,755
2016-10-24,756
2016-10-25,757
2016-10-26,759
2016-10-27,759
2016-10-28,760
2016-10-31,760
2016-11-01,762
2016-11-02,760
2016-11-03,761
2016-11-04,760
2016-11-07,761
2016-11-08,762
2016-11-09,761
2016-11-10,761
2016-11-11,761
2016-11-14,760
2016-11-15,760
2016-11-16,760
2016-11-17,754
2016-11-18,752
2016-11-21,753
2016-11-22,757
2016-11-23,758
2016-11-24,761
2016-11-25,763
2016-11-28,765
2016-11-29,763
2016-11-30,767
2016-12-01,766
2016-12-02,765
2016-12-05,769
2016-12-06,766
2016-12-07,767
2016-12-08,764
2016-12-09,765
2016-12-12,766
2016-12-13,772
2016-12-14,774
2016-12-15,773
2016-12-16,773
2016-12-19,773
2016-12-20,774
2016-12-21,774
2016-12-22,771
2016-12-23,770
2016-12-26,772
2016-12-27,774
2016-12-28,771
2016-12-29,771
2016-12-30,774
2017-01-03,775
2017-01-04,777
2017-01-05,777
2017-01-06,778
2017-01-09,779
2017-01-10,781
2017-01-11,780
2017-01-12,780
2017-01-13,780
2017-01-16,777
2017-01-17,778
2017-01-18,780
2017-01-19,778
2017-01-20,779
2017-01-23,783
2017-01-24,782
2017-01-25,787
2017-01-26,788
2017-02-03,787
2017-02-06,784
2017-02-07,784
2017-02-08,785
2017-02-09,785
2017-02-10,784
2017-02-13,785
2017-02-14,786
2017-02-15,788
2017-02-16,787
2017-02-17,786
2017-02-20,779
2017-02-21,779
2017-02-22,779
2017-02-23,779
2017-02-24,779
2017-02-27,784
2017-02-28,785
2017-03-01,785
2017-03-02,788
2017-03-03,791
2017-03-06,792
2017-03-07,792
2017-03-08,792
2017-03-09,793
2017-03-10,792
2017-03-13,791
2017-03-14,791
2017-03-15,792
2017-03-16,794
2017-03-17,794
2017-03-20,793
2017-03-21,792
2017-03-22,792
2017-03-23,792
2017-03-24,791
2017-03-27,795
2017-03-28,796
2017-03-29,797
2017-03-30,797
2017-03-31,796
2017-04-05,791
2017-04-06,792
2017-04-07,794
2017-04-10,793
2017-04-11,794
2017-04-12,797
2017-04-13,796
2017-04-14,793
2017-04-17,791
2017-04-18,796
2017-04-19,798
2017-04-20,797
2017-04-21,796
2017-04-24,794
2017-04-25,795
2017-04-26,799
2017-04-27,802
2017-04-28,803
2017-05-02,804
2017-05-03,805
2017-05-04,804
2017-05-05,804
2017-05-08,805
2017-05-09,808
2017-05-10,807
2017-05-11,809
2017-05-12,806
2017-05-15,806
2017-05-16,804
2017-05-17,806
2017-05-18,808
2017-05-19,809
2017-05-22,810
2017-05-23,812
2017-05-24,813
2017-05-25,811
2017-05-26,811
2017-05-31,810
2017-06-01,806
2017-06-02,807
2017-06-05,807
2017-06-06,810
2017-06-07,811
2017-06-08,810
2017-06-09,810
2017-06-12,808
2017-06-13,807
2017-06-14,812
2017-06-15,815
2017-06-16,817
2017-06-19,816
2017-06-20,815
2017-06-21,817
2017-06-22,812
2017-06-23,815
2017-06-26,815
2017-06-27,816
2017-06-28,816
2017-06-29,817
2017-06-30,813
2017-07-03,815
2017-07-04,818
2017-07-05,817
2017-07-06,815
2017-07-07,817
2017-07-10,821
2017-07-11,824
2017-07-12,822
2017-07-13,823
2017-07-14,826
2017-07-17,825
2017-07-18,825
2017-07-19,827
2017-07-20,825
2017-07-21,826
2017-07-24,827
2017-07-25,828
2017-07-26,831
2017-07-27,835
2017-07-28,836
2017-07-31,834
2017-08-01,834
2017-08-02,834
2017-08-03,835
2017-08-04,833
2017-08-07,835
2017-08-08,836
2017-08-09,838
2017-08-10,836
2017-08-11,836
2017-08-14,837
2017-08-15,837
2017-08-16,839
2017-08-17,837
2017-08-18,837
2017-08-21,842
2017-08-22,843
2017-08-23,842
2017-08-24,842
2017-08-25,843
2017-08-28,845
2017-08-29,842
2017-08-30,843
2017-08-31,841
2017-09-01,847
2017-09-04,844
2017-09-05,846
2017-09-06,848
2017-09-07,844
2017-09-08,842
2017-09-11,843
2017-09-12,846
2017-09-13,847
2017-09-14,846
2017-09-15,847
2017-09-18,847
2017-09-19,847
2017-09-20,846
2017-09-21,851
2017-09-22,852
2017-09-25,852
2017-09-26,852
2017-09-27,851
2017-09-28,852
2017-09-29,850
2017-10-09,850
2017-10-10,850
2017-10-11,851
2017-10-12,852
2017-10-13,853
2017-10-16,853
2017-10-17,853
2017-10-18,852
2017-10-19,852
2017-10-20,852
2017-10-23,854
2017-10-24,854
2017-10-25,858
2017-10-26,857
2017-10-27,854
2017-10-30,852
2017-10-31,851
2017-11-01,856
2017-11-02,861
2017-11-03,861
2017-11-06,860
2017-11-07,860
2017-11-08,861
2017-11-09,862
2017-11-10,863
2017-11-13,861
2017-11-14,861
2017-11-15,859
2017-11-16,858
2017-11-17,857
2017-11-20,859
2017-11-21,859
2017-11-22,859
2017-11-23,863
2017-11-24,861
2017-11-27,861
2017-11-28,860
2017-11-29,863
2017-11-30,859
2017-12-01,857
2017-12-04,857
2017-12-05,859
2017-12-06,863
2017-12-07,862
2017-12-08,863
2017-12-11,862
2017-12-12,862
2017-12-13,862
2017-12-14,865
2017-12-15,866
2017-12-18,864
2017-12-19,866
2017-12-20,869
2017-12-21,869
2017-12-22,869
2017-12-25,870
2017-12-26,874
2017-12-27,874
2017-12-28,872
2017-12-29,870
2018-01-02,870
2018-01-03,872
2018-01-04,873
2018-01-05,874
2018-01-08,874
2018-01-09,873
2018-01-10,872
2018-01-11,875
2018-01-12,875
2018-01-15,876
2018-01-16,875
2018-01-17,874
2018-01-18,869
2018-01-19,870
2018-01-22,868
2018-01-23,866
2018-01-24,865
2018-01-25,865
2018-01-26,865
2018-01-29,867
2018-01-30,867
2018-01-31,866
2018-02-01,871
2018-02-02,866
2018-02-05,865
2018-02-06,865
2018-02-07,864
2018-02-08,864
2018-02-09,866
2018-02-12,869
2018-02-13,871
2018-02-14,874
2018-02-22,875
2018-02-23,874
2018-02-26,879
2018-02-27,881
2018-02-28,882
2018-03-01,880
2018-03-02,883
2018-03-05,881
2018-03-06,883
2018-03-07,883
2018-03-08,883
2018-03-09,884
2018-03-12,886
2018-03-13,883
2018-03-14,882
2018-03-15,883
2018-03-16,884
2018-03-19,883
2018-03-20,881
2018-03-21,885
2018-03-22,887
2018-03-23,886
2018-03-26,885
2018-03-27,885
2018-03-28,883
2018-03-29,888
2018-03-30,888
2018-04-02,891
2018-04-03,892
2018-04-04,893
2018-04-09,893
2018-04-10,894
2018-04-11,893
2018-04-12,894
2018-04-13,896
2018-04-16,891
2018-04-17,887
2018-04-18,885
2018-04-19,884
2018-04-20,886
2018-04-23,887
2018-04-24,889
2018-04-25,891
2018-04-26,890
2018-04-27,893
2018-05-02,891
2018-05-03,892
2018-05-04,892
2018-05-07,891
2018-05-08,890
2018-05-09,891
2018-05-10,892
2018-05-11,894
2018-05-14,895
2018-05-15,895
2018-05-16,899
2018-05-17,902
2018-05-18,902
2018-05-21,901
2018-05-22,899
2018-05-23,899
2018-05-24,899
2018-05-25,901
2018-05-28,902
2018-05-29,901
2018-05-30,899
2018-05-31,899
2018-06-01,899
2018-06-04,902
2018-06-05,903
2018-06-06,902
2018-06-07,899
2018-06-08,899
2018-06-11,899
2018-06-12,899
2018-06-13,900
2018-06-14,899
2018-06-15,899
2018-06-19,898
2018-06-20,900
2018-06-21,899
2018-06-22,899
2018-06-25,900
2018-06-26,900
2018-06-27,900
2018-06-28,903
2018-06-29,902
2018-07-02,902
2018-07-03,904
2018-07-04,904
2018-07-05,904
2018-07-06,902
2018-07-09,902
2018-07-10,903
2018-07-11,902
2018-07-12,902
2018-07-13,904
2018-07-16,905
2018-07-17,905
2018-07-18,907
2018-07-19,907
2018-07-20,909
2018-07-23,910
2018-07-24,910
2018-07-25,911
2018-07-26,911
2018-07-27,911
2018-07-30,912
2018-07-31,914
2018-08-01,915
2018-08-02,915
2018-08-03,916
2018-08-06,916
2018-08-07,917
2018-08-08,917
2018-08-09,918
2018-08-10,917
2018-08-13,918
2018-08-14,920
2018-08-15,920
2018-08-16,921
2018-08-17,922
2018-08-20,924
2018-08-21,925
2018-08-22,925
2018-08-23,924
2018-08-24,925
2018-08-27,926
2018-08-28,923
2018-08-29,925
2018-08-30,924
2018-08-31,925
2018-09-03,925
2018-09-04,925
2018-09-05,925
2018-09-06,926
2018-09-07,926
2018-09-10,925
2018-09-11,927
2018-09-12,928
2018-09-13,931
2018-09-14,931
2018-09-17,931
2018-09-18,931
2018-09-19,930
2018-09-20,932
2018-09-21,932
2018-09-25,933
2018-09-26,933
2018-09-27,933
2018-09-28,933
2018-10-08,931
2018-10-09,933
2018-10-10,936
2018-10-11,932
2018-10-12,933
2018-10-15,934
2018-10-16,936
2018-10-17,937
2018-10-18,936
2018-10-19,936
2018-10-22,935
2018-10-23,935
2018-10-24,934
2018-10-25,934
2018-10-26,936
2018-10-29,939
2018-10-30,940
2018-10-31,940
2018-11-01,943
2018-11-02,943
2018-11-05,945
2018-11-06,945
2018-11-07,945
2018-11-08,948
2018-11-09,950
2018-11-12,948
2018-11-13,948
2018-11-14,948
2018-11-15,950
2018-11-16,950
2018-11-19,950
2018-11-20,949
2018-11-21,951
2018-11-22,952
2018-11-23,953
2018-11-26,954
2018-11-27,954
2018-11-28,954
2018-11-29,954
2018-11-30,954
2018-12-03,953
2018-12-04,954
2018-12-05,954
2018-12-06,954
2018-12-07,955
2018-12-10,958
2018-12-11,957
2018-12-12,958
2018-12-13,958
2018-12-14,958
2018-12-17,955
2018-12-18,957
2018-12-19,956
2018-12-20,957
2018-12-21,956
2018-12-24,957
2018-12-25,953
2018-12-26,953
2018-12-27,954
2018-12-28,956
2019-01-02,959
2019-01-03,960
2019-01-04,959
2019-01-07,959
2019-01-08,960
2019-01-09,960
2019-01-10,961
2019-01-11,961
2019-01-14,961
2019-01-15,962
2019-01-16,961
2019-01-17,962
2019-01-18,963
2019-01-21,962
2019-01-22,962
2019-01-23,961
2019-01-24,963
2019-01-25,963
2019-01-28,964
2019-01-29,964
2019-01-30,964
2019-01-31,964
2019-02-01,964
2019-02-11,964
2019-02-12,964
2019-02-13,964
2019-02-14,964
2019-02-15,966
2019-02-18,966
2019-02-19,966
2019-02-20,965
2019-02-21,965
2019-02-22,966
2019-02-25,965
2019-02-26,964
2019-02-27,962
2019-02-28,963
2019-03-01,965
2019-03-04,963
2019-03-05,963
2019-03-06,964
2019-03-07,966
2019-03-08,967
2019-03-11,966
2019-03-12,965
2019-03-13,964
2019-03-14,964
2019-03-15,964
2019-03-18,963
2019-03-19,961
2019-03-20,962
2019-03-21,960
2019-03-22,960
2019-03-25,958
2019-03-26,960
2019-03-27,960
2019-03-28,959
2019-03-29,959
2019-04-01,960
2019-04-02,960
2019-04-03,956
2019-04-04,960
2019-04-08,964
2019-04-09,964
2019-04-10,964
2019-04-11,962
2019-04-12,965
2019-04-15,966
2019-04-16,966
2019-04-17,967
2019-04-18,968
2019-04-19,967
2019-04-22,969
2019-04-23,971
2019-04-24,972
2019-04-25,971
2019-04-26,970
2019-04-29,970
2019-04-30,969
2019-05-06,971
2019-05-07,973
2019-05-08,974
2019-05-09,975
2019-05-10,974
2019-05-13,974
2019-05-14,975
2019-05-15,975
2019-05-16,974
2019-05-17,975
2019-05-20,974
2019-05-21,976
2019-05-22,977
2019-05-23,977
2019-05-24,977
2019-05-27,976
2019-05-28,975
2019-05-29,976
2019-05-30,975
2019-05-31,975
2019-06-03,975
2019-06-04,976
2019-06-05,977
2019-06-06,977
2019-06-10,977
2019-06-11,977
2019-06-12,978
2019-06-13,978
2019-06-14,978
2019-06-17,979
2019-06-18,977
2019-06-19,979
2019-06-20,978
2019-06-21,976
2019-06-24,975
2019-06-25,976
2019-06-26,976
2019-06-27,976
2019-06-28,977
2019-07-01,977
2019-07-02,978
2019-07-03,977
2019-07-04,975
2019-07-05,979
2019-07-08,978
2019-07-09,977
2019-07-10,977
2019-07-11,977
2019-07-12,978
2019-07-15,978
2019-07-16,977
2019-07-17,978
2019-07-18,978
2019-07-19,978
2019-07-22,979
2019-07-23,976
2019-07-24,979
2019-07-25,977
2019-07-26,977
2019-07-29,978
2019-07-30,979
2019-07-31,979
2019-08-01,978
2019-08-02,980
2019-08-05,980
2019-08-06,979
2019-08-07,978
2019-08-08,977
2019-08-09,977
2019-08-12,977
2019-08-13,976
2019-08-14,975
2019-08-15,978
2019-08-16,978
2019-08-19,978
2019-08-20,978
2019-08-21,978
2019-08-22,978
2019-08-23,978
2019-08-26,978
2019-08-27,978
2019-08-28,978
2019-08-29,977
2019-08-30,975
2019-09-02,978
2019-09-03,978
2019-09-04,978
2019-09-05,978
2019-09-06,978
2019-09-09,979
2019-09-10,977
2019-09-11,978
2019-09-12,978
2019-09-16,978
2019-09-17,978
2019-09-18,978
2019-09-19,977
2019-09-20,979
2019-09-23,978
2019-09-24,978
2019-09-25,979
2019-09-26,979
2019-09-27,977
2019-09-30,978
2019-10-08,975
2019-10-09,974
2019-10-10,977
2019-10-11,978
2019-10-14,978
2019-10-15,978
2019-10-16,978
2019-10-17,977
2019-10-18,978
2019-10-21,979
2019-10-22,980
2019-10-23,979
2019-10-24,979
2019-10-25,979
2019-10-28,979
2019-10-29,979
2019-10-30,977
2019-10-31,979
2019-11-01,978
2019-11-04,979
2019-11-05,979
2019-11-06,979
2019-11-07,979
2019-11-08,979
2019-11-11,979
2019-11-12,980
2019-11-13,978
2019-11-14,979
2019-11-15,979
2019-11-18,979
2019-11-19,979
2019-11-20,979
2019-11-21,980
2019-11-22,980
2019-11-25,979
2019-11-26,978
2019-11-27,979
2019-11-28,977
2019-11-29,979
2019-12-02,977
2019-12-03,978
2019-12-04,977
2019-12-05,977
2019-12-06,976
2019-12-09,976
2019-12-10,976
2019-12-11,976
2019-12-12,975
2019-12-13,977
2019-12-16,978
2019-12-17,977
2019-12-18,976
2019-12-19,977
2019-12-20,977
2019-12-23,979
2019-12-24,979
2019-12-25,977
2019-12-26,980
2019-12-27,979
2019-12-30,980
2019-12-31,979
2020-01-02,979
2020-01-03,979
2020-01-06,978
2020-01-07,979
2020-01-08,977
2020-01-09,977
2020-01-10,976
2020-01-13,977
2020-01-14,978
2020-01-15,976
2020-01-16,976
2020-01-17,977
2020-01-20,976
2020-01-21,978
2020-01-22,980
2020-01-23,980
2020-02-03,980
2020-02-04,980
2020-02-05,980
2020-02-06,980
2020-02-07,980
2020-02-10,980
2020-02-11,980
2020-02-12,980
2020-02-13,980
2020-02-14,980
2020-02-17,980
2020-02-18,979
2020-02-19,980
2020-02-20,980
2020-02-21,980
2020-02-24,980
2020-02-25,980
2020-02-26,980
2020-02-27,979
2020-02-28,979
2020-03-02,979
2020-03-03,979
2020-03-04,977
2020-03-05,978
2020-03-06,979
2020-03-09,978
2020-03-10,978
2020-03-11,977
2020-03-12,976
2020-03-13,976
2020-03-16,976
2020-03-17,976
2020-03-18,977
2020-03-19,979
2020-03-20,979
2020-03-23,980
2020-03-24,979
2020-03-25,979
2020-03-26,978
2020-03-27,979
2020-03-30,979
2020-03-31,978
2020-04-01,979
2020-04-02,979
2020-04-03,979
2020-04-07,978
2020-04-08,978
2020-04-09,978
2020-04-10,978
2020-04-13,979
2020-04-14,979
2020-04-15,977
2020-04-16,979
2020-04-17,979
2020-04-20,977
2020-04-21,977
2020-04-22,978
2020-04-23,977
2020-04-24,978
2020-04-27,978
2020-04-28,977
2020-04-29,976
2020-04-30,973
2020-05-06,975
2020-05-07,975
2020-05-08,976
2020-05-11,975
2020-05-12,974
2020-05-13,976
2020-05-14,976
2020-05-15,976
2020-05-18,976
2020-05-19,975
2020-05-20,975
2020-05-21,975
2020-05-22,976
2020-05-25,975
2020-05-26,975
2020-05-27,973
2020-05-28,974
2020-05-29,974
2020-06-01,975
2020-06-02,975
2020-06-03,976
2020-06-04,976
2020-06-05,975
2020-06-08,978
2020-06-09,977
2020-06-10,978
2020-06-11,978
2020-06-12,978
2020-06-15,978
2020-06-16,977
2020-06-17,977
2020-06-18,976
2020-06-19,976
2020-06-22,975
2020-06-23,975
2020-06-24,977
2020-06-29,977
2020-06-30,977
2020-07-01,978
2020-07-02,978
2020-07-03,978
2020-07-06,978
2020-07-07,977
2020-07-08,979
2020-07-09,979
2020-07-10,978
2020-07-13,976
2020-07-14,976
2020-07-15,976
2020-07-16,975
2020-07-17,976
2020-07-20,977
2020-07-21,977
2020-07-22,976
2020-07-23,975
2020-07-24,975
2020-07-27,976
2020-07-28,976
2020-07-29,977
2020-07-30,974
2020-07-31,976
2020-08-03,977
2020-08-04,977
2020-08-05,975
2020-08-06,977
2020-08-07,977
2020-08-10,979
2020-08-11,978
2020-08-12,978
2020-08-13,977
2020-08-14,977
2020-08-17,976
2020-08-18,975
2020-08-19,976
2020-08-20,976
2020-08-21,975
2020-08-24,976
2020-08-25,975
2020-08-26,976
2020-08-27,976
2020-08-28,975
2020-08-31,975
2020-09-01,977
2020-09-02,977
2020-09-03,979
2020-09-04,979
2020-09-07,979
2020-09-08,979
2020-09-09,978
2020-09-10,979
2020-09-11,979
2020-09-14,979
2020-09-15,979
2020-09-16,978
2020-09-17,977
2020-09-18,978
2020-09-21,975
2020-09-22,975
2020-09-23,973
2020-09-24,975
2020-09-25,975
2020-09-28,974
2020-09-29,974
2020-09-30,976
2020-10-09,977
2020-10-12,977
2020-10-13,979
2020-10-14,978
2020-10-15,978
2020-10-16,978
2020-10-19,977
2020-10-20,978
2020-10-21,978
2020-10-22,979
2020-10-23,979
2020-10-26,979
2020-10-27,979
2020-10-28,979
2020-10-29,978
2020-10-30,978
2020-11-02,978
2020-11-03,978
2020-11-04,978
2020-11-05,978
2020-11-06,978
2020-11-09,979
2020-11-10,979
2020-11-11,977
2020-11-12,980
2020-11-13,979
2020-11-16,980
2020-11-17,980
2020-11-18,980
2020-11-19,980
2020-11-20,979
2020-11-23,979
2020-11-24,978
2020-11-25,977
2020-11-26,979
2020-11-27,979
2020-11-30,978
2020-12-01,978
2020-12-02,976
2020-12-03,975
2020-12-04,972
2020-12-07,973
2020-12-08,975
2020-12-09,975
2020-12-10,975
2020-12-11,975
2020-12-14,976
2020-12-15,977
2020-12-16,979
2020-12-17,980
2020-12-18,980
2020-12-21,980
2020-12-22,979
2020-12-23,980
2020-12-24,980
2020-12-25,980
2020-12-28,979
2020-12-29,980
2020-12-30,980
2020-12-31,979
2021-01-04,980
2021-01-05,980
2021-01-06,980
2021-01-07,980
2021-01-08,980
2021-01-11,980
2021-01-12,980
2021-01-13,980
2021-01-14,979
2021-01-15,977
2021-01-18,976
2021-01-19,977
2021-01-20,977
2021-01-21,977
2021-01-22,978
2021-01-25,977
2021-01-26,977
2021-01-27,977
2021-01-28,976
2021-01-29,980
2021-02-01,980
2021-02-02,980
2021-02-03,980
2021-02-04,980
2021-02-05,979
2021-02-08,977
2021-02-09,978
2021-02-10,980
2021-02-18,976
2021-02-19,979
2021-02-22,979
2021-02-23,979
2021-02-24,979
2021-02-25,979
2021-02-26,977
2021-03-01,979
2021-03-02,980
2021-03-03,979
2021-03-04,980
2021-03-05,980
2021-03-08,980
2021-03-09,980
2021-03-10,980
2021-03-11,980
2021-03-12,980
2021-03-15,980
2021-03-16,979
2021-03-17,979
2021-03-18,979
2021-03-19,978
2021-03-22,980
2021-03-23,979
2021-03-24,979
2021-03-25,980
2021-03-26,980
2021-03-29,980
2021-03-30,980
2021-03-31,977
2021-04-01,980
2021-04-02,980
2021-04-06,980
2021-04-07,979
2021-04-08,979
2021-04-09,979
2021-04-12,979
2021-04-13,977
2021-04-14,978
2021-04-15,977
2021-04-16,977
2021-04-19,975
2021-04-20,978
2021-04-21,980
2021-04-22,980
2021-04-23,979
2021-04-26,979
2021-04-27,977
2021-04-28,976
2021-04-29,976
2021-04-30,977
2021-05-06,978
2021-05-07,977
2021-05-10,978
2021-05-11,977
2021-05-12,976
2021-05-13,979
2021-05-14,979
2021-05-17,976
2021-05-18,978
2021-05-19,978
2021-05-20,980
2021-05-21,979
2021-05-24,979
2021-05-25,979
2021-05-26,979
2021-05-27,977
2021-05-28,979
2021-05-31,979
2021-06-01,979
2021-06-02,978
2021-06-03,979
2021-06-04,979
2021-06-07,979
2021-06-08,979
2021-06-09,979
2021-06-10,978
2021-06-11,979
2021-06-15,979
2021-06-16,978
2021-06-17,978
2021-06-18,977
2021-06-21,976
2021-06-22,976
2021-06-23,976
2021-06-24,977
2021-06-25,978
2021-06-28,979
2021-06-29,979
2021-06-30,978
2021-07-01,979
2021-07-02,979
2021-07-05,980
2021-07-06,980
2021-07-07,980
2021-07-08,980
2021-07-09,980
2021-07-12,980
2021-07-13,980
2021-07-14,980
2021-07-15,980
2021-07-16,980
2021-07-19,978
2021-07-20,977
2021-07-21,975
2021-07-22,977
2021-07-23,977
2021-07-26,977
2021-07-27,977
2021-07-28,977
2021-07-29,977
2021-07-30,977
2021-08-02,978
2021-08-03,979
2021-08-04,979
2021-08-05,979
2021-08-06,979
2021-08-09,979
2021-08-10,979
2021-08-11,979
2021-08-12,979
2021-08-13,979
2021-08-16,979
2021-08-17,979
2021-08-18,976
2021-08-19,978
2021-08-20,980
2021-08-23,980
2021-08-24,980
2021-08-25,978
2021-08-26,980
2021-08-27,980
2021-08-30,979
2021-08-31,979
2021-09-01,979
2021-09-02,979
2021-09-03,979
2021-09-06,979
2021-09-07,979
2021-09-08,979
2021-09-09,979
2021-09-10,979
2021-09-13,980
2021-09-14,980
2021-09-15,979
2021-09-16,978
2021-09-17,978
2021-09-22,977
2021-09-23,977
2021-09-24,975
2021-09-27,975
2021-09-28,975
2021-09-29,976
2021-09-30,974
2021-10-08,975
2021-10-11,977
2021-10-12,978
2021-10-13,978
2021-10-14,978
2021-10-15,978
2021-10-18,979
2021-10-19,979
2021-10-20,979
2021-10-21,979
2021-10-22,978
2021-10-25,977
2021-10-26,977
2021-10-27,979
2021-10-28,980
2021-10-29,980
2021-11-01,980
2021-11-02,980
2021-11-03,980
2021-11-04,980
2021-11-05,980
2021-11-08,980
2021-11-09,979
2021-11-10,979
2021-11-11,979
2021-11-12,979
2021-11-15,979
2021-11-16,979
2021-11-17,978
2021-11-18,976
2021-11-19,979
2021-11-22,978
2021-11-23,979
2021-11-24,978
2021-11-25,978
2021-11-26,978
2021-11-29,977
2021-11-30,977
2021-12-01,977
2021-12-02,978
2021-12-03,977
2021-12-06,979
2021-12-07,979
2021-12-08,979
2021-12-09,979
2021-12-10,979
2021-12-13,980
2021-12-14,979
2021-12-15,979
2021-12-16,979
2021-12-17,979
2021-12-20,978
2021-12-21,977
2021-12-22,977
2021-12-23,979
2021-12-24,979
2021-12-27,979
2021-12-28,979
2021-12-29,979
2021-12-30,978
2021-12-31,979
2022-01-04,980
2022-01-05,979
2022-01-06,979
2022-01-07,979
2022-01-10,976
2022-01-11,978
2022-01-12,978
2022-01-13,978
2022-01-14,978
2022-01-17,978
2022-01-18,978
2022-01-19,977
2022-01-20,976
2022-01-21,976
2022-01-24,975
2022-01-25,977
2022-01-26,976
2022-01-27,978
2022-01-28,979
2022-02-07,979
2022-02-08,978
2022-02-09,978
2022-02-10,979
2022-02-11,979
2022-02-14,979
2022-02-15,979
2022-02-16,978
2022-02-17,978
2022-02-18,978
2022-02-21,977
2022-02-22,977
2022-02-23,977
2022-02-24,978
2022-02-25,979
2022-02-28,979
2022-03-01,980
2022-03-02,979
2022-03-03,980
2022-03-04,980
2022-03-07,979
2022-03-08,979
2022-03-09,979
2022-03-10,979
2022-03-11,979
2022-03-14,980
2022-03-15,980
2022-03-16,980
2022-03-17,980
2022-03-18,980
2022-03-21,980
2022-03-22,980
2022-03-23,980
2022-03-24,980
2022-03-25,980
2022-03-28,980
2022-03-29,980
2022-03-30,980
2022-03-31,978
2022-04-01,978
2022-04-06,978
2022-04-07,978
2022-04-08,977
2022-04-11,978
2022-04-12,979
2022-04-13,979
2022-04-14,979
2022-04-15,978
2022-04-18,978
2022-04-19,978
2022-04-20,978
2022-04-21,977
2022-04-22,978
2022-04-25,977
2022-04-26,975
2022-04-27,975
2022-04-28,974
2022-04-29,975
2022-05-05,975
2022-05-06,978
2022-05-09,979
2022-05-10,979
2022-05-11,979
2022-05-12,979
2022-05-13,980
2022-05-16,979
2022-05-17,979
2022-05-18,977
2022-05-19,977
2022-05-20,979
2022-05-23,979
2022-05-24,979
2022-05-25,978
2022-05-26,978
2022-05-27,977
2022-05-30,979
2022-05-31,979
2022-06-01,978
2022-06-02,978
2022-06-06,978
2022-06-07,978
2022-06-08,978
2022-06-09,977
2022-06-10,978
2022-06-13,978
2022-06-14,978
2022-06-15,978
2022-06-16,978
2022-06-17,978
2022-06-20,978
2022-06-21,978
2022-06-22,976
2022-06-23,978
2022-06-24,976
2022-06-27,979
2022-06-28,979
2022-06-29,977
2022-06-30,979
2022-07-01,979
2022-07-04,979
2022-07-05,979
2022-07-06,979
2022-07-07,979
2022-07-08,979
2022-07-11,979
2022-07-12,979
2022-07-13,978
2022-07-14,980
2022-07-15,980
2022-07-18,980
2022-07-19,980
2022-07-20,980
2022-07-21,980
2022-07-22,980
2022-07-25,980
2022-07-26,980
2022-07-27,980
2022-07-28,978
2022-07-29,980
2022-08-01,979
2022-08-02,979
2022-08-03,979
2022-08-04,979
2022-08-05,979
2022-08-08,979
2022-08-09,979
2022-08-10,978
2022-08-11,976
2022-08-12,979
2022-08-15,976
2022-08-16,978
2022-08-17,978
2022-08-18,978
2022-08-19,978
2022-08-22,978
2022-08-23,978
2022-08-24,978
2022-08-25,979
2022-08-26,979
2022-08-29,980
2022-08-30,980
2022-08-31,980
2022-09-01,979
2022-09-02,979
2022-09-05,979
2022-09-06,979
2022-09-07,979
2022-09-08,979
2022-09-09,979
2022-09-13,979
2022-09-14,979
2022-09-15,978
2022-09-16,978
2022-09-19,978
2022-09-20,978
2022-09-21,978
2022-09-22,978
2022-09-23,978
2022-09-26,978
2022-09-27,978
2022-09-28,978
2022-09-29,977
2022-09-30,977
2022-10-10,978
2022-10-11,978
2022-10-12,978
2022-10-13,977
2022-10-14,978
2022-10-17,977
2022-10-18,977
2022-10-19,977
2022-10-20,975
2022-10-21,976
2022-10-24,978
2022-10-25,976
2022-10-26,977
2022-10-27,977
2022-10-28,978
2022-10-31,977
2022-11-01,978
2022-11-02,979
2022-11-03,979
2022-11-04,979
2022-11-07,980
2022-11-08,979
2022-11-09,980
2022-11-10,980
2022-11-11,980
2022-11-14,980
2022-11-15,980
2022-11-16,980
2022-11-17,979
2022-11-18,979
2022-11-21,979
2022-11-22,979
2022-11-23,979
2022-11-24,979
2022-11-25,979
2022-11-28,980
2022-11-29,980
2022-11-30,980
2022-12-01,979
2022-12-02,978
2022-12-05,976
2022-12-06,976
2022-12-07,976
2022-12-08,977
2022-12-09,977
2022-12-12,977
2022-12-13,977
2022-12-14,976
2022-12-15,976
2022-12-16,977
2022-12-19,977
2022-12-20,978
2022-12-21,977
2022-12-22,978
2022-12-23,979
2022-12-26,978
2022-12-27,979
2022-12-28,978
2022-12-29,979
2022-12-30,979
2023-01-03,979
2023-01-04,979
2023-01-05,979
2023-01-06,977
2023-01-09,979
2023-01-10,980
2023-01-11,980
2023-01-12,979
2023-01-13,980
2023-01-16,980
2023-01-17,980
2023-01-18,980
2023-01-19,980
2023-01-20,980
2023-01-30,980
2023-01-31,980
2023-02-01,979
2023-02-02,979
2023-02-03,979
2023-02-06,979
2023-02-07,979
2023-02-08,977
2023-02-09,977
2023-02-10,977
2023-02-13,977
2023-02-14,977
2023-02-15,978
2023-02-16,979
2023-02-17,978
2023-02-20,980
2023-02-21,980
2023-02-22,980
2023-02-23,980
2023-02-24,980
2023-02-27,980
2023-02-28,980
2023-03-01,980
2023-03-02,980
2023-03-03,980
2023-03-06,980
2023-03-07,980
2023-03-08,980
2023-03-09,977
2023-03-10,980
2023-03-13,980
2023-03-14,980
2023-03-15,980
2023-03-16,980
2023-03-17,980
2023-03-20,980
2023-03-21,980
2023-03-22,980
2023-03-23,980
2023-03-24,980
2023-03-27,980
2023-03-28,980
2023-03-29,980
2023-03-30,980
2023-03-31,979
2023-04-03,979
2023-04-04,979
2023-04-06,979
2023-04-07,979
2023-04-10,977
2023-04-11,979
2023-04-12,979
2023-04-13,979
2023-04-14,979
2023-04-17,978
2023-04-18,980
2023-04-19,979
2023-04-20,980
2023-04-21,979
2023-04-24,980
2023-04-25,980
2023-04-26,977
2023-04-27,979
2023-04-28,979
2023-05-04,976
2023-05-05,979
2023-05-08,979
2023-05-09,978
2023-05-10,979
2023-05-11,979
2023-05-12,979
2023-05-15,979
2023-05-16,979
2023-05-17,979
2023-05-18,980
2023-05-19,980
2023-05-22,980
2023-05-23,980
2023-05-24,980
2023-05-25,980
2023-05-26,980
2023-05-29,980
2023-05-30,980
2023-05-31,980
2023-06-01,980
2023-06-02,980
2023-06-05,980
2023-06-06,980
2023-06-07,980
2023-06-08,980
2023-06-09,980
2023-06-12,978
2023-06-13,978
2023-06-14,979
2023-06-15,979
2023-06-16,979
2023-06-19,979
2023-06-20,979
2023-06-21,979
2023-06-26,978
2023-06-27,978
2023-06-28,978
2023-06-29,978
2023-06-30,978
2023-07-03,979
2023-07-04,979
2023-07-05,979
2023-07-06,980
2023-07-07,980
2023-07-10,980
2023-07-11,980
2023-07-12,980
2023-07-13,980
2023-07-14,979
2023-07-17,980
2023-07-18,980
2023-07-19,980
2023-07-20,980
2023-07-21,980
2023-07-24,980
2023-07-25,980
2023-07-26,980
2023-07-27,980
2023-07-28,980
2023-07-31,980
2023-08-01,980
2023-08-02,980
2023-08-03,977
2023-08-04,980
2023-08-07,980
2023-08-08,980
2023-08-09,980
2023-08-10,980
2023-08-11,980
2023-08-14,979
2023-08-15,979
2023-08-16,979
2023-08-17,979
2023-08-18,979
2023-08-21,979
2023-08-22,979
2023-08-23,979
2023-08-24,979
2023-08-25,979
2023-08-28,980
2023-08-29,980
2023-08-30,980
2023-08-31,978
2023-09-01,980
2023-09-04,980
2023-09-05,980
2023-09-06,980
2023-09-07,980
2023-09-08,980
2023-09-11,979
2023-09-12,979
2023-09-13,979
2023-09-14,979
2023-09-15,979
2023-09-18,980
2023-09-19,980
2023-09-20,980
2023-09-21,980
2023-09-22,980
2023-09-25,980
2023-09-26,980
2023-09-27,980
2023-09-28,978
2023-10-09,980
2023-10-10,980
2023-10-11,980
2023-10-12,980
2023-10-13,980
2023-10-16,980
2023-10-17,980
2023-10-18,980
2023-10-19,980
2023-10-20,980
2023-10-23,980
2023-10-24,980
2023-10-25,980
2023-10-26,980
2023-10-27,980
2023-10-30,980
2023-10-31,978
2023-11-01,980
2023-11-02,980
2023-11-03,980
2023-11-06,977
2023-11-07,978
2023-11-08,978
2023-11-09,978
2023-11-10,980
2023-11-13,980
2023-11-14,980
2023-11-15,980
2023-11-16,979
2023-11-17,979
2023-11-20,979
2023-11-21,980
2023-11-22,980
2023-11-23,980
2023-11-24,980
2023-11-27,980
2023-11-28,980
2023-11-29,980
2023-11-30,980
2023-12-01,980
2023-12-04,980
2023-12-05,980
2023-12-06,979
2023-12-07,978
2023-12-08,979
2023-12-11,979
2023-12-12,979
2023-12-13,980
2023-12-14,980
2023-12-15,980
2023-12-18,980
2023-12-19,977
2023-12-20,979
2023-12-21,979
2023-12-22,979
2023-12-25,978
2023-12-26,979
2023-12-27,979
2023-12-28,978
2023-12-29,979
2024-01-02,979
2024-01-03,979
2024-01-04,979
2024-01-05,979
2024-01-08,979
2024-01-09,979
2024-01-10,980
2024-01-11,980
2024-01-12,979
2024-01-15,980
2024-01-16,980
2024-01-17,980
2024-01-18,980
2024-01-19,980
2024-01-22,980
2024-01-23,980
2024-01-24,980
2024-01-25,980
2024-01-26,980
2024-01-29,980
2024-01-30,980
2024-01-31,980
2024-02-01,980
2024-02-02,980
2024-02-05,980
2024-02-06,980
2024-02-07,980
2024-02-08,980
2024-02-19,980
2024-02-20,980
2024-02-21,980
2024-02-22,980
2024-02-23,978
2024-02-26,980
2024-02-27,980
2024-02-28,980
2024-02-29,980
2024-03-01,980
2024-03-04,980
2024-03-05,978
2024-03-06,979
2024-03-07,979
2024-03-08,979
2024-03-11,979
2024-03-12,979
2024-03-13,979
2024-03-14,979
2024-03-15,978
2024-03-18,978
2024-03-19,979
2024-03-20,978
2024-03-21,978
2024-03-22,978
2024-03-25,978
2024-03-26,979
2024-03-27,980
2024-03-28,980
2024-03-29,980
2024-04-01,980
2024-04-02,980
2024-04-03,980
2024-04-08,980
2024-04-09,980
2024-04-10,980
2024-04-11,980
2024-04-12,980
2024-04-15,980
2024-04-16,980
2024-04-17,979
2024-04-18,979
2024-04-19,979
2024-04-22,979
2024-04-23,979
2024-04-24,979
2024-04-25,979
2024-04-26,978
2024-04-29,979
2024-04-30,979
2024-05-06,980
2024-05-07,980
2024-05-08,980
2024-05-09,980
2024-05-10,980
2024-05-13,980
2024-05-14,980
2024-05-15,980
2024-05-16,978
2024-05-17,980
2024-05-20,979
2024-05-21,980
2024-05-22,980
2024-05-23,980
2024-05-24,980
2024-05-27,980
2024-05-28,980
2024-05-29,979
2024-05-30,978
2024-05-31,979
2024-06-03,979
2024-06-04,978
2024-06-05,979
2024-06-06,979
2024-06-07,979
2024-06-11,978
2024-06-12,979
2024-06-13,979
2024-06-14,980
2024-06-17,980
2024-06-18,980
2024-06-19,980
2024-06-20,980
2024-06-21,980
2024-06-24,980
2024-06-25,980
2024-06-26,980
2024-06-27,980
2024-06-28,980
2024-07-01,980
2024-07-02,980
2024-07-03,979
2024-07-04,980
2024-07-05,980
2024-07-08,980
2024-07-09,980
2024-07-10,979
2024-07-11,979
2024-07-12,979
2024-07-15,980
2024-07-16,978
2024-07-17,980
2024-07-18,980
2024-07-19,979
2024-07-22,979
2024-07-23,979
2024-07-24,979
2024-07-25,978
2024-07-26,978
2024-07-29,978
2024-07-30,978
2024-07-31,978
2024-08-01,977
2024-08-02,978
2024-08-05,979
2024-08-06,979
2024-08-07,979
2024-08-08,980
2024-08-09,980
2024-08-12,980
2024-08-13,978
2024-08-14,980
2024-08-15,980
2024-08-16,980
2024-08-19,980
2024-08-20,980
2024-08-21,980
2024-08-22,979
2024-08-23,979
2024-08-26,979
2024-08-27,979
2024-08-28,979
2024-08-29,979
2024-08-30,979
2024-09-02,979
2024-09-03,978
2024-09-04,978
2024-09-05,979
2024-09-06,978
2024-09-09,977
2024-09-10,975
2024-09-11,977
2024-09-12,977
2024-09-13,977
2024-09-18,975
2024-09-19,978
2024-09-20,978
2024-09-23,978
2024-09-24,978
2024-09-25,979
2024-09-26,979
2024-09-27,979
2024-09-30,977
2024-10-08,977
2024-10-09,977
2024-10-10,978
2024-10-11,978
2024-10-14,979
2024-10-15,979
2024-10-16,979
2024-10-17,979
2024-10-18,979
2024-10-21,979
2024-10-22,979
2024-10-23,979
2024-10-24,979
2024-10-25,979
2024-10-28,978
2024-10-29,976
2024-10-30,975
2024-10-31,976
2024-11-01,975
2024-11-04,976
2024-11-05,976
2024-11-06,977
2024-11-07,977
2024-11-08,977
2024-11-11,978
2024-11-12,979
2024-11-13,977
2024-11-14,979
2024-11-15,979
2024-11-18,979
2024-11-19,979
2024-11-20,979
2024-11-21,979
2024-11-22,979
2024-11-25,978
2024-11-26,978
2024-11-27,978
2024-11-28,977
2024-11-29,977
2024-12-02,979
2024-12-03,979
2024-12-04,978
2024-12-05,979
2024-12-06,979
2024-12-09,978
2024-12-10,980
2024-12-11,980
2024-12-12,980
2024-12-13,980
2024-12-16,980
2024-12-17,979
2024-12-18,979
2024-12-19,978
2024-12-20,979
2024-12-23,977
2024-12-24,977
2024-12-25,977
2024-12-26,977
2024-12-27,977
2024-12-30,977
2024-12-31,978
2025-01-02,978
2025-01-03,978
2025-01-06,977
2025-01-07,977
2025-01-08,979
2025-01-09,979
2025-01-10,978
2025-01-13,978
2025-01-14,978
2025-01-15,978
2025-01-16,979
2025-01-17,980
2025-01-20,980
2025-01-21,980
2025-01-22,980
2025-01-23,980
2025-01-24,980
2025-01-27,980
2025-02-05,980
2025-02-06,979
2025-02-07,977
2025-02-10,980
2025-02-11,979
2025-02-12,979
2025-02-13,979
2025-02-14,979
2025-02-17,979
2025-02-18,979
2025-02-19,979
2025-02-20,979
2025-02-21,980
2025-02-24,980
2025-02-25,979
2025-02-26,979
2025-02-27,979
2025-02-28,979
2025-03-03,978
2025-03-04,978
2025-03-05,978
2025-03-06,978
2025-03-07,978
2025-03-10,978
2025-03-11,979
2025-03-12,979
2025-03-13,978
2025-03-14,978
2025-03-17,977
2025-03-18,977
2025-03-19,976
2025-03-20,976
2025-03-21,974
2025-03-24,976
2025-03-25,976
2025-03-26,976
2025-03-27,978
2025-03-28,978
2025-03-31,980
2025-04-01,979
2025-04-02,979
2025-04-03,979
2025-04-07,979
2025-04-08,979
2025-04-09,979
2025-04-10,979
2025-04-11,979
2025-04-14,979
2025-04-15,979
2025-04-16,980
2025-04-17,980
2025-04-18,977
2025-04-21,980
2025-04-22,980
2025-04-23,980
2025-04-24,980
2025-04-25,980
2025-04-28,980
2025-04-29,980
2025-04-30,980
2025-05-06,979
2025-05-07,979
2025-05-08,979
2025-05-09,979
2025-05-12,978
2025-05-13,978
2025-05-14,978
2025-05-15,978
2025-05-16,978
2025-05-19,979
2025-05-20,979
2025-05-21,978
2025-05-22,977
2025-05-23,977
2025-05-26,977
2025-05-27,975
2025-05-28,975
2025-05-29,977
2025-05-30,977
2025-06-03,975
2025-06-04,977
2025-06-05,978
2025-06-06,979
2025-06-09,979
2025-06-10,978
2025-06-11,978
2025-06-12,978
2025-06-13,980
2025-06-16,980
2025-06-17,980
2025-06-18,980
2025-06-19,980
2025-06-20,980
2025-06-23,980
2025-06-24,980
2025-06-25,980
2025-06-26,980
2025-06-27,980
2025-06-30,980
2025-07-01,980
2025-07-02,980
2025-07-03,977
2025-07-04,980
2025-07-07,980
2025-07-08,980
2025-07-09,980
2025-07-10,980
2025-07-11,980
2025-07-14,980
2025-07-15,980
2025-07-16,977
2025-07-17,979
2025-07-18,978
2025-07-21,979
2025-07-22,978
2025-07-23,978
2025-07-24,978
2025-07-25,978
2025-07-28,978
2025-07-29,979
2025-07-30,978
2025-07-31,978
2025-08-01,978
2025-08-04,977
2025-08-05,977
2025-08-06,977
2025-08-07,977
2025-08-08,977
2025-08-11,977
2025-08-12,974
2025-08-13,978
2025-08-14,978
2025-08-15,978
2025-08-18,979
2025-08-19,980
2025-08-20,980
2025-08-21,980
2025-08-22,980
2025-08-25,980
2025-08-26,980
2025-08-27,980
2025-08-28,980
2025-08-29,980
2025-09-01,980
2025-09-02,980
2025-09-03,980
2025-09-04,980
2025-09-05,980
2025-09-08,980
2025-09-09,980
2025-09-10,980
2025-09-11,980
2025-09-12,980
2025-09-15,980
2025-09-16,980
2025-09-17,980
2025-09-18,980
2025-09-19,980
2025-09-22,980
2025-09-23,980
2025-09-24,980
2025-09-25,979
2025-09-26,979
2025-09-29,979
2025-09-30,979
2025-10-09,979
2025-10-10,979
2025-10-13,979
2025-10-14,979
2025-10-15,979
2025-10-16,979
2025-10-17,980
2025-10-20,980
2025-10-21,980
2025-10-22,980
2025-10-23,980
2025-10-24,980
2025-10-27,979
2025-10-28,979
2025-10-29,979
2025-10-30,979
2025-10-31,979
2025-11-03,979
2025-11-04,979
2025-11-05,979
2025-11-06,979
2025-11-07,977
2025-11-10,980
2025-11-11,980
2025-11-12,980
2025-11-13,978
2025-11-14,980
2025-11-17,980
2025-11-18,978
2025-11-19,978
2025-11-20,978
2025-11-21,980
2025-11-24,980
2025-11-25,980
2025-11-26,980
2025-11-27,980
2025-11-28,980
2025-12-01,979
2025-12-02,979
2025-12-03,979
2025-12-04,979
2025-12-05,979
2025-12-08,979
2025-12-09,979
2025-12-10,977
2025-12-11,979
2025-12-12,979
2025-12-15,980
2025-12-16,980
2025-12-17,980
2025-12-18,980
2025-12-19,979
2025-12-22,979
2025-12-23,980
2025-12-24,980
2025-12-25,980
2025-12-26,980
2025-12-29,980
2025-12-30,979
2025-12-31,979
2026-01-05,979
2026-01-06,979
2026-01-07,979
2026-01-08,979
2026-01-09,979
2026-01-12,978
2026-01-13,976
2026-01-14,976
2026-01-15,976
2026-01-16,975
2026-01-19,975
2026-01-20,976
2026-01-21,977
2026-01-22,977
2026-01-23,978
2026-01-26,979
2026-01-27,979
2026-01-28,979
2026-01-29,980
2026-01-30,979
2026-02-02,979
2026-02-03,979
2026-02-04,979
2026-02-05,979
2026-02-06,979
2026-02-09,978
2026-02-10,978
2026-02-11,978
2026-02-12,978
2026-02-13,978
2026-02-24,980
2026-02-25,979
2026-02-26,979
2026-02-27,979
2026-03-02,978
2026-03-03,977
2026-03-04,977
2026-03-05,977
2026-03-06,977
2026-03-09,977
2026-03-10,977
2026-03-11,978
2026-03-12,978
2026-03-13,978
2026-03-16,979
2026-03-17,979
2026-03-18,979
2026-03-19,979
2026-03-20,979
2026-03-23,980
2026-03-24,980
2026-03-25,980
2026-03-26,980
2026-03-27,979
2026-03-30,979
2026-03-31,979
2026-04-01,979
2026-04-02,979
2026-04-03,978
2026-04-07,978
2026-04-08,978
2026-04-09,978
2026-04-10,978
2026-04-13,980
2026-04-14,978
2026-04-15,980
2026-04-16,980
2026-04-17,980
2026-04-20,977
2026-04-21,979
2026-04-22,978
2026-04-23,978
2026-04-24,979
2026-04-27,979
2026-04-28,979
2026-04-29,979
2026-04-30,979
2026-05-06,979
2026-05-07,980
2026-05-08,980
2026-05-11,980
2026-05-12,980
2026-05-13,980
2026-05-14,980
2026-05-15,980
