code,source
300750,primary_cache
601288,primary_cache
601857,primary_cache
601398,primary_cache
601138,primary_cache
600519,primary_cache
300308,primary_cache
601988,primary_cache
600036,primary_cache
601628,primary_cache
300502,primary_cache
601088,primary_cache
600900,primary_cache
601899,primary_cache
000333,primary_cache
601318,primary_cache
002475,primary_cache
002371,primary_cache
600028,primary_cache
600183,primary_cache
601166,primary_cache
603993,primary_cache
603986,primary_cache
002384,primary_cache
600030,primary_cache
600000,primary_cache
002594,primary_cache
601998,primary_cache
300476,primary_cache
600276,primary_cache
000858,primary_cache
300408,primary_cache
002916,primary_cache
002415,primary_cache
600150,primary_cache
002463,primary_cache
601319,primary_cache
603259,primary_cache
300059,primary_cache
601225,primary_cache
002938,primary_cache
600487,primary_cache
300394,primary_cache
300274,primary_cache
601211,primary_cache
600309,primary_cache
300433,primary_cache
600919,primary_cache
601601,primary_cache
000001,primary_cache
002142,primary_cache
000725,primary_cache
000651,primary_cache
601668,primary_cache
603288,primary_cache
600406,primary_cache
601869,primary_cache
600176,primary_cache
601328,primary_cache
600025,primary_cache
600111,primary_cache
601919,primary_cache
300760,primary_cache
002281,primary_cache
601985,primary_cache
600522,primary_cache
002050,primary_cache
601066,primary_cache
600989,primary_cache
300124,primary_cache
600031,primary_cache
000988,primary_cache
002352,primary_cache
600887,primary_cache
601100,primary_cache
000063,primary_cache
601688,primary_cache
601818,primary_cache
000338,primary_cache
600809,primary_cache
601009,primary_cache
601600,primary_cache
601766,primary_cache
601872,primary_cache
600999,primary_cache
601898,primary_cache
600050,primary_cache
002714,primary_cache
600584,primary_cache
601336,primary_cache
600690,primary_cache
601229,primary_cache
600346,primary_cache
600016,primary_cache
000408,primary_cache
300442,primary_cache
600019,primary_cache
000657,primary_cache
600160,primary_cache
600188,primary_cache
603019,primary_cache
000568,primary_cache
300014,primary_cache
600104,primary_cache
000776,primary_cache
600760,primary_cache
600089,primary_cache
002008,primary_cache
600926,primary_cache
600018,primary_cache
300604,primary_cache
601888,primary_cache
002080,primary_cache
002493,primary_cache
600549,primary_cache
601169,primary_cache
601633,primary_cache
600489,primary_cache
002028,primary_cache
002600,primary_cache
601991,primary_cache
603501,primary_cache
601689,primary_cache
002353,primary_cache
601127,primary_cache
600015,primary_cache
600660,primary_cache
300757,primary_cache
000166,primary_cache
600547,primary_cache
600886,primary_cache
600893,primary_cache
601012,primary_cache
601006,primary_cache
002736,primary_cache
601939,primary_cache
603799,primary_cache
600673,primary_cache
600362,primary_cache
601390,primary_cache
002466,primary_cache
000617,primary_cache
002156,primary_cache
000807,primary_cache
300033,primary_cache
601727,primary_cache
000977,primary_cache
300475,primary_cache
601881,primary_cache
002001,primary_cache
002230,primary_cache
601958,primary_cache
600795,primary_cache
600118,primary_cache
000538,primary_cache
600011,primary_cache
601231,primary_cache
000100,primary_cache
002460,primary_cache
601838,primary_cache
600498,primary_cache
000630,primary_cache
300620,primary_cache
000301,primary_cache
000895,primary_cache
600023,primary_cache
000425,primary_cache
002625,primary_cache
002837,primary_cache
300136,primary_cache
002179,primary_cache
600236,primary_cache
002648,primary_cache
600105,primary_cache
601168,primary_cache
300498,primary_cache
603228,primary_cache
002027,primary_cache
600703,primary_cache
601179,primary_cache
601111,primary_cache
600010,primary_cache
000938,primary_cache
000636,primary_cache
600674,primary_cache
601800,primary_cache
002241,primary_cache
002709,primary_cache
601186,primary_cache
600585,primary_cache
600026,primary_cache
300548,primary_cache
600029,primary_cache
002311,primary_cache
600869,primary_cache
600039,primary_cache
600482,primary_cache
002202,primary_cache
600436,primary_cache
000426,primary_cache
002484,primary_cache
000708,primary_cache
600875,primary_cache
600958,primary_cache
002636,primary_cache
600418,primary_cache
300661,primary_cache
600115,primary_cache
002851,primary_cache
300223,primary_cache
000960,primary_cache
001979,primary_cache
300450,primary_cache
300015,primary_cache
002428,primary_cache
601018,primary_cache
601208,primary_cache
600879,primary_cache
601360,primary_cache
300390,primary_cache
300395,primary_cache
600221,primary_cache
300666,primary_cache
001965,primary_cache
002304,primary_cache
300316,primary_cache
600726,primary_cache
300054,primary_cache
601669,primary_cache
002049,primary_cache
603659,primary_cache
000625,primary_cache
600066,primary_cache
600415,primary_cache
000021,primary_cache
600048,primary_cache
000831,primary_cache
600438,primary_cache
300672,primary_cache
002436,primary_cache
002128,primary_cache
600378,primary_cache
000768,primary_cache
600426,primary_cache
601877,primary_cache
000933,primary_cache
600460,primary_cache
600233,primary_cache
601126,primary_cache
601788,primary_cache
300373,primary_cache
002185,primary_cache
600096,primary_cache
002595,primary_cache
601901,primary_cache
600601,primary_cache
000975,primary_cache
002812,primary_cache
601233,primary_cache
603083,primary_cache
002532,primary_cache
600580,primary_cache
600219,primary_cache
603260,primary_cache
600578,primary_cache
002203,primary_cache
600988,primary_cache
002064,primary_cache
600803,primary_cache
000688,primary_cache
000157,primary_cache
300285,primary_cache
600372,primary_cache
603156,primary_cache
600741,primary_cache
600350,primary_cache
002920,primary_cache
601377,primary_cache
300058,primary_cache
601699,primary_cache
600895,primary_cache
000066,primary_cache
600497,primary_cache
002074,primary_cache
000963,primary_cache
600885,primary_cache
002429,primary_cache
600009,primary_cache
600021,primary_cache
000703,primary_cache
603979,primary_cache
601298,primary_cache
601618,primary_cache
001872,primary_cache
600642,primary_cache
601021,primary_cache
002422,primary_cache
300567,primary_cache
600196,primary_cache
002240,primary_cache
002273,primary_cache
601117,primary_cache
600027,primary_cache
002414,primary_cache
002138,primary_cache
600392,primary_cache
002558,primary_cache
300418,primary_cache
000559,primary_cache
600377,primary_cache
603929,primary_cache
601607,primary_cache
002222,primary_cache
600143,primary_cache
600141,primary_cache
601212,primary_cache
002378,primary_cache
002738,primary_cache
002409,primary_cache
601777,primary_cache
600985,primary_cache
601216,primary_cache
000783,primary_cache
601878,primary_cache
601238,primary_cache
600995,primary_cache
603629,primary_cache
002407,primary_cache
600570,primary_cache
300570,primary_cache
603806,primary_cache
601058,primary_cache
603699,primary_cache
600600,primary_cache
600061,primary_cache
300037,primary_cache
603308,primary_cache
603920,primary_cache
300115,primary_cache
603688,primary_cache
002129,primary_cache
603379,primary_cache
300751,primary_cache
002056,primary_cache
000999,primary_cache
300346,primary_cache
000983,primary_cache
002155,primary_cache
002850,primary_cache
600909,primary_cache
002195,primary_cache
000893,primary_cache
601555,primary_cache
002126,primary_cache
300432,primary_cache
000987,primary_cache
601577,primary_cache
600845,primary_cache
600352,primary_cache
600256,primary_cache
002945,primary_cache
002236,primary_cache
002340,primary_cache
603650,primary_cache
300001,primary_cache
600330,primary_cache
002078,primary_cache
603179,primary_cache
600707,primary_cache
002487,primary_cache
600901,primary_cache
600157,primary_cache
601108,primary_cache
600863,primary_cache
601808,primary_cache
000878,primary_cache
002821,primary_cache
002444,primary_cache
600667,primary_cache
603225,primary_cache
000596,primary_cache
000958,primary_cache
300748,primary_cache
600563,primary_cache
000786,primary_cache
600060,primary_cache
300207,primary_cache
000060,primary_cache
300765,primary_cache
603568,primary_cache
002294,primary_cache
000967,primary_cache
000027,primary_cache
600588,primary_cache
001896,primary_cache
603306,primary_cache
603129,primary_cache
002261,primary_cache
002465,primary_cache
603606,primary_cache
300017,primary_cache
002608,primary_cache
600085,primary_cache
601799,primary_cache
002032,primary_cache
002859,primary_cache
601611,primary_cache
600259,primary_cache
600177,primary_cache
600699,primary_cache
002046,primary_cache
603298,primary_cache
000811,primary_cache
600733,primary_cache
601001,primary_cache
600246,primary_cache
000883,primary_cache
600109,primary_cache
000062,primary_cache
002252,primary_cache
002245,primary_cache
600483,primary_cache
300251,primary_cache
300759,primary_cache
603663,primary_cache
603369,primary_cache
002472,primary_cache
603486,primary_cache
600839,primary_cache
000981,primary_cache
000547,primary_cache
600348,primary_cache
300339,primary_cache
000423,primary_cache
002131,primary_cache
000728,primary_cache
603773,primary_cache
002601,primary_cache
002432,primary_cache
000962,primary_cache
600332,primary_cache
000800,primary_cache
600298,primary_cache
600871,primary_cache
600499,primary_cache
603678,primary_cache
600282,primary_cache
000002,primary_cache
002939,primary_cache
000629,primary_cache
600206,primary_cache
300438,primary_cache
002025,primary_cache
601598,primary_cache
002456,primary_cache
002015,primary_cache
000876,primary_cache
600500,primary_cache
603618,primary_cache
002673,primary_cache
600737,primary_cache
601933,primary_cache
603186,primary_cache
000887,primary_cache
300454,primary_cache
603730,primary_cache
002149,primary_cache
002085,primary_cache
600637,primary_cache
002555,primary_cache
600641,primary_cache
000877,primary_cache
002459,primary_cache
000733,primary_cache
601880,primary_cache
600517,primary_cache
000737,primary_cache
603005,primary_cache
002364,primary_cache
601162,primary_cache
002491,primary_cache
000729,primary_cache
600398,primary_cache
300763,primary_cache
300236,primary_cache
300255,primary_cache
002517,primary_cache
601615,primary_cache
002518,primary_cache
601717,primary_cache
600331,primary_cache
600515,primary_cache
002797,primary_cache
600295,primary_cache
000519,primary_cache
300257,primary_cache
600369,primary_cache
600562,primary_cache
300623,primary_cache
300747,primary_cache
300489,primary_cache
600299,primary_cache
600153,primary_cache
603198,primary_cache
603160,primary_cache
600595,primary_cache
600732,primary_cache
601155,primary_cache
600862,primary_cache
300024,primary_cache
600977,primary_cache
603605,primary_cache
000932,primary_cache
000951,primary_cache
002653,primary_cache
600396,primary_cache
000661,primary_cache
600353,primary_cache
000921,primary_cache
603728,primary_cache
603345,primary_cache
300458,primary_cache
300776,primary_cache
002747,primary_cache
600114,primary_cache
600312,primary_cache
603067,primary_cache
600801,primary_cache
603596,primary_cache
002335,primary_cache
600208,primary_cache
603766,primary_cache
300073,primary_cache
002430,primary_cache
601000,primary_cache
000959,primary_cache
600536,primary_cache
600577,primary_cache
603885,primary_cache
000969,primary_cache
603939,primary_cache
002756,primary_cache
000830,primary_cache
601118,primary_cache
600598,primary_cache
002244,primary_cache
600546,primary_cache
600166,primary_cache
002152,primary_cache
600884,primary_cache
000582,primary_cache
600161,primary_cache
600704,primary_cache
603338,primary_cache
002498,primary_cache
601990,primary_cache
603516,primary_cache
000738,primary_cache
600873,primary_cache
000155,primary_cache
300628,primary_cache
600566,primary_cache
600323,primary_cache
603876,primary_cache
600110,primary_cache
002223,primary_cache
002536,primary_cache
603444,primary_cache
600998,primary_cache
601106,primary_cache
603667,primary_cache
600226,primary_cache
603737,primary_cache
300398,primary_cache
600583,primary_cache
002497,primary_cache
000158,primary_cache
600098,primary_cache
000766,primary_cache
601069,primary_cache
601016,primary_cache
300456,primary_cache
600100,primary_cache
600516,primary_cache
002624,primary_cache
601608,primary_cache
601866,primary_cache
002157,primary_cache
002271,primary_cache
002266,primary_cache
601918,primary_cache
600132,primary_cache
002552,primary_cache
601137,primary_cache
601928,primary_cache
300699,primary_cache
000032,primary_cache
601128,primary_cache
002130,primary_cache
002192,primary_cache
002545,primary_cache
600126,primary_cache
601606,primary_cache
600008,primary_cache
600550,primary_cache
000415,primary_cache
000683,primary_cache
000400,primary_cache
601228,primary_cache
600486,primary_cache
600095,primary_cache
603881,primary_cache
300762,primary_cache
300657,primary_cache
601099,primary_cache
300496,primary_cache
603063,primary_cache
603301,primary_cache
300568,primary_cache
601666,primary_cache
300383,primary_cache
300558,primary_cache
002318,primary_cache
600970,primary_cache
002716,primary_cache
300347,primary_cache
600388,primary_cache
002171,primary_cache
300679,primary_cache
600685,primary_cache
000709,primary_cache
000825,primary_cache
600688,primary_cache
603738,primary_cache
600329,primary_cache
002603,primary_cache
600521,primary_cache
300102,primary_cache
000564,primary_cache
600765,primary_cache
600390,primary_cache
002831,primary_cache
002926,primary_cache
603002,primary_cache
600535,primary_cache
300260,primary_cache
600170,primary_cache
600186,primary_cache
600582,primary_cache
000039,primary_cache
000750,primary_cache
600663,primary_cache
300474,primary_cache
603077,primary_cache
601975,primary_cache
601567,primary_cache
603588,primary_cache
603816,primary_cache
300677,primary_cache
603826,primary_cache
601997,primary_cache
601677,primary_cache
601636,primary_cache
300342,primary_cache
000623,primary_cache
603833,primary_cache
603638,primary_cache
002423,primary_cache
002065,primary_cache
300724,primary_cache
603938,primary_cache
601865,primary_cache
000598,primary_cache
002645,primary_cache
002048,primary_cache
002948,primary_cache
000935,primary_cache
603226,primary_cache
002007,primary_cache
603127,primary_cache
603899,primary_cache
600967,primary_cache
300012,primary_cache
000603,primary_cache
002683,primary_cache
002468,primary_cache
002265,primary_cache
600596,primary_cache
000034,primary_cache
002290,primary_cache
001696,primary_cache
300627,primary_cache
002402,primary_cache
002461,primary_cache
000875,primary_cache
000591,primary_cache
002299,primary_cache
300131,primary_cache
300738,primary_cache
600428,primary_cache
600961,primary_cache
300209,primary_cache
603026,primary_cache
601158,primary_cache
600848,primary_cache
600459,primary_cache
600004,primary_cache
600316,primary_cache
000543,primary_cache
002379,primary_cache
600007,primary_cache
300503,primary_cache
600410,primary_cache
002044,primary_cache
603283,primary_cache
002180,primary_cache
300088,primary_cache
002895,primary_cache
601098,primary_cache
002176,primary_cache
000050,primary_cache
600552,primary_cache
603733,primary_cache
600606,primary_cache
600012,primary_cache
600171,primary_cache
000539,primary_cache
600518,primary_cache
002506,primary_cache
300323,primary_cache
000739,primary_cache
002670,primary_cache
603233,primary_cache
600602,primary_cache
600038,primary_cache
002500,primary_cache
000686,primary_cache
002120,primary_cache
601020,primary_cache
600339,primary_cache
300003,primary_cache
002389,primary_cache
600301,primary_cache
000937,primary_cache
002611,primary_cache
601969,primary_cache
600435,primary_cache
002913,primary_cache
600380,primary_cache
600131,primary_cache
603997,primary_cache
603337,primary_cache
300602,primary_cache
002270,primary_cache
603823,primary_cache
000997,primary_cache
603658,primary_cache
300142,primary_cache
300201,primary_cache
603203,primary_cache
600754,primary_cache
603000,primary_cache
601139,primary_cache
000513,primary_cache
000009,primary_cache
600179,primary_cache
603358,primary_cache
002739,primary_cache
002947,primary_cache
002841,primary_cache
300773,primary_cache
300085,primary_cache
000537,primary_cache
600062,primary_cache
002326,primary_cache
601519,primary_cache
600888,primary_cache
300660,primary_cache
002405,primary_cache
300319,primary_cache
300655,primary_cache
300170,primary_cache
601966,primary_cache
300122,primary_cache
600367,primary_cache
600820,primary_cache
000528,primary_cache
000723,primary_cache
600655,primary_cache
000966,primary_cache
002262,primary_cache
300199,primary_cache
601101,primary_cache
601333,primary_cache
000429,primary_cache
002317,primary_cache
601858,primary_cache
603031,primary_cache
300302,primary_cache
603011,primary_cache
002534,primary_cache
600151,primary_cache
002531,primary_cache
300487,primary_cache
002312,primary_cache
603871,primary_cache
002617,primary_cache
600808,primary_cache
000682,primary_cache
300184,primary_cache
300144,primary_cache
600835,primary_cache
600531,primary_cache
601326,primary_cache
002145,primary_cache
300413,primary_cache
603078,primary_cache
603505,primary_cache
300769,primary_cache
600452,primary_cache
603858,primary_cache
600338,primary_cache
603698,primary_cache
300455,primary_cache
600623,primary_cache
600877,primary_cache
000791,primary_cache
000970,primary_cache
000672,primary_cache
300100,primary_cache
002237,primary_cache
300593,primary_cache
000898,primary_cache
600783,primary_cache
603355,primary_cache
600063,primary_cache
600361,primary_cache
603025,primary_cache
603305,primary_cache
300083,primary_cache
002958,primary_cache
300179,primary_cache
600959,primary_cache
600528,primary_cache
600928,primary_cache
603601,primary_cache
000762,primary_cache
000778,primary_cache
002897,primary_cache
600739,primary_cache
600172,primary_cache
002320,primary_cache
002925,primary_cache
603267,primary_cache
603303,primary_cache
002896,primary_cache
603936,primary_cache
600629,primary_cache
600184,primary_cache
600403,primary_cache
300364,primary_cache
300263,primary_cache
300457,primary_cache
600763,primary_cache
603800,primary_cache
600120,primary_cache
600363,primary_cache
600750,primary_cache
300726,primary_cache
600343,primary_cache
600511,primary_cache
600651,primary_cache
601369,primary_cache
300005,primary_cache
000927,primary_cache
600320,primary_cache
000534,primary_cache
002158,primary_cache
002508,primary_cache
600744,primary_cache
002249,primary_cache
603039,primary_cache
000563,primary_cache
300296,primary_cache
600761,primary_cache
600575,primary_cache
300409,primary_cache
000681,primary_cache
600490,primary_cache
603868,primary_cache
300735,primary_cache
300331,primary_cache
600397,primary_cache
600867,primary_cache
600589,primary_cache
002151,primary_cache
002568,primary_cache
600113,primary_cache
002254,primary_cache
002838,primary_cache
600548,primary_cache
603317,primary_cache
600776,primary_cache
300723,primary_cache
000973,primary_cache
000902,primary_cache
600816,primary_cache
600416,primary_cache
600933,primary_cache
600710,primary_cache
601019,primary_cache
000901,primary_cache
002815,primary_cache
603009,primary_cache
600366,primary_cache
600773,primary_cache
002865,primary_cache
600456,primary_cache
000592,primary_cache
002643,primary_cache
002565,primary_cache
000700,primary_cache
600258,primary_cache
600675,primary_cache
300304,primary_cache
000581,primary_cache
600779,primary_cache
002946,primary_cache
600475,primary_cache
600022,primary_cache
000422,primary_cache
300676,primary_cache
000758,primary_cache
000767,primary_cache
002396,primary_cache
002051,primary_cache
603328,primary_cache
002773,primary_cache
002410,primary_cache
002183,primary_cache
000680,primary_cache
601965,primary_cache
002654,primary_cache
000088,primary_cache
002779,primary_cache
002733,primary_cache
002181,primary_cache
002741,primary_cache
600764,primary_cache
300166,primary_cache
300002,primary_cache
000620,primary_cache
600201,primary_cache
000612,primary_cache
600633,primary_cache
002922,primary_cache
600458,primary_cache
600167,primary_cache
600056,primary_cache
603515,primary_cache
601375,primary_cache
600872,primary_cache
300613,primary_cache
603906,primary_cache
002906,primary_cache
002010,primary_cache
002408,primary_cache
000685,primary_cache
603360,primary_cache
300229,primary_cache
300034,primary_cache
600621,primary_cache
002507,primary_cache
002081,primary_cache
603297,primary_cache
300720,primary_cache
300469,primary_cache
002416,primary_cache
600409,primary_cache
002544,primary_cache
002372,primary_cache
002759,primary_cache
300718,primary_cache
000785,primary_cache
002768,primary_cache
002413,primary_cache
000089,primary_cache
300328,primary_cache
002929,primary_cache
002911,primary_cache
002867,primary_cache
000099,primary_cache
600821,primary_cache
600064,primary_cache
002297,primary_cache
300253,primary_cache
600271,primary_cache
002208,primary_cache
000553,primary_cache
300468,primary_cache
