raw_code,stock_code,label_mode,entry_policy,search_dir,summary_file,feature_group,model_name,target_hit_bps,trades,win_rate,avg_return,median_return,compound_return,max_drawdown,profit_factor,windows,sample_file,intraday_bars,feature_pipeline,external,entry_vwap_premium_bps,rank_score
601390,601390.SH,close_profit,vwap_low,/root/stock_realtime_v021_full/saved_data/601390_pipeline_out_v2_new27_full/10_search/search_vwap_low_close_profit_50bps,/root/stock_realtime_v021_full/saved_data/601390_pipeline_out_v2_new27_full/10_search/search_vwap_low_close_profit_50bps/summary_50bps.csv,all_no_ak,lgbm_leaves15_700,50.0,201,0.4975124378109453,0.001534454615671,-0.0001699999999999,0.2969826145358003,-0.1597211243565254,1.2585333932772182,10,/root/stock_realtime_v021_full/saved_data/601390_pipeline_out_v2_new27_full/03_sector/training_samples_with_sector.csv,/root/stock_realtime_v021_full/saved_data/601390_pipeline_out_v2_new27_full/00_base/601390_5m.csv,"fundamental,sector",,50.0,-0.018175632287590993
601390,601390.SH,close_profit,vwap_low,/root/stock_realtime_v021_full/saved_data/601390_pipeline_out_v2_new27_full/10_search/search_vwap_low_close_profit_50bps,/root/stock_realtime_v021_full/saved_data/601390_pipeline_out_v2_new27_full/10_search/search_vwap_low_close_profit_50bps/summary_50bps.csv,reversal_fundamental_regime,random_forest_600_d4,50.0,229,0.4803493449781659,0.0012957865266062,-0.0001699999999999,0.2634757382014161,-0.1606240520704438,1.1909770993603974,10,/root/stock_realtime_v021_full/saved_data/601390_pipeline_out_v2_new27_full/03_sector/training_samples_with_sector.csv,/root/stock_realtime_v021_full/saved_data/601390_pipeline_out_v2_new27_full/00_base/601390_5m.csv,"fundamental,sector",,50.0,-0.020547204704500166
601390,601390.SH,close_profit,all_days,/root/stock_realtime_v021_full/saved_data/601390_pipeline_out_v2_new27_full/10_search/search_all_days_close_profit_50bps,/root/stock_realtime_v021_full/saved_data/601390_pipeline_out_v2_new27_full/10_search/search_all_days_close_profit_50bps/summary_50bps.csv,all_no_ak,lgbm_leaves15_700,50.0,204,0.4901960784313725,0.0011247571033793,-0.0001699999999999,0.1968495270792301,-0.1597211243565254,1.1803918497625443,10,/root/stock_realtime_v021_full/saved_data/601390_pipeline_out_v2_new27_full/03_sector/training_samples_with_sector.csv,/root/stock_realtime_v021_full/saved_data/601390_pipeline_out_v2_new27_full/00_base/601390_5m.csv,"fundamental,sector",,50.0,-0.02386553638257447
601390,601390.SH,close_profit,vwap_low,/root/stock_realtime_v021_full/saved_data/601390_pipeline_out_v2_new27_full/10_search/search_vwap_low_close_profit_50bps,/root/stock_realtime_v021_full/saved_data/601390_pipeline_out_v2_new27_full/10_search/search_vwap_low_close_profit_50bps/summary_50bps.csv,reversal_fundamental_regime,extra_trees_600_d3,50.0,218,0.4678899082568807,0.0010418411045296,-0.0001699999999999,0.1802809441139161,-0.1578341113465853,1.153319178356135,10,/root/stock_realtime_v021_full/saved_data/601390_pipeline_out_v2_new27_full/03_sector/training_samples_with_sector.csv,/root/stock_realtime_v021_full/saved_data/601390_pipeline_out_v2_new27_full/00_base/601390_5m.csv,"fundamental,sector",,50.0,-0.024075928271388648
601390,601390.SH,close_profit,all_days,/root/stock_realtime_v021_full/saved_data/601390_pipeline_out_v2_new27_full/10_search/search_all_days_close_profit_50bps,/root/stock_realtime_v021_full/saved_data/601390_pipeline_out_v2_new27_full/10_search/search_all_days_close_profit_50bps/summary_50bps.csv,reversal_fundamental_regime,random_forest_600_d4,50.0,234,0.4743589743589743,0.0009967866134209,-0.0001699999999999,0.1837869167854824,-0.1606240520704438,1.1422044165356957,10,/root/stock_realtime_v021_full/saved_data/601390_pipeline_out_v2_new27_full/03_sector/training_samples_with_sector.csv,/root/stock_realtime_v021_full/saved_data/601390_pipeline_out_v2_new27_full/00_base/601390_5m.csv,"fundamental,sector",,50.0,-0.024908109839447242
601390,601390.SH,close_profit,vwap_low,/root/stock_realtime_v021_full/saved_data/601390_pipeline_out_v2_new27_full/10_search/search_vwap_low_close_profit_50bps,/root/stock_realtime_v021_full/saved_data/601390_pipeline_out_v2_new27_full/10_search/search_vwap_low_close_profit_50bps/summary_50bps.csv,reversal_fundamental_regime,xgb_d3_600_lr002_mcw3,50.0,194,0.4793814432989691,0.001912611683045,-0.0001699999999999,0.3835628264697726,-0.217615662383578,1.3087700169739704,10,/root/stock_realtime_v021_full/saved_data/601390_pipeline_out_v2_new27_full/03_sector/training_samples_with_sector.csv,/root/stock_realtime_v021_full/saved_data/601390_pipeline_out_v2_new27_full/00_base/601390_5m.csv,"fundamental,sector",,50.0,-0.027764317450965133
601390,601390.SH,close_profit,all_days,/root/stock_realtime_v021_full/saved_data/601390_pipeline_out_v2_new27_full/10_search/search_all_days_close_profit_50bps,/root/stock_realtime_v021_full/saved_data/601390_pipeline_out_v2_new27_full/10_search/search_all_days_close_profit_50bps/summary_50bps.csv,reversal_fundamental_regime,extra_trees_600_d3,50.0,222,0.4639639639639639,0.0007777568102783,-0.0001699999999999,0.1164117983045787,-0.1578341113465853,1.1117666656970864,10,/root/stock_realtime_v021_full/saved_data/601390_pipeline_out_v2_new27_full/03_sector/training_samples_with_sector.csv,/root/stock_realtime_v021_full/saved_data/601390_pipeline_out_v2_new27_full/00_base/601390_5m.csv,"fundamental,sector",,50.0,-0.0278702123586569
601390,601390.SH,close_profit,vwap_low,/root/stock_realtime_v021_full/saved_data/601390_pipeline_out_v2_new27_full/10_search/search_vwap_low_close_profit_50bps,/root/stock_realtime_v021_full/saved_data/601390_pipeline_out_v2_new27_full/10_search/search_vwap_low_close_profit_50bps/summary_50bps.csv,all_no_ak,random_forest_600_d4,50.0,202,0.495049504950495,0.0016777553049901,-0.0001699999999999,0.3217794816747077,-0.2078039416201473,1.2425771362092586,10,/root/stock_realtime_v021_full/saved_data/601390_pipeline_out_v2_new27_full/03_sector/training_samples_with_sector.csv,/root/stock_realtime_v021_full/saved_data/601390_pipeline_out_v2_new27_full/00_base/601390_5m.csv,"fundamental,sector",,50.0,-0.028105602237401845
601390,601390.SH,close_profit,all_days,/root/stock_realtime_v021_full/saved_data/601390_pipeline_out_v2_new27_full/10_search/search_all_days_close_profit_50bps,/root/stock_realtime_v021_full/saved_data/601390_pipeline_out_v2_new27_full/10_search/search_all_days_close_profit_50bps/summary_50bps.csv,reversal_fundamental_regime,xgb_d3_600_lr002_mcw3,50.0,200,0.475,0.001582903979645,-0.0001699999999999,0.3079941295724204,-0.217615662383578,1.2457638809802136,10,/root/stock_realtime_v021_full/saved_data/601390_pipeline_out_v2_new27_full/03_sector/training_samples_with_sector.csv,/root/stock_realtime_v021_full/saved_data/601390_pipeline_out_v2_new27_full/00_base/601390_5m.csv,"fundamental,sector",,50.0,-0.032018272836411454
601390,601390.SH,close_profit,all_days,/root/stock_realtime_v021_full/saved_data/601390_pipeline_out_v2_new27_full/10_search/search_all_days_close_profit_50bps,/root/stock_realtime_v021_full/saved_data/601390_pipeline_out_v2_new27_full/10_search/search_all_days_close_profit_50bps/summary_50bps.csv,all_no_ak,random_forest_600_d4,50.0,205,0.4878048780487805,0.0013435416889354,-0.0001699999999999,0.2390754350418704,-0.2078039416201473,1.188571902922654,10,/root/stock_realtime_v021_full/saved_data/601390_pipeline_out_v2_new27_full/03_sector/training_samples_with_sector.csv,/root/stock_realtime_v021_full/saved_data/601390_pipeline_out_v2_new27_full/00_base/601390_5m.csv,"fundamental,sector",,50.0,-0.032714395911807664
601390,601390.SH,hit,vwap_low,/root/stock_realtime_v021_full/saved_data/601390_pipeline_out_v2_new27_full/10_search/search_vwap_low_hit_50bps,/root/stock_realtime_v021_full/saved_data/601390_pipeline_out_v2_new27_full/10_search/search_vwap_low_hit_50bps/summary_50bps.csv,all_no_ak,xgb_d3_600_lr002_mcw3,50.0,219,0.7031963470319634,-0.0007069599761374,0.005,-0.1573930784733255,-0.1673942827577185,0.8313471364975525,10,/root/stock_realtime_v021_full/saved_data/601390_pipeline_out_v2_new27_full/03_sector/training_samples_with_sector.csv,/root/stock_realtime_v021_full/saved_data/601390_pipeline_out_v2_new27_full/00_base/601390_5m.csv,"fundamental,sector",,50.0,-0.05231062294132468
601390,601390.SH,hit,vwap_low,/root/stock_realtime_v021_full/saved_data/601390_pipeline_out_v2_new27_full/10_search/search_vwap_low_hit_80bps,/root/stock_realtime_v021_full/saved_data/601390_pipeline_out_v2_new27_full/10_search/search_vwap_low_hit_80bps/summary_80bps.csv,all_no_ak,random_forest_600_d4,80.0,211,0.6113744075829384,-0.0006563560118225,0.008,-0.1461855191619164,-0.1972080639888934,0.8705158753472213,10,/root/stock_realtime_v021_full/saved_data/601390_pipeline_out_v2_new27_full/03_sector/training_samples_with_sector.csv,/root/stock_realtime_v021_full/saved_data/601390_pipeline_out_v2_new27_full/00_base/601390_5m.csv,"fundamental,sector",,50.0,-0.05883613778205065
601390,601390.SH,hit,vwap_low,/root/stock_realtime_v021_full/saved_data/601390_pipeline_out_v2_new27_full/10_search/search_vwap_low_hit_50bps,/root/stock_realtime_v021_full/saved_data/601390_pipeline_out_v2_new27_full/10_search/search_vwap_low_hit_50bps/summary_50bps.csv,reversal_fundamental_regime_sector,lgbm_leaves15_700,50.0,214,0.6728971962616822,-0.0005837518192484,0.005,-0.1268659936317253,-0.205163595217241,0.8496941649833487,10,/root/stock_realtime_v021_full/saved_data/601390_pipeline_out_v2_new27_full/03_sector/training_samples_with_sector.csv,/root/stock_realtime_v021_full/saved_data/601390_pipeline_out_v2_new27_full/00_base/601390_5m.csv,"fundamental,sector",,50.0,-0.059830451714493825
601390,601390.SH,hit,vwap_low,/root/stock_realtime_v021_full/saved_data/601390_pipeline_out_v2_new27_full/10_search/search_vwap_low_hit_50bps,/root/stock_realtime_v021_full/saved_data/601390_pipeline_out_v2_new27_full/10_search/search_vwap_low_hit_50bps/summary_50bps.csv,reversal_fundamental_regime_sector_external,lgbm_leaves15_700,50.0,214,0.6728971962616822,-0.0005837518192484,0.005,-0.1268659936317253,-0.205163595217241,0.8496941649833487,10,/root/stock_realtime_v021_full/saved_data/601390_pipeline_out_v2_new27_full/03_sector/training_samples_with_sector.csv,/root/stock_realtime_v021_full/saved_data/601390_pipeline_out_v2_new27_full/00_base/601390_5m.csv,"fundamental,sector",,50.0,-0.059830451714493825
601390,601390.SH,hit,vwap_low,/root/stock_realtime_v021_full/saved_data/601390_pipeline_out_v2_new27_full/10_search/search_vwap_low_hit_50bps,/root/stock_realtime_v021_full/saved_data/601390_pipeline_out_v2_new27_full/10_search/search_vwap_low_hit_50bps/summary_50bps.csv,all_no_ak,xgb_d3_400_lr003_mcw3,50.0,228,0.6973684210526315,-0.0006496756968488,0.005,-0.1518010547505495,-0.2039689315822418,0.8411788649253708,10,/root/stock_realtime_v021_full/saved_data/601390_pipeline_out_v2_new27_full/03_sector/training_samples_with_sector.csv,/root/stock_realtime_v021_full/saved_data/601390_pipeline_out_v2_new27_full/00_base/601390_5m.csv,"fundamental,sector",,50.0,-0.060802120791215636
601390,601390.SH,hit,all_days,/root/stock_realtime_v021_full/saved_data/601390_pipeline_out_v2_new27_full/10_search/search_all_days_hit_50bps,/root/stock_realtime_v021_full/saved_data/601390_pipeline_out_v2_new27_full/10_search/search_all_days_hit_50bps/summary_50bps.csv,reversal_fundamental_regime_sector,lgbm_leaves15_700,50.0,219,0.6666666666666666,-0.0007885266070555,0.005,-0.1682517557701327,-0.205163595217241,0.8057268075988391,10,/root/stock_realtime_v021_full/saved_data/601390_pipeline_out_v2_new27_full/03_sector/training_samples_with_sector.csv,/root/stock_realtime_v021_full/saved_data/601390_pipeline_out_v2_new27_full/00_base/601390_5m.csv,"fundamental,sector",,50.0,-0.06296002696358362
601390,601390.SH,hit,all_days,/root/stock_realtime_v021_full/saved_data/601390_pipeline_out_v2_new27_full/10_search/search_all_days_hit_50bps,/root/stock_realtime_v021_full/saved_data/601390_pipeline_out_v2_new27_full/10_search/search_all_days_hit_50bps/summary_50bps.csv,reversal_fundamental_regime_sector_external,lgbm_leaves15_700,50.0,219,0.6666666666666666,-0.0007885266070555,0.005,-0.1682517557701327,-0.205163595217241,0.8057268075988391,10,/root/stock_realtime_v021_full/saved_data/601390_pipeline_out_v2_new27_full/03_sector/training_samples_with_sector.csv,/root/stock_realtime_v021_full/saved_data/601390_pipeline_out_v2_new27_full/00_base/601390_5m.csv,"fundamental,sector",,50.0,-0.06296002696358362
601390,601390.SH,hit,all_days,/root/stock_realtime_v021_full/saved_data/601390_pipeline_out_v2_new27_full/10_search/search_all_days_hit_50bps,/root/stock_realtime_v021_full/saved_data/601390_pipeline_out_v2_new27_full/10_search/search_all_days_hit_50bps/summary_50bps.csv,all_no_ak,xgb_d3_600_lr002_mcw3,50.0,226,0.6946902654867256,-0.0010733905248097,0.005,-0.2296172621902451,-0.2179588628913492,0.7623491311628134,10,/root/stock_realtime_v021_full/saved_data/601390_pipeline_out_v2_new27_full/03_sector/training_samples_with_sector.csv,/root/stock_realtime_v021_full/saved_data/601390_pipeline_out_v2_new27_full/00_base/601390_5m.csv,"fundamental,sector",,50.0,-0.07062631361203875
601390,601390.SH,hit,all_days,/root/stock_realtime_v021_full/saved_data/601390_pipeline_out_v2_new27_full/10_search/search_all_days_hit_50bps,/root/stock_realtime_v021_full/saved_data/601390_pipeline_out_v2_new27_full/10_search/search_all_days_hit_50bps/summary_50bps.csv,all_no_ak,xgb_d3_400_lr003_mcw3,50.0,236,0.6864406779661016,-0.0010968860180436,0.005,-0.242323131991199,-0.2308570138745119,0.755418151367034,10,/root/stock_realtime_v021_full/saved_data/601390_pipeline_out_v2_new27_full/03_sector/training_samples_with_sector.csv,/root/stock_realtime_v021_full/saved_data/601390_pipeline_out_v2_new27_full/00_base/601390_5m.csv,"fundamental,sector",,50.0,-0.07456493621541223
601390,601390.SH,hit,vwap_low,/root/stock_realtime_v021_full/saved_data/601390_pipeline_out_v2_new27_full/10_search/search_vwap_low_hit_50bps,/root/stock_realtime_v021_full/saved_data/601390_pipeline_out_v2_new27_full/10_search/search_vwap_low_hit_50bps/summary_50bps.csv,reversal_fundamental_regime,random_forest_600_d4,50.0,199,0.7035175879396985,-0.0010804969728928,0.005,-0.2066975883045931,-0.2471118594771749,0.7599863038484781,10,/root/stock_realtime_v021_full/saved_data/601390_pipeline_out_v2_new27_full/03_sector/training_samples_with_sector.csv,/root/stock_realtime_v021_full/saved_data/601390_pipeline_out_v2_new27_full/00_base/601390_5m.csv,"fundamental,sector",,50.0,-0.07702025039272066
601390,601390.SH,hit,vwap_low,/root/stock_realtime_v021_full/saved_data/601390_pipeline_out_v2_new27_full/10_search/search_vwap_low_hit_80bps,/root/stock_realtime_v021_full/saved_data/601390_pipeline_out_v2_new27_full/10_search/search_vwap_low_hit_80bps/summary_80bps.csv,reversal_fundamental_regime,xgb_d3_600_lr002_mcw3,80.0,195,0.5743589743589743,-0.001246245294225,0.0045321943573668,-0.2305612309188413,-0.2529859823923913,0.7690466336233499,10,/root/stock_realtime_v021_full/saved_data/601390_pipeline_out_v2_new27_full/03_sector/training_samples_with_sector.csv,/root/stock_realtime_v021_full/saved_data/601390_pipeline_out_v2_new27_full/00_base/601390_5m.csv,"fundamental,sector",,50.0,-0.08064936404007317
601390,601390.SH,hit,vwap_low,/root/stock_realtime_v021_full/saved_data/601390_pipeline_out_v2_new27_full/10_search/search_vwap_low_hit_80bps,/root/stock_realtime_v021_full/saved_data/601390_pipeline_out_v2_new27_full/10_search/search_vwap_low_hit_80bps/summary_80bps.csv,reversal_fundamental_regime,xgb_d3_400_lr003_mcw3,80.0,224,0.59375,-0.00060927550974,0.0048905422293035,-0.1440788538054678,-0.2869367532231103,0.8732070109995799,10,/root/stock_realtime_v021_full/saved_data/601390_pipeline_out_v2_new27_full/03_sector/training_samples_with_sector.csv,/root/stock_realtime_v021_full/saved_data/601390_pipeline_out_v2_new27_full/00_base/601390_5m.csv,"fundamental,sector",,50.0,-0.08085298915217409
601390,601390.SH,hit,vwap_low,/root/stock_realtime_v021_full/saved_data/601390_pipeline_out_v2_new27_full/10_search/search_vwap_low_hit_80bps,/root/stock_realtime_v021_full/saved_data/601390_pipeline_out_v2_new27_full/10_search/search_vwap_low_hit_80bps/summary_80bps.csv,reversal_fundamental_regime,xgb_d4_500_lr002_mcw5,80.0,237,0.5654008438818565,-0.0009634699841153,0.0062816129032259,-0.2207504732069091,-0.2656186312359979,0.8132439748700684,10,/root/stock_realtime_v021_full/saved_data/601390_pipeline_out_v2_new27_full/03_sector/training_samples_with_sector.csv,/root/stock_realtime_v021_full/saved_data/601390_pipeline_out_v2_new27_full/00_base/601390_5m.csv,"fundamental,sector",,50.0,-0.08123708968104928
601390,601390.SH,hit,vwap_low,/root/stock_realtime_v021_full/saved_data/601390_pipeline_out_v2_new27_full/10_search/search_vwap_low_hit_80bps,/root/stock_realtime_v021_full/saved_data/601390_pipeline_out_v2_new27_full/10_search/search_vwap_low_hit_80bps/summary_80bps.csv,reversal_fundamental_regime,xgb_d2_200_lr003_mcw5,80.0,213,0.5868544600938967,-0.0011026329159826,0.0051967262969587,-0.225542683419642,-0.2729788426646103,0.7923127870456638,10,/root/stock_realtime_v021_full/saved_data/601390_pipeline_out_v2_new27_full/03_sector/training_samples_with_sector.csv,/root/stock_realtime_v021_full/saved_data/601390_pipeline_out_v2_new27_full/00_base/601390_5m.csv,"fundamental,sector",,50.0,-0.08433710828111245
601390,601390.SH,hit,all_days,/root/stock_realtime_v021_full/saved_data/601390_pipeline_out_v2_new27_full/10_search/search_all_days_hit_80bps,/root/stock_realtime_v021_full/saved_data/601390_pipeline_out_v2_new27_full/10_search/search_all_days_hit_80bps/summary_80bps.csv,reversal_fundamental_regime,xgb_d3_400_lr003_mcw3,80.0,230,0.5869565217391305,-0.0009009393187097,0.0045582762595075,-0.2037031028838466,-0.2999859078690383,0.8218447346642792,10,/root/stock_realtime_v021_full/saved_data/601390_pipeline_out_v2_new27_full/03_sector/training_samples_with_sector.csv,/root/stock_realtime_v021_full/saved_data/601390_pipeline_out_v2_new27_full/00_base/601390_5m.csv,"fundamental,sector",,50.0,-0.08865989824010821
601390,601390.SH,hit,all_days,/root/stock_realtime_v021_full/saved_data/601390_pipeline_out_v2_new27_full/10_search/search_all_days_hit_80bps,/root/stock_realtime_v021_full/saved_data/601390_pipeline_out_v2_new27_full/10_search/search_all_days_hit_80bps/summary_80bps.csv,all_no_ak,random_forest_600_d4,80.0,219,0.5981735159817352,-0.0011676382380406,0.008,-0.2422763921735726,-0.2856910229359152,0.7873989475572751,10,/root/stock_realtime_v021_full/saved_data/601390_pipeline_out_v2_new27_full/03_sector/training_samples_with_sector.csv,/root/stock_realtime_v021_full/saved_data/601390_pipeline_out_v2_new27_full/00_base/601390_5m.csv,"fundamental,sector",,50.0,-0.08870222369542564
601390,601390.SH,hit,all_days,/root/stock_realtime_v021_full/saved_data/601390_pipeline_out_v2_new27_full/10_search/search_all_days_hit_50bps,/root/stock_realtime_v021_full/saved_data/601390_pipeline_out_v2_new27_full/10_search/search_all_days_hit_50bps/summary_50bps.csv,reversal_fundamental_regime,xgb_d3_600_lr002_mcw3,50.0,265,0.6830188679245283,-0.0009371907114636,0.005,-0.2349154938102977,-0.2958351492006836,0.7807298394032575,10,/root/stock_realtime_v021_full/saved_data/601390_pipeline_out_v2_new27_full/03_sector/training_samples_with_sector.csv,/root/stock_realtime_v021_full/saved_data/601390_pipeline_out_v2_new27_full/00_base/601390_5m.csv,"fundamental,sector",,50.0,-0.0892151467564179
601390,601390.SH,hit,all_days,/root/stock_realtime_v021_full/saved_data/601390_pipeline_out_v2_new27_full/10_search/search_all_days_hit_80bps,/root/stock_realtime_v021_full/saved_data/601390_pipeline_out_v2_new27_full/10_search/search_all_days_hit_80bps/summary_80bps.csv,reversal_fundamental_regime,xgb_d4_500_lr002_mcw5,80.0,245,0.5551020408163265,-0.0014104654770272,0.0051967262969587,-0.308449579984729,-0.3485661864761715,0.7451403037919041,10,/root/stock_realtime_v021_full/saved_data/601390_pipeline_out_v2_new27_full/03_sector/training_samples_with_sector.csv,/root/stock_realtime_v021_full/saved_data/601390_pipeline_out_v2_new27_full/00_base/601390_5m.csv,"fundamental,sector",,50.0,-0.10921882342488928
601390,601390.SH,hit,all_days,/root/stock_realtime_v021_full/saved_data/601390_pipeline_out_v2_new27_full/10_search/search_all_days_hit_80bps,/root/stock_realtime_v021_full/saved_data/601390_pipeline_out_v2_new27_full/10_search/search_all_days_hit_80bps/summary_80bps.csv,all_no_ak,xgb_d3_400_lr003_mcw3,80.0,190,0.5842105263157895,-0.001910921565112,0.0048644603271628,-0.3191957306593035,-0.332628563817559,0.685489425576833,10,/root/stock_realtime_v021_full/saved_data/601390_pipeline_out_v2_new27_full/03_sector/training_samples_with_sector.csv,/root/stock_realtime_v021_full/saved_data/601390_pipeline_out_v2_new27_full/00_base/601390_5m.csv,"fundamental,sector",,50.0,-0.10949737696931411
601390,601390.SH,hit,all_days,/root/stock_realtime_v021_full/saved_data/601390_pipeline_out_v2_new27_full/10_search/search_all_days_hit_80bps,/root/stock_realtime_v021_full/saved_data/601390_pipeline_out_v2_new27_full/10_search/search_all_days_hit_80bps/summary_80bps.csv,reversal_fundamental_regime,xgb_d3_600_lr002_mcw3,80.0,203,0.5615763546798029,-0.001774578758671,0.0038140637450201,-0.3171562052479819,-0.3373603812077883,0.6961182219592436,10,/root/stock_realtime_v021_full/saved_data/601390_pipeline_out_v2_new27_full/03_sector/training_samples_with_sector.csv,/root/stock_realtime_v021_full/saved_data/601390_pipeline_out_v2_new27_full/00_base/601390_5m.csv,"fundamental,sector",,50.0,-0.1096239506934304
