date,sector_open,sector_high,sector_low,sector_close,sector_volume,sector_amount
2025-01-02,2459.492,2499.642,2416.317,2434.186,2224219100,16059284000.0
2025-01-03,2440.119,2503.777,2409.116,2412.322,2800046200,22334090000.0
2025-01-06,2409.562,2478.494,2375.403,2445.068,2349722600,18737375000.0
2025-01-07,2451.089,2504.464,2437.015,2504.464,2226039400,18161366000.0
2025-01-08,2499.909,2500.195,2415.802,2466.897,2414275400,18184489000.0
2025-01-09,2452.854,2484.117,2443.094,2472.051,1734690800,13960487000.0
2025-01-10,2471.229,2510.39,2435.29,2435.29,1986158500,16199555000.0
2025-01-13,2407.273,2499.516,2401.56,2489.252,2297380700,19610934000.0
2025-01-14,2488.737,2549.183,2482.566,2548.898,2474123500,19858066000.0
2025-01-15,2542.425,2550.328,2500.714,2516.7,2152125400,18648518000.0
2025-01-16,2532.064,2586.25,2532.064,2584.895,2923914900,23908741000.0
2025-01-17,2580.636,2593.132,2556.979,2585.875,2097391700,16376413000.0
2025-01-20,2600.013,2602.357,2572.011,2583.904,2080312400,16330514000.0
2025-01-21,2586.303,2586.87,2550.608,2567.315,1622875000,12854737800.0
2025-01-22,2563.947,2567.59,2543.522,2555.135,1533863600,12489177000.0
2025-01-23,2575.979,2600.475,2543.004,2543.004,2065035300,16960232000.0
2025-01-24,2541.572,2575.726,2533.534,2573.713,1793430400,14742363000.0
2025-01-27,2578.385,2605.61,2566.724,2566.724,1622473100,13744897000.0
2025-02-05,2586.247,2589.295,2552.078,2572.136,1951443700,16236140000.0
2025-02-06,2574.123,2603.511,2564.943,2603.511,2180286400,17382588000.0
2025-02-07,2604.272,2660.683,2595.711,2649.201,2966111800,23077363000.0
2025-02-10,2656.754,2669.574,2645.642,2665.548,2696964500,22690209000.0
2025-02-11,2667.491,2694.665,2660.189,2672.862,2625127500,23013890000.0
2025-02-12,2655.557,2660.854,2630.465,2656.455,2431396100,19675825000.0
2025-02-13,2655.691,2664.378,2629.759,2630.271,1977345200,16207413000.0
2025-02-14,2631.354,2643.708,2620.716,2636.883,1868469800,15370683000.0
2025-02-17,2624.573,2625.05,2600.938,2615.203,2470136000,20356959000.0
2025-02-18,2614.451,2623.364,2578.248,2585.305,2084561000,15756165000.0
2025-02-19,2586.533,2622.431,2586.533,2622.159,1877719800,14994686000.0
2025-02-20,2616.548,2637.02,2608.628,2636.205,1800208400,13961593000.0
2025-02-21,2643.579,2661.62,2632.827,2638.289,2208953000,19159540000.0
2025-02-24,2637.923,2666.421,2630.637,2663.59,1995253900,17026832000.0
2025-02-25,2658.195,2676.415,2645.109,2649.618,1888282200,16395026000.0
2025-02-26,2662.248,2703.036,2662.248,2692.729,2137301700,18546247000.0
2025-02-27,2698.039,2700.604,2639.229,2674.621,2637077700,18982484000.0
2025-02-28,2659.599,2670.829,2622.084,2627.03,2431205600,18029172000.0
2025-03-03,2636.27,2703.466,2636.27,2673.287,2679455400,20724264000.0
2025-03-04,2667.711,2706.995,2664.558,2704.226,1958477300,16166312000.0
2025-03-05,2700.72,2749.185,2672.612,2747.939,2499651000,20943733000.0
2025-03-06,2764.226,2786.449,2762.784,2783.467,2901371100,26002388000.0
2025-03-07,2785.083,2880.906,2785.083,2857.173,3598835700,30197739000.0
2025-03-10,2878.469,2900.139,2858.735,2900.139,3814946300,34011868000.0
2025-03-11,2861.802,2910.803,2846.477,2910.803,3374550400,30423192000.0
2025-03-12,2920.848,2931.668,2906.992,2916.161,3165617100,29526709000.0
2025-03-13,2918.838,2930.71,2885.539,2910.284,3164547100,28082360000.0
2025-03-14,2953.458,2975.141,2912.264,2941.861,3875006700,37129364000.0
2025-03-17,2937.205,2958.563,2929.761,2931.175,3141888200,28986132000.0
2025-03-18,2946.27,2988.913,2941.089,2967.318,3213385800,30194994000.0
2025-03-19,2955.413,2958.864,2924.821,2953.263,2712681000,26258438000.0
2025-03-20,2961.093,2973.835,2943.67,2946.998,2725558600,27230360000.0
2025-03-21,2929.139,2951.362,2880.02,2890.095,2816643100,27034056000.0
2025-03-24,2889.31,2933.467,2865.686,2919.516,4082983200,36896428000.0
2025-03-25,2928.683,2975.615,2909.96,2942.151,3638672100,34242848000.0
2025-03-26,2951.422,3013.1,2932.674,2942.152,4255566800,40217451000.0
2025-03-27,2906.598,2909.635,2867.737,2879.931,3020790000,28034610000.0
2025-03-28,2882.743,2891.49,2834.706,2852.279,3038980900,26854791000.0
2025-03-31,2830.664,2830.664,2769.043,2802.6,2615054000,21615530000.0
2025-04-01,2803.844,2830.057,2801.565,2810.858,2041725900,18251415000.0
2025-04-02,2804.08,2834.519,2798.337,2804.275,1819470200,16172156000.0
2025-04-03,2776.91,2798.105,2758.154,2775.909,2517286600,21204047000.0
2025-04-07,2574.901,2580.729,2478.297,2480.706,3036438700,24504832000.0
2025-04-08,2446.759,2458.53,2369.083,2412.686,4419781900,32833763000.0
2025-04-09,2360.721,2451.902,2255.186,2441.48,4127961500,30889154000.0
2025-04-10,2504.044,2552.545,2502.321,2521.414,3596137700,28485186000.0
2025-04-11,2514.728,2557.828,2514.728,2535.639,2599378800,21505022000.0
2025-04-14,2568.562,2629.129,2568.562,2603.846,3135198300,25735460000.0
2025-04-15,2606.297,2611.261,2575.458,2594.627,2251696300,18459083000.0
2025-04-16,2601.237,2602.219,2519.828,2553.157,2262134100,18325739000.0
2025-04-17,2557.463,2584.974,2552.435,2558.205,2109951000,18908106000.0
2025-04-18,2553.629,2592.602,2542.93,2583.402,1807593400,14276596000.0
2025-04-21,2587.3,2655.458,2580.339,2655.333,2636287500,23515980000.0
2025-04-22,2655.154,2666.178,2636.82,2655.997,2784316000,23767231000.0
2025-04-23,2661.605,2684.87,2655.282,2673.644,2618164000,22633967000.0
2025-04-24,2681.418,2686.413,2646.388,2654.69,1945721200,16003653000.0
2025-04-25,2663.37,2706.312,2660.851,2673.133,2212912600,18094685000.0
2025-04-28,2669.154,2670.209,2642.846,2647.459,2169194200,15803071000.0
2025-04-29,2644.877,2676.628,2638.677,2662.671,1626929700,12338398900.0
2025-04-30,2660.633,2674.626,2657.348,2659.323,1765544900,13780789000.0
2025-05-06,2678.116,2723.893,2678.116,2723.893,2172139200,17405451000.0
2025-05-07,2746.095,2751.404,2718.412,2740.581,2208156900,18436913000.0
2025-05-08,2728.694,2758.614,2721.131,2746.51,1761575200,14371253000.0
2025-05-09,2743.103,2743.103,2704.861,2718.804,1592714400,12892433600.0
2025-05-12,2733.527,2763.609,2726.2,2763.609,1972482400,16185701000.0
2025-05-13,2780.26,2783.172,2756.159,2766.405,1838149600,15119062000.0
2025-05-14,2765.196,2789.064,2759.73,2785.899,1808345000,15196844000.0
2025-05-15,2777.343,2777.343,2746.64,2756.452,1635481400,13867898000.0
2025-05-16,2751.987,2784.796,2751.987,2762.417,1416774400,11544477800.0
2025-05-19,2774.031,2779.076,2748.409,2778.731,1748186600,12996512500.0
2025-05-20,2777.667,2798.129,2772.327,2796.93,1710637200,13461982000.0
2025-05-21,2802.602,2818.648,2783.345,2817.37,2402701900,19192297000.0
2025-05-22,2805.751,2819.7,2772.776,2774.872,1718610900,13525355000.0
2025-05-23,2772.852,2787.573,2746.682,2746.682,1606123600,13250666400.0
2025-05-26,2751.084,2781.317,2748.809,2769.558,1669730800,13734955000.0
2025-05-27,2767.84,2767.84,2716.704,2731.151,1842738800,15833988000.0
2025-05-28,2730.163,2744.002,2723.489,2731.519,1213747650,10044944600.0
2025-05-29,2727.979,2762.635,2727.172,2755.058,1378650700,10674314400.0
2025-05-30,2750.43,2750.43,2713.06,2717.578,1230204120,9621380800.0
2025-06-03,2722.976,2747.551,2722.894,2745.307,1593011500,13265422000.0
2025-06-04,2749.485,2792.405,2748.307,2784.049,1909814000,14872497000.0
2025-06-05,2788.216,2793.659,2771.607,2779.997,1562364800,11951443400.0
2025-06-06,2794.777,2842.515,2794.777,2837.853,2540442700,19193674000.0
2025-06-09,2832.228,2840.096,2810.978,2840.096,2431696200,19556825000.0
2025-06-10,2840.035,2843.625,2801.637,2824.942,2126227600,17241177000.0
2025-06-11,2821.853,2888.374,2821.853,2879.795,2535690600,20444975000.0
2025-06-12,2881.27,2897.16,2864.558,2895.283,2207923300,19182856000.0
2025-06-13,2896.505,2903.487,2857.164,2864.234,2437576300,20693237000.0
2025-06-16,2851.816,2877.358,2845.619,2855.48,1782419300,14818092000.0
2025-06-17,2854.645,2866.278,2845.434,2855.432,1321797850,10694175300.0
2025-06-18,2859.28,2859.28,2820.92,2852.849,1535520000,12158963900.0
2025-06-19,2843.481,2845.46,2778.971,2787.761,1677167800,13231812900.0
2025-06-20,2786.078,2804.406,2771.029,2773.122,1370864700,11166235400.0
2025-06-23,2767.452,2812.009,2766.769,2809.084,1465598100,11906445900.0
2025-06-24,2815.313,2865.717,2812.104,2862.446,1855445700,16255725000.0
2025-06-25,2861.853,2874.352,2850.763,2873.933,1730325300,14634440000.0
2025-06-26,2878.042,2908.958,2868.767,2880.072,2042891500,17358095000.0
2025-06-27,2913.389,2998.963,2913.389,2983.006,3740432900,32226771000.0
2025-06-30,3008.602,3010.898,2966.808,2980.716,2962372600,26335295000.0
2025-07-01,2979.998,3033.33,2957.447,3033.33,2879354800,25018649000.0
2025-07-02,3018.463,3102.776,3011.094,3067.161,3660423800,32700690000.0
2025-07-03,3083.749,3095.76,3044.794,3072.939,2744403300,24485077000.0
2025-07-04,3051.482,3053.768,3006.102,3009.97,2586647800,23165391000.0
2025-07-07,2993.619,3013.655,2985.919,3004.495,1953707800,17223323000.0
2025-07-08,3005.144,3050.079,3005.144,3049.694,2186459300,18962048000.0
2025-07-09,3079.253,3083.528,3003.83,3009.944,3437623100,32188192000.0
2025-07-10,3007.526,3027.847,3007.526,3025.447,2532023700,22310194000.0
2025-07-11,3029.489,3103.535,3022.385,3077.685,3439016800,30126792000.0
2025-07-14,3095.663,3128.056,3095.663,3096.953,3374591600,28426170000.0
2025-07-15,3084.174,3098.624,3033.608,3054.849,2893159500,23356123000.0
2025-07-16,3044.698,3053.564,3019.83,3033.914,2099482900,17656014000.0
2025-07-17,3031.911,3047.493,3026.604,3045.872,1864121400,16032811000.0
2025-07-18,3055.095,3101.78,3055.095,3085.298,2866343100,24800535000.0
2025-07-21,3103.823,3173.285,3103.823,3173.075,4288566400,36266493000.0
2025-07-22,3174.113,3216.419,3159.003,3216.419,4228855600,38069217000.0
2025-07-23,3216.001,3220.614,3181.119,3186.992,3522745100,31355552000.0
2025-07-24,3176.702,3240.55,3173.719,3238.442,3730009900,32828603000.0
2025-07-25,3233.434,3234.862,3203.338,3211.897,2779838700,24678292000.0
2025-07-28,3191.911,3198.629,3150.492,3184.525,2515890100,22201454000.0
2025-07-29,3174.835,3187.788,3151.253,3175.97,2178762400,19481500000.0
2025-07-30,3176.96,3181.888,3120.987,3144.582,2388459100,21572410000.0
2025-07-31,3115.257,3121.881,3056.103,3067.357,3098689900,27455936000.0
2025-08-01,3068.166,3096.115,3068.166,3090.291,1954127200,17460313000.0
2025-08-04,3086.297,3141.482,3084.201,3141.328,2162169100,20066165000.0
2025-08-05,3145.61,3170.328,3140.691,3168.884,2407924400,20457353000.0
2025-08-06,3166.528,3207.053,3166.528,3204.18,2956214200,24518295000.0
2025-08-07,3215.553,3226.02,3171.436,3208.956,2971424400,23728808000.0
2025-08-08,3201.191,3249.162,3199.32,3240.461,2606099100,23596547000.0
2025-08-11,3251.014,3267.98,3227.309,3260.71,2720690800,24108286000.0
2025-08-12,3257.705,3260.288,3233.227,3258.834,2454860000,20642467000.0
2025-08-13,3268.212,3357.379,3268.212,3356.58,3916180800,34761917000.0
2025-08-14,3368.952,3369.305,3298.263,3298.5,3486919500,32079282000.0
2025-08-15,3290.976,3400.97,3290.976,3389.657,3860859000,37549818000.0
2025-08-18,3406.134,3409.519,3364.982,3376.56,4170960700,40078038000.0
2025-08-19,3380.337,3393.621,3351.728,3375.886,3642842600,35487032000.0
2025-08-20,3358.836,3444.84,3355.694,3436.299,3774855100,35605809000.0
2025-08-21,3436.285,3455.705,3393.914,3409.268,3324394200,29638334000.0
2025-08-22,3402.053,3423.261,3385.385,3408.589,3174353900,28596489000.0
2025-08-25,3440.648,3521.411,3440.648,3505.258,5496171800,54051772000.0
2025-08-26,3497.781,3545.482,3477.396,3530.426,4248317500,42950527000.0
2025-08-27,3524.357,3530.555,3423.628,3423.628,4303537300,42135162000.0
2025-08-28,3413.693,3458.814,3332.186,3440.272,3938202800,36477811000.0
2025-08-29,3447.205,3498.826,3434.422,3475.416,4878365900,46601796000.0
2025-09-01,3515.574,3571.162,3470.712,3566.11,5383414900,55725765000.0
2025-09-02,3595.259,3598.829,3533.743,3568.072,5170500900,56047727000.0
2025-09-03,3605.738,3616.714,3470.156,3488.672,4921964000,49400349000.0
2025-09-04,3486.037,3528.283,3350.135,3401.135,5002537300,51098090000.0
2025-09-05,3401.501,3511.47,3401.501,3511.219,4049542300,41467072000.0
2025-09-08,3531.87,3545.143,3500.215,3525.899,3826668000,40299025000.0
2025-09-09,3530.487,3611.023,3513.335,3545.05,4320807300,45860947000.0
2025-09-10,3513.915,3567.623,3488.775,3536.372,3223589200,33094276000.0
2025-09-11,3525.404,3585.871,3492.156,3585.871,3458089300,37164986000.0
2025-09-12,3606.322,3748.074,3606.322,3708.176,6300190100,64061921000.0
2025-09-15,3695.26,3719.472,3670.382,3673.509,4560503700,48215847000.0
2025-09-16,3708.723,3714.306,3563.561,3647.107,4912732800,51614164000.0
2025-09-17,3624.816,3699.007,3607.684,3696.801,4166448700,43744100000.0
2025-09-18,3649.942,3649.942,3517.557,3551.593,5334150100,51453556000.0
2025-09-19,3544.831,3569.195,3521.918,3549.827,3165954300,31214485000.0
2025-09-22,3580.303,3587.419,3501.952,3548.735,2926245200,30521615000.0
2025-09-23,3547.02,3566.555,3439.224,3493.219,3453121200,35070873000.0
2025-09-24,3477.236,3537.309,3466.193,3536.999,2619714300,27483653000.0
2025-09-25,3611.981,3651.831,3576.172,3583.458,4894806500,57839178000.0
2025-09-26,3564.579,3659.643,3564.579,3596.891,4247439600,47622544000.0
2025-09-29,3633.697,3695.258,3590.774,3689.845,4947466200,55743248000.0
2025-09-30,3710.264,3808.11,3710.264,3787.918,5588906200,64847855000.0
2025-10-09,3904.102,3978.671,3894.467,3978.671,6553013800,80391111000.0
2025-10-10,3944.53,3995.482,3915.307,3928.813,6273644700,83240356000.0
2025-10-13,3775.478,3972.258,3775.478,3955.85,6477132000,77730388000.0
2025-10-14,4051.777,4094.57,3872.756,3894.393,7317647800,90557222000.0
2025-10-15,3916.255,3952.286,3871.044,3950.51,5454533100,64564110000.0
2025-10-16,3941.879,3968.569,3870.233,3886.498,4918441600,56872471000.0
2025-10-17,3913.539,3962.694,3800.267,3805.61,4866218200,56552585000.0
2025-10-20,3809.203,3826.447,3774.123,3806.306,3964370200,47105482000.0
2025-10-21,3830.912,3882.902,3806.962,3862.926,4173441800,47541204000.0
2025-10-22,3774.345,3840.971,3762.627,3830.134,3802597700,45118231000.0
2025-10-23,3817.565,3885.989,3788.757,3883.826,3805352300,43265439000.0
2025-10-24,3908.932,3961.273,3888.436,3925.521,4385126200,50328432000.0
2025-10-27,3941.801,3973.799,3916.243,3959.042,4895149100,62157653000.0
2025-10-28,3942.844,3969.423,3883.661,3895.995,5358629500,59789613000.0
2025-10-29,3908.362,4050.393,3896.053,4049.638,5821213500,64854187000.0
2025-10-30,4022.806,4100.353,4016.42,4047.823,5959248000,68578030000.0
2025-10-31,4046.041,4087.468,4018.541,4022.347,4614603500,52084446000.0
2025-11-03,4013.693,4023.099,3917.104,4014.674,4830358500,55076880000.0
2025-11-04,3991.784,4019.489,3903.291,3937.631,4161121000,46541282000.0
2025-11-05,3864.773,3964.445,3852.032,3949.751,3581505600,39466957000.0
2025-11-06,3948.731,4098.236,3948.62,4088.367,5003706500,54008477000.0
2025-11-07,4058.262,4097.377,4051.078,4070.56,4465266500,46756870000.0
2025-11-10,4103.599,4148.265,4076.723,4103.165,4413472700,49612766000.0
2025-11-11,4122.851,4132.271,4064.498,4087.7,3861371300,43277366000.0
2025-11-12,4076.928,4184.957,4040.222,4129.501,4836902800,51710819000.0
2025-11-13,4163.919,4274.475,4152.557,4244.133,5920378800,71118116000.0
2025-11-14,4197.903,4245.765,4167.393,4177.756,4394163500,50438506000.0
2025-11-17,4146.275,4170.131,4115.947,4133.174,4175918400,49630804000.0
2025-11-18,4112.592,4113.086,3965.525,3997.216,4301164600,48863416000.0
2025-11-19,4003.879,4047.48,3956.321,4004.654,3386207700,39720333000.0
2025-11-20,4014.106,4088.013,3982.414,3990.764,3134101100,35513277000.0
2025-11-21,3917.202,3917.734,3761.986,3761.986,4016041000,41989559000.0
2025-11-24,3784.482,3802.781,3731.614,3782.539,2783127500,31699854000.0
2025-11-25,3831.952,3897.649,3823.023,3876.781,2896857000,33948197000.0
2025-11-26,3891.49,3914.954,3854.63,3859.482,2540142100,30788198000.0
2025-11-27,3898.754,3921.927,3855.506,3858.939,2562486600,31194195000.0
2025-11-28,3856.394,3914.377,3837.356,3912.525,2529294500,30420836000.0
2025-12-01,4007.436,4091.308,4002.037,4020.445,4726782700,59131613000.0
2025-12-02,3994.152,3994.152,3940.123,3977.301,2754343100,31661944000.0
2025-12-03,3979.312,4066.79,3972.02,4020.74,3958676000,45470086000.0
2025-12-04,4066.571,4088.099,3993.424,3996.484,3827289000,49668120000.0
2025-12-05,3989.365,4157.43,3989.365,4147.361,4867482600,57522634000.0
2025-12-08,4158.58,4181.168,4100.006,4180.301,4375132900,54107592000.0
2025-12-09,4144.438,4144.438,4021.548,4039.644,4238292400,50990384000.0
2025-12-10,4057.778,4070.598,4025.087,4063.418,2819407900,33441231000.0
2025-12-11,4092.429,4101.346,3988.511,3988.511,3260548300,42034668000.0
2025-12-12,4047.622,4064.625,4029.293,4038.391,3392078700,43089965000.0
2025-12-15,3980.731,4061.467,3973.096,4016.734,2825379600,35670504000.0
2025-12-16,3993.854,3993.854,3888.827,3906.766,2865932000,34478712000.0
2025-12-17,3922.653,4026.025,3902.436,4014.135,3017549300,37281224000.0
2025-12-18,3994.013,4079.855,3985.57,4013.779,2567132900,30690948000.0
2025-12-19,4011.577,4108.522,3990.592,4098.927,3111818800,37554797000.0
2025-12-22,4131.539,4184.471,4131.539,4161.06,3597311900,43206121000.0
2025-12-23,4171.042,4224.041,4139.277,4163.969,3802521500,46577453000.0
2025-12-24,4200.127,4203.06,4158.567,4199.027,3263546500,40596296000.0
2025-12-25,4161.172,4196.969,4126.334,4185.522,2816816700,34218730000.0
2025-12-26,4221.223,4356.236,4221.223,4335.153,5385685100,67564218000.0
2025-12-29,4388.372,4389.349,4291.096,4309.312,5746132100,78212847000.0
2025-12-30,4212.463,4348.861,4193.222,4315.275,4363622300,57930333000.0
2025-12-31,4322.105,4411.176,4318.949,4339.592,4617825200,67676546000.0
2026-01-05,4406.696,4442.435,4368.206,4420.088,5239783000,71368358000.0
2026-01-06,4474.725,4589.139,4474.298,4572.656,6088454000,84390297000.0
2026-01-07,4575.762,4618.134,4530.736,4563.357,5855488100,81142683000.0
2026-01-08,4517.557,4588.293,4483.926,4523.599,4941344000,67435649000.0
2026-01-09,4498.887,4638.364,4498.887,4620.438,5079393100,72401412000.0
2026-01-12,4700.569,4708.386,4605.006,4675.629,5620493600,80272418000.0
2026-01-13,4669.853,4767.675,4637.705,4664.946,5612653300,81038457000.0
2026-01-14,4686.381,4758.843,4632.379,4684.333,6423403100,97687431000.0
2026-01-15,4669.632,4844.148,4657.452,4758.916,6277232700,92071454000.0
2026-01-16,4760.838,4873.761,4726.037,4735.537,6378537200,93837175000.0
2026-01-19,4724.697,4789.278,4638.183,4770.101,5204616000,73670800000.0
2026-01-20,4792.018,4839.27,4641.036,4783.584,5746771000,78795206000.0
2026-01-21,4775.696,4884.718,4732.785,4881.286,5555618100,81105080000.0
2026-01-22,4849.2,4932.892,4838.328,4926.553,5087235600,70200351000.0
2026-01-23,4985.263,5134.894,4961.903,5121.725,6633493500,94927312000.0
2026-01-26,5248.077,5358.394,5248.077,5317.036,8860009900,139656370000.0
2026-01-27,5254.16,5321.581,5161.799,5248.175,8609908500,141119590000.0
2026-01-28,5282.358,5591.988,5229.703,5577.092,9298784400,157314620000.0
2026-01-29,5705.863,5799.092,5420.689,5648.152,12037903400,208371340000.0
2026-01-30,5385.295,5420.663,5171.912,5258.388,8177637500,135019980000.0
2026-02-02,4931.118,5049.297,4903.679,4904.441,6015717900,99968930000.0
2026-02-03,4894.765,5006.273,4834.414,4993.473,7391796000,110203174000.0
2026-02-04,5063.407,5070.893,4936.643,5017.99,6089666900,86226644000.0
2026-02-05,4932.637,4959.688,4772.324,4824.471,5342273500,80478713000.0
2026-02-06,4685.665,4909.94,4670.873,4841.857,4900139700,70211211000.0
2026-02-09,4932.019,4944.933,4889.062,4920.0,3845636800,56192717000.0
2026-02-10,4933.919,4951.537,4880.076,4883.995,3318352500,46273668000.0
2026-02-11,4878.069,5000.814,4878.069,4959.476,3692990700,54713914000.0
2026-02-12,4952.453,5039.084,4951.642,4968.071,3863472200,58182708000.0
2026-02-13,4901.915,4958.547,4851.442,4855.792,3707587800,59502369000.0
2026-02-24,4980.524,5042.551,4977.585,5009.23,4207561000,61961700000.0
2026-02-25,5037.671,5227.454,5018.815,5174.872,5348153000,80587196000.0
2026-02-26,5225.059,5225.775,5131.109,5144.567,4585130200,65623479000.0
2026-02-27,5112.393,5287.64,5112.393,5285.911,5238552000,78979345000.0
2026-03-02,5310.955,5359.475,5138.718,5349.582,7254005400,117731013000.0
2026-03-03,5280.499,5310.398,5035.631,5039.052,6258009900,100327573000.0
2026-03-04,4941.653,5157.777,4941.653,5057.451,4930126000,76843630000.0
2026-03-05,5153.511,5164.69,5035.425,5077.79,4502290300,70150478000.0
2026-03-06,5017.846,5062.454,4925.069,5005.845,3589862200,56176983000.0
2026-03-09,4952.189,4974.592,4816.166,4951.785,4421974700,71537617000.0
2026-03-10,4980.381,5004.627,4945.745,4977.839,3090738900,46867940000.0
2026-03-11,4997.807,5016.589,4960.451,4982.401,3112632600,46581347000.0
2026-03-12,4972.725,5075.397,4958.824,5006.059,4308361200,64102818000.0
2026-03-13,4980.296,5070.903,4875.604,4887.891,4220973300,62670266000.0
2026-03-16,4864.16,4882.278,4695.315,4797.252,4849592600,72946938000.0
2026-03-17,4816.193,4849.54,4682.034,4683.23,3401133900,49035497000.0
2026-03-18,4678.037,4686.242,4564.8,4642.06,3194716500,45230651000.0
2026-03-19,4542.508,4548.831,4373.812,4395.092,4727275300,70573609000.0
2026-03-20,4412.163,4440.56,4295.993,4296.869,3666578400,54067490000.0
2026-03-23,4190.232,4247.206,4022.518,4049.497,4768382100,65260706000.0
2026-03-24,4153.578,4229.487,4054.865,4229.487,3732736300,44903280000.0
2026-03-25,4323.757,4372.444,4304.269,4329.381,3578513100,43670083000.0
2026-03-26,4321.416,4367.95,4263.541,4282.447,2475688200,29659114000.0
2026-03-27,4212.829,4400.933,4212.829,4381.933,2736720200,33144606000.0
2026-03-30,4460.294,4528.259,4442.629,4527.36,4260160200,50351529000.0
2026-03-31,4544.988,4548.534,4445.075,4451.917,4143398500,45443934000.0
2026-04-01,4540.082,4543.732,4468.765,4514.68,3530698500,42702661000.0
2026-04-02,4518.895,4534.618,4411.995,4448.301,3106811500,37401987000.0
2026-04-03,4443.215,4445.653,4316.381,4340.892,2235122200,24253818000.0
2026-04-07,4346.464,4437.513,4340.228,4427.049,2332995200,26270197000.0
2026-04-08,4546.328,4647.666,4541.721,4647.666,4118077300,52951855000.0
2026-04-09,4588.348,4679.053,4582.01,4651.395,3096313600,39947427000.0
2026-04-10,4684.568,4708.512,4644.575,4647.485,2719422900,35610767000.0
2026-04-13,4636.117,4699.093,4627.453,4697.663,2692310600,36173725000.0
2026-04-14,4761.206,4781.519,4714.26,4763.52,3206768900,43511602000.0
2026-04-15,4806.973,4823.402,4697.101,4713.623,3284292000,45505391000.0
2026-04-16,4740.181,4838.138,4740.181,4837.685,3148028900,43546334000.0
2026-04-17,4830.677,4904.26,4830.677,4904.26,3393302500,42320966000.0
2026-04-20,4912.585,4956.109,4894.713,4931.955,3746139900,47295290000.0
2026-04-21,4932.549,4932.549,4850.153,4901.308,2756685900,35786038000.0
2026-04-22,4882.991,4965.302,4872.998,4938.668,3641312100,50783934000.0
2026-04-23,4940.793,4941.51,4766.903,4804.489,3777774700,50319439000.0
2026-04-24,4770.051,4881.899,4760.963,4856.527,3369936000,45242295000.0
2026-04-27,4841.144,4872.63,4800.51,4864.657,3137211600,41657956000.0
2026-04-28,4838.349,4838.349,4739.829,4758.603,3419985000,42494307000.0
2026-04-29,4717.617,4874.186,4714.687,4865.61,3332202500,45517537000.0
2026-04-30,4841.721,4869.757,4795.706,4825.042,3149890100,44672049000.0
2026-05-06,4850.303,4952.491,4834.233,4948.259,4241182400,58137674000.0
2026-05-07,4969.392,5016.363,4933.792,4989.646,4563058400,63594883000.0
2026-05-08,4946.705,5036.213,4926.034,5011.622,4134936600,58948827000.0
2026-05-11,5015.85,5051.367,4977.687,5016.539,4759230100,61999748000.0
2026-05-12,5069.28,5073.905,4944.722,4971.29,4568102700,63442140000.0
2026-05-13,4994.404,5060.013,4994.404,5029.49,4281469400,59714038000.0
2026-05-14,5021.213,5060.452,4923.096,4923.096,4250410900,59040112000.0
2026-05-15,4891.98,4891.98,4697.244,4727.487,4569492200,59697545000.0
2026-05-18,4655.081,4706.329,4589.69,4691.556,3264742500,42760473000.0
2026-05-19,4692.471,4722.555,4591.989,4721.057,3044802100,38224979000.0
2026-05-20,4686.265,4723.029,4617.538,4702.515,3230292000,43074440000.0
2026-05-21,4738.54,4802.338,4543.762,4547.338,3477561300,44802304000.0
2026-05-22,4585.051,4776.892,4554.136,4752.504,3651989600,44447070000.0
2026-05-25,4807.33,4845.696,4706.859,4740.611,3784757900,46524751000.0
