date,bar_count,first_30m_ret,first_60m_ret,morning_ret,afternoon_ret,last_30m_ret,last_60m_ret,morning_vwap,afternoon_vwap,last_30m_vwap,first_60m_volume_share,last_30m_volume_share
2025-01-02,48,0.0128479657387581,0.0049964311206283,-0.0264097073518914,-0.035190615835777,-0.0082893745290127,-0.0230141054194505,14.018399943477544,13.339021980461812,13.10902897589029,0.3398710713057215,0.1727924783101677
2025-01-03,48,-0.0060606060606059,0.0212121212121212,0.0151515151515151,0.0134328358208954,-0.0073099415204678,-0.0152284263959391,13.24559927890806,13.692998454892315,13.590814488856292,0.2591730558598028,0.1200076279142544
2025-01-06,48,0.0568927789934354,0.048869438366156,0.0495988329686361,-0.0131944444444445,0.0014094432699083,0.0049504950495049,14.488235732935472,14.21264527771512,14.22279301745636,0.6903418569516662,0.0721577213035475
2025-01-07,48,0.0602240896358543,0.0567226890756302,0.0518207282913165,0.0392287234042552,0.0090380890897354,0.0155945419103313,15.010562946538556,15.443211186309778,15.597561653047205,0.4868700009636696,0.149822159145663
2025-01-08,48,0.0281509916826616,0.0499040307101728,0.0486244401791424,-0.0042735042735043,-0.0221822541966428,-0.012113870381587,16.15710854517571,16.442623636774872,16.439239274874907,0.5296663377542586,0.0921080666145846
2025-01-09,48,-0.0018050541516244,-0.0150421179302046,-0.0108303249097472,-0.0054744525547445,-0.0024405125076265,0.000611995104039,16.46206154615962,16.42421292753845,16.404343671629473,0.5971112221112221,0.0874153624153624
2025-01-10,48,0.0061462814996926,0.0092194222495389,0.0,-0.0178242163491088,-0.0099132589838908,-0.0166153846153845,16.35369932770705,16.172400121424896,16.06814701767773,0.5047614188239551,0.1458900583059275
2025-01-13,48,0.0056639395846442,0.0,-0.0050346129641283,-0.0031605562579014,-0.0018987341772153,-0.0106649937264743,16.056744155307722,15.747418648743215,15.7247041335544,0.3601497071037086,0.143402352188831
2025-01-14,48,0.0528634361233479,0.0868470736312145,0.0918816865953429,0.0,0.0,0.0,16.727586844982756,17.348845897264844,17.35008976660682,0.7981299829998455,0.0050636823971127
2025-01-15,48,-0.0039772727272725,-0.0164772727272727,-0.0261363636363634,0.0157618213660244,0.0017271157167531,-0.0034364261168384,17.47347082623072,17.37200576791244,17.364639604877297,0.6200919950862797,0.0789975035130661
2025-01-16,48,0.0255972696245734,0.0398179749715588,0.0352673492605235,-0.0049423393739703,0.0005521811154056,0.0027670171555063,18.07454948133956,18.11503053209967,18.13488071895425,0.5738216284282631,0.0959312805989957
2025-01-17,48,0.0055865921787709,0.0223463687150837,0.0206703910614525,0.0005476451259582,-0.0027292576419214,-0.0097560975609757,18.20457244887976,18.39787844476676,18.291963861150737,0.4818547268686136,0.0933280572187233
2025-01-20,48,0.0261723009814613,0.0130861504907304,0.0283533260632498,0.0068892421833599,0.0010537407797681,0.0101010101010101,18.70894398821445,18.898314523240952,18.97630839904336,0.462076247218975,0.1592480862777631
2025-01-21,48,-0.0073723012111639,-0.0136914165350184,-0.0131648235913638,-0.0021344717182497,0.0059171597633136,0.0,18.95651518229315,18.70832332470665,18.67088636180337,0.4674666574562464,0.1223571439144615
2025-01-22,48,0.0763559768299104,0.0832016850974197,0.0832016850974197,0.0,0.0,0.0,20.324042968320217,20.569655690228466,20.572146666666665,0.949221423530705,0.0132983910719921
2025-01-23,48,-0.0179754020813623,0.0,-0.0070955534531693,-0.0262529832935561,0.0059171597633136,0.0069101678183611,20.887428477058545,20.4284150961868,20.384616754659373,0.5720628123876826,0.0813003084767763
2025-01-24,48,0.03870343492985,0.0319303338171261,0.0377358490566037,0.0275058275058273,-0.0013593112822837,-0.0107719928186715,21.180769619230382,22.150169084578124,22.080559875583205,0.4128196724471992,0.0495859802003103
2025-01-27,48,0.0326859308384652,0.0255802936996683,0.0260540028422548,0.0342592592592594,0.0117753623188405,0.016378525932666,21.758265504230923,21.91024799720953,22.0690377976454,0.4599502127021179,0.1436279632723324
2025-02-05,48,-0.0514150943396226,-0.0514150943396226,-0.0514150943396226,0.0,0.0,0.0,20.308644248524097,20.109993328885924,20.110032930845225,0.7600586756077117,0.0212116978671882
2025-02-06,48,-0.0035335689045935,-0.0307925290257444,-0.0161534578495707,0.0061570035915854,0.0025562372188139,-0.0045685279187818,19.61853920850128,19.57730557186807,19.504300933841904,0.5766553907443016,0.0690264394050816
2025-02-07,48,0.003061224489796,0.0045918367346939,0.0290816326530611,0.001983143282102,0.0089865202196703,0.0120180270405607,19.76756681845179,20.090576644450884,20.13512500407445,0.4452974986558796,0.0981815970710975
2025-02-10,48,-0.0274644433545857,-0.0220696419813635,-0.024521824423737,-0.0015082956259427,-0.0005032712632108,0.0040444893832154,19.912891174254177,19.853399401702845,19.83641983720013,0.4784919653893696,0.1566861445106191
2025-02-11,48,0.0120906801007558,0.0130982367758187,0.0211586901763225,0.0098814229249011,0.0,-0.0024402147388971,20.08624921126168,20.510892100211453,20.4092840571891,0.3460574259693654,0.0786224214942289
2025-02-12,48,0.0078546882670593,0.0014727540500736,-0.0063819342169858,-0.0049382716049382,0.0049875311720697,-0.0014866204162538,20.42909499993572,20.13977656025221,20.06803131780021,0.3812787780968551,0.1481403847094416
2025-02-13,48,0.0385185185185186,0.0128395061728396,0.0202469135802469,-0.0082284607938044,-0.0019483682415976,-0.0043731778425655,20.770625807955582,20.549438000476425,20.51003385691292,0.581133306820847,0.0918606666870608
2025-02-14,48,-0.00390625,-0.0175781249999998,-0.0205078125,-0.0279162512462611,0.0030864197530864,-0.0010245901639344,20.31834052757793,19.574003870403896,19.44481571755669,0.2306991255798678,0.1111621987766328
2025-02-17,48,-0.0107252298263534,-0.0117466802860061,0.0107252298263533,-0.0101010101010101,-0.001019367991845,0.0113519091847265,19.460958987333985,19.542372818760963,19.57922150729439,0.477056017351477,0.0905472522021031
2025-02-18,48,0.0183955033214102,0.005109862033725,0.0275932549821154,-0.0362823061630218,-0.0041088854648176,-0.0041088854648176,19.793827849131585,19.5617348666914,19.39720842650347,0.3790589657968146,0.1167635459180168
2025-02-19,48,0.0098292809105018,0.0155199172271081,0.0232798758406622,-0.0106167846309404,0.0025614754098362,-0.0010209290454313,19.55987302330344,19.575748872484127,19.51703096878297,0.3709597435488727,0.1426863609797566
2025-02-20,48,0.0180412371134019,0.0164948453608249,0.0273195876288661,-0.0160642570281125,-0.0060851926977688,-0.0030518819938963,19.700175983189663,19.76209028929427,19.65391683168317,0.3436186860636972,0.1463471179760628
2025-02-21,48,0.0050479555779909,0.0131246845027763,0.0075719333669863,0.0120240480961923,0.0,0.0004952947003467,20.01096603023608,20.20642583825151,20.232165277274376,0.4226870857446361,0.1526451484403527
2025-02-24,48,-0.0545272636318159,-0.0760380190095046,-0.0800400200100049,0.001088139281828,0.0082191780821918,0.011544804837823,18.641182095895868,18.313925472538813,18.33698600358491,0.5610997323852494,0.0633314655047484
2025-02-25,48,-0.0028392958546281,0.0062464508801818,0.0255536626916523,0.0060941828254847,-0.0005503577325259,0.0033149171270721,17.707770563756068,18.135342639755105,18.127507199687606,0.5655028639802119,0.0686651405512114
2025-02-26,48,0.0171840354767183,0.0155210643015522,0.0116407982261641,-0.006030701754386,0.0072222222222222,0.0044321329639889,18.241758337361045,18.11017489944412,18.08586539253645,0.3950288653019626,0.1627855519273707
2025-02-27,48,0.0032697547683926,0.0163487738419618,-0.00708446866485,0.004388370817334,-0.0065111231687468,0.004939626783754,18.48079316838187,18.209867532052986,18.342153694338226,0.5916755068558137,0.0534167056513517
2025-02-28,48,0.0142231947483588,0.0235229759299779,0.0257111597374177,-0.0250533049040513,-0.0059782608695653,-0.0118854673149649,18.59554804259218,18.45407515789084,18.30809577437203,0.4772992817945722,0.1130910520574342
2025-03-03,48,-0.0082056892778993,0.0185995623632384,-0.0098468271334792,-0.0204419889502761,-0.0067226890756302,-0.0122562674094708,18.227130907570054,17.85755657719116,17.74713230268511,0.3769298919911925,0.2001550427996299
2025-03-04,48,0.0132336018411967,0.0189873417721517,0.0161104718066744,0.0096371882086165,-0.0044717719396312,0.0022509848058525,17.656597274916695,17.726449266577767,17.828161063908386,0.3742417087435069,0.1229158342111954
2025-03-05,48,0.0610986547085201,0.0476457399103138,0.0510089686098653,0.0053248136315229,0.0069333333333334,0.007470651013874,18.79139493915338,18.85691200171913,18.94205082566993,0.5956785772096642,0.1584190986418534
2025-03-06,48,0.0319874147876246,0.0335605663345568,0.0388044048243312,0.014141414141414,-0.003968253968254,-0.0014917951268026,19.559982270945497,20.175389262666485,20.052624937738667,0.4571099571410787,0.0803338016396649
2025-03-07,48,0.0313924050632912,0.0268354430379746,0.0020253164556962,0.003031834259727,-0.0010065425264217,-0.0065065065065065,20.214066068515496,19.87609714082424,19.844127432660315,0.4585608005967508,0.1448375108095084
2025-03-10,48,0.0040241448692153,0.0115694164989939,0.000503018108652,-0.0030181086519114,0.0025290844714214,0.0015159171298635,20.061361647597256,19.815057899370217,19.836665105386416,0.464893831913402,0.1014745897646122
2025-03-11,48,0.0005120327700971,-0.0030721966205836,-0.0153609831029186,0.0083333333333333,0.0051921079958463,0.0057142857142857,19.47766585266585,19.31598585803644,19.31527604882386,0.4449852723056675,0.1292172387139902
2025-03-12,48,0.0643997939206595,0.0422462648119523,0.0401854714064913,-0.0178394449950446,-0.0055193176116408,-0.0114713216957605,20.23565057882324,20.00487061203345,19.863495911043124,0.6657211817973608,0.099816188345284
2025-03-13,48,-0.0199302441454908,-0.0209267563527653,-0.0308918784255106,0.0216160576428201,-0.0020110608345904,0.0112073357106468,20.01043038660317,19.70854971722725,19.87830836792396,0.502761938091415,0.1140663276859419
2025-03-14,48,-0.0307459677419354,-0.0267137096774194,-0.0136088709677418,0.0204603580562661,0.0,-0.0015015015015014,19.34326687916546,19.93443466047216,19.92895216907675,0.3226038695968238,0.0628390091148017
2025-03-17,48,-0.002020202020202,0.0025252525252523,-0.0045454545454546,0.0015220700152207,0.0010141987829614,0.0025393600812595,19.794183839528973,19.699224339981427,19.731909472828296,0.4699360947970298,0.0954567799022017
2025-03-18,48,0.065482233502538,0.0527918781725889,0.0558375634517767,0.0052910052910053,0.0048076923076922,0.0014374700527071,20.720343665594854,20.870217300459675,20.906268340484136,0.5272238404660542,0.1626967028042537
2025-03-19,48,-0.0076555023923444,0.0038277511961721,0.0004784688995216,0.0043041606886655,0.0028653295128939,0.0135135135135133,20.94455320027124,20.88043853064938,20.96657214345288,0.4865880164217418,0.1286906433637737
2025-03-20,48,-0.0119047619047618,-0.0233333333333332,-0.0142857142857142,-0.0169082125603866,-0.0034280117531831,0.0024630541871919,20.68591539670608,20.37142777390091,20.323965270167747,0.3492149484840724,0.1168515198676149
2025-03-21,48,0.0014962593516207,-0.0034912718204489,-0.0019950124688279,-0.0115288220551378,-0.0050454086781028,-0.004040404040404,20.09827815706986,19.79227236149799,19.75013127269342,0.3963720717979921,0.1361550552682283
2025-03-24,48,-0.0231271995977878,-0.0170940170940171,-0.0251382604323781,0.0134089736977822,0.0071758072783187,0.0134089736977822,19.54467479819352,19.476885897828083,19.5847414852038,0.307822597885251,0.1472595418592031
2025-03-25,48,0.0216406643180675,-0.0010065425264217,-0.0221439355812781,-0.0205761316872428,0.0,0.0010515247108306,20.114121244121367,19.16173442639373,19.019869558622784,0.4938230549344805,0.0932980499816036
2025-03-26,48,0.0150862068965518,0.0032327586206897,0.0064655172413794,0.0026766595289078,0.0048283261802573,0.006989247311828,18.710392664831065,18.605528567011373,18.7376102783726,0.4554763113816024,0.1238811286863067
2025-03-27,48,0.0156587473002158,0.0080993520518359,0.0129589632829374,-0.008008542445275,-0.0069481560662747,-0.0127523910733263,18.704472252448312,18.740816840926065,18.61378853165396,0.296976241900648,0.1589316757098456
2025-03-28,48,0.0016172506738543,0.0075471698113207,0.0070080862533692,-0.011758417958311,-0.0091103965702036,-0.0107009095773139,18.749476015694217,18.61432440838022,18.576099921935988,0.3410329535783076,0.2869066638794738
2025-03-31,48,0.0209677419354841,0.0043010752688172,0.006989247311828,-0.0048102618920363,0.00161377084454,0.00161377084454,18.85471383484856,18.624030603373328,18.62023926812104,0.4753521126760563,0.075975375026733
2025-04-01,48,0.0054644808743169,0.0218579234972677,0.021311475409836,0.0053475935828877,0.0021321961620468,0.0026666666666668,18.31429747954474,18.88200357781753,18.79159715605072,0.584167581290673,0.0756255473886098
2025-04-02,48,0.0261612386545648,0.0480512546716498,0.0352375867592098,0.00515729757607,0.0025720164609053,0.0056759545923632,19.338180291833737,19.456538794084185,19.497035294117648,0.5283646016909452,0.1137707185401655
2025-04-03,48,-0.0035860655737703,-0.0169057377049179,-0.029200819672131,0.0094736842105265,-0.0082730093071353,-0.000521104742053,19.242995356828736,19.07074665218485,19.253625052593616,0.4409580147164911,0.0960150050497763
2025-04-07,48,0.010485651214128,-0.0071743929359822,-0.0474613686534215,0.0,0.0,0.0,17.884599052233078,17.259973522686245,17.259755102040817,0.5541433240694852,0.0061480166372858
2025-04-08,48,-0.0517045454545453,-0.0539772727272725,-0.0562499999999999,-0.0385310054184226,0.0184948979591836,0.0139682539682539,16.83952355255234,15.919557377270944,15.82523679762685,0.3617618576107417,0.1051507205060408
2025-04-09,48,0.0192307692307691,0.0423076923076923,0.0288461538461539,0.0281074328544659,0.0042708968883466,0.021091811414392,15.66651923191249,16.25520675195074,16.49007505310361,0.4221694493582443,0.1711213964346007
2025-04-10,48,0.0128354725787629,0.0151691948658108,0.0058343057176195,-0.0052204176334107,-0.0057971014492753,-0.002326934264107,17.249010074614034,17.216965784377017,17.19429227488929,0.544206165151002,0.0794355994475858
2025-04-11,48,0.0728862973760933,0.0542274052478133,0.068804664723032,-0.009809264305177,-0.0043835616438355,-0.0108873162765377,17.986080523337918,18.261450316724968,18.187965725166613,0.5791273468582514,0.0828856081281031
2025-04-14,48,0.0033003300330032,0.0033003300330032,0.0038503850385036,0.0032912781130005,0.0082690187431089,0.0027412280701752,18.28622870621124,18.233339003431382,18.276793757272912,0.4271640483194592,0.1828753833635851
2025-04-15,48,-0.0104798676227247,-0.0121345835631548,-0.0165471594043022,0.0,0.0005617977528089,-0.0050279329608938,17.904207792207792,17.838931618322615,17.78464123524069,0.4164977912554125,0.1284133486900613
2025-04-16,48,-0.034811903425042,-0.0387422796181921,-0.043795620437956,-0.0017636684303351,0.0,0.0017699115044247,17.207157184104446,16.994022036189982,16.969785165438292,0.4716685140999868,0.1198076164352678
2025-04-17,48,0.0377581120943952,0.015929203539823,0.0235988200589969,-0.0080598733448473,-0.0057703404500865,-0.0046216060080878,17.4029403858481,17.302680172313423,17.26927952399431,0.5943484032408184,0.1179602984482521
2025-04-18,48,0.0405019965772961,0.0405019965772961,0.0233884768967482,-0.0133630289532292,-0.0056116722783389,-0.0171935662784248,18.165922273046743,17.832210624707898,17.774848515349774,0.6960352814603394,0.0883370233046138
2025-04-21,48,0.0605720695457097,0.0712282669657879,0.0740325294447561,0.0177545691906004,0.0,0.0124675324675325,18.83580505146542,19.345438293944767,19.49006237006237,0.5883572036564154,0.0148341413468536
2025-04-22,48,0.0071392146863844,0.0010198878123406,-0.0066292707802142,-0.0102669404517452,-0.0010362694300517,-0.0025866528711845,19.618482524788583,19.31802195091873,19.248437236522346,0.5935434875293114,0.1343197079513962
2025-04-23,48,-0.0057053941908714,-0.0077800829875519,-0.016597510373444,0.0168687401159723,0.0015576323987538,0.0041644976574699,19.08107697578803,19.21667602120361,19.297640528058963,0.349945998403431,0.1677727863258566
2025-04-24,48,0.0178103719224724,0.0073336825563121,0.0178103719224724,0.0118312757201646,0.0030596634370219,-0.0075681130171544,19.401584748558232,19.804978027115475,19.64725498719992,0.216043245642835,0.0957350880681424
2025-04-25,48,0.0025627883136851,-0.0030753459764223,0.0051255766273705,0.0015290519877677,-0.0010167768174885,-0.0010167768174885,19.56275324457608,19.650807832924325,19.63314821492968,0.5249876698202035,0.1243330493655562
2025-04-28,48,-0.0196572580645161,-0.0292338709677418,-0.018649193548387,-0.0143810991268619,0.0010432968179447,0.0036610878661087,19.596440294643912,19.211709119329285,19.18480836236934,0.6568051617383254,0.0830391759736126
2025-04-29,48,0.010948905109489,0.027632950990615,0.0281543274244004,0.0086163203243792,-0.0020060180541624,-0.0035052578868303,19.546129149626697,19.977121665006088,19.86837745060645,0.3527433942188331,0.0929881184607199
2025-04-30,48,-0.0030257186081694,0.0287443267776097,0.016641452344932,-0.0198412698412698,-0.0065359477124183,-0.0119999999999999,19.93336735144297,19.911006024781177,19.79655960434313,0.4925091251319488,0.1118607638403133
2025-05-06,48,0.03,0.036,0.036,-0.0038610038610038,0.0024283632831472,-0.0014513788098692,20.614251619502216,20.67760992849511,20.647389636882902,0.5347020609962919,0.0880666302566903
2025-05-07,48,0.0119731800766282,0.0047892720306512,0.0019157088122605,-0.0086042065009559,0.0082644628099173,0.0004823926676316,20.98693841679048,20.74143497580725,20.72206507681961,0.5222039079972369,0.1322112260879675
2025-05-08,48,0.0161054172767203,0.0097608589555879,0.017081503172279,0.0,-0.0023923444976077,0.0038517091959557,20.70996854084412,20.82859625305457,20.85517061508368,0.4284951904929256,0.1197755997240553
2025-05-09,48,-0.0096015362457992,-0.0225636101776283,-0.0283245319251078,0.0029644268774702,0.0014800197335964,-0.0034364261168385,20.54648096233999,20.27427745474853,20.259046946699613,0.4895769466584917,0.1157980788882076
2025-05-12,48,0.0343811394891944,0.0279960707269155,0.0221021611001963,-0.012493993272465,0.0024390243902439,0.0,20.998567108311367,20.542049525131187,20.541476112539943,0.5726643986691091,0.0959362966839881
2025-05-13,48,-0.0038722168441434,-0.0130687318489834,-0.010164569215876,0.0083088954056695,-0.0024177949709864,-0.0019351717464924,20.47684669694653,20.64153110047847,20.623598840184204,0.5672744516168508,0.0896839722213724
2025-05-14,48,0.0446601941747573,0.0334951456310679,0.0111650485436893,0.0023969319271333,-0.0038113387327298,-0.0080645161290321,21.3094257706762,20.99291952694077,20.906512460415808,0.6012719213721334,0.0933127770283291
2025-05-15,48,-0.0148467432950191,-0.0038314176245209,-0.0047892720306512,-0.008173076923077,-0.0009685230024213,-0.0019351717464924,20.73135676748803,20.74014523076923,20.625151412044914,0.4339336210745647,0.0874832564369697
2025-05-16,48,0.0184914841849148,0.0238442822384428,0.0277372262773722,-0.003314393939394,-0.0028422548555187,-0.0066068900424728,21.04291573385869,21.171690831481285,21.07127659574468,0.464567011714858,0.0788681580299741
2025-05-19,48,-0.0292728989612843,-0.030689329556185,-0.0401322001888575,0.0073710073710073,0.0,-0.0009746588693957,20.57886278388415,20.48808237945817,20.471799525626484,0.5765607368724907,0.127233841551421
2025-05-20,48,0.0009756097560975,0.0009756097560975,0.0004878048780487,0.047270955165692,-0.0032467532467531,-0.0046317739694302,20.395685658343204,21.37916805324459,21.50986861709332,0.2402554864068129,0.1511423190304618
2025-05-21,48,-0.0279329608938546,-0.026070763500931,-0.0162942271880819,0.007572172266919,-0.00140712945591,0.0028261893546868,20.98869467003711,21.24916191741548,21.29972309066548,0.5251125859208343,0.1061388954728608
2025-05-22,48,0.01713469776297,0.0028557829604949,0.0028557829604949,-0.0071191267204556,-0.0113421550094519,-0.0118091639111951,21.131043762331405,21.06452343550214,20.97607150707012,0.3544004117344312,0.2341568021959169
2025-05-23,48,0.0299714557564225,0.0242626070409135,0.0233111322549952,-0.0432558139534883,-0.0143747005270724,-0.0288007554296506,21.49102927231178,20.86792184724689,20.68445615968944,0.3902383588359935,0.3059659361688088
2025-05-26,48,0.0082926829268292,0.0160975609756097,0.0058536585365855,0.0160038797284189,0.0,-0.0009537434430137,20.845343702715454,20.897992524186456,20.97950066812012,0.5248806810632927,0.1453187118664854
2025-05-27,48,-0.031055900621118,-0.0377448638318203,-0.0482560917343526,-0.0180632212744606,-0.0055894308943089,0.0005112474437629,20.127579624371386,19.663964317811136,19.6055751318595,0.3062331994916265,0.1002238193249429
2025-05-28,48,0.0045569620253165,0.0172151898734178,0.0187341772151901,0.0034791252485089,-0.0004950495049506,0.0009915716410511,20.00601695038875,20.15193919124354,20.196599708069787,0.4187277584456295,0.1418234870814151
2025-05-29,48,0.0239401496259352,0.025436408977556,0.0324189526184539,0.0154514727184935,0.0100864553314121,0.0096015362457995,20.538955076971533,20.88544833246288,20.95550818424058,0.2880581939174794,0.17838438881957
2025-05-30,48,0.0071428571428571,0.0057142857142857,-0.0166666666666666,0.0087167070217917,0.0024061597690085,0.0024061597690085,20.993749875944594,20.76378317661029,20.829180120862272,0.4895075325492664,0.1090252920583723
2025-06-03,48,-0.0037914691943127,-0.0090047393364927,-0.0047393364928909,-0.0142857142857142,-0.0014471780028942,0.0019361084220717,20.84508256481011,20.689013273628657,20.679510111079463,0.5174129353233831,0.0748079729830504
2025-06-04,48,0.0135922330097089,0.0179611650485438,0.020873786407767,-0.0095147478591817,0.0004805382027872,-0.006679389312977,20.947899108280254,20.99451455033416,20.78582852515437,0.3880216423319871,0.1278735632183908
2025-06-05,48,-0.0240963855421686,-0.0289156626506024,-0.0096385542168674,0.0165369649805449,-0.0028625954198473,0.0014374700527071,20.318838800595007,20.971493673250222,20.93530432513537,0.3885463173998564,0.1196493802491492
2025-06-06,48,0.041826923076923,0.0307692307692308,0.0274038461538461,-0.0079625292740047,-0.0023551577955723,-0.0088909686476369,21.46468970359597,21.21248009071931,21.178470853062176,0.6311662430683919,0.0930207370609981
2025-06-09,48,0.0018613308515589,0.0158213122382504,0.0088413215449045,0.0046125461254613,0.0013793103448276,0.005540166204986,21.662235738988844,21.717539516282613,21.79998537018653,0.4937026625056955,0.1645388973426525
2025-06-10,48,0.0407882676443629,0.0311640696608614,0.0297891842346469,-0.0031152647975077,0.0067415730337077,0.0112866817155756,22.512158824229942,22.27026579577055,22.43957712393325,0.5825289221460306,0.1151167394098758
2025-06-11,48,-0.0134831460674157,-0.0107865168539325,-0.0184269662921348,0.0210430009149131,-0.004904146232724,0.0017953321364452,21.990476731140937,22.291207191493644,22.325222488675728,0.4024504337282668,0.1123577004543107
2025-06-12,48,0.0279531109107304,0.0455365193868351,0.0802524797114518,-0.0116861435726211,-0.0075440067057837,-0.0004221190375686,23.093970631069684,23.78739427495709,23.712973439642475,0.3583045536773043,0.0852180762206469
2025-06-13,48,-0.010584250635055,-0.0143945808636748,-0.0118543607112616,-0.0197086546700943,-0.0056497175141243,-0.007805724197745,23.381693022216844,23.07989656111061,22.8872768252435,0.3738427168484067,0.1905280431881968
2025-06-16,48,0.0012987012987011,-0.0116883116883118,-0.0186147186147186,-0.0066166740185268,0.0004442470013326,-0.0048608042421564,22.968478347809143,22.59151956323931,22.522423991726992,0.4819351740362062,0.1346074876285
2025-06-17,48,0.0230394328754983,0.000886132033673,0.0022153300841825,0.0039805395842547,0.0035366931918654,0.0075454948956945,22.79119346927169,22.590429420587743,22.638247897159182,0.5655756085811815,0.104665166150345
2025-06-18,48,0.0031124944419742,0.0048910626945311,-0.0022232103156957,0.0089166295140437,-0.0013239187996469,-0.0008830022075054,22.470966445948964,22.653318135608885,22.66605453805454,0.4786546825166715,0.1424760800231951
2025-06-19,48,-0.0290308173291649,-0.0084859312192944,-0.0147387226440376,-0.0118181818181818,-0.0045787545787546,-0.0013780431786862,21.9616233262679,21.79166947810967,21.73323113772455,0.5913802791908198,0.1234768721164083
2025-06-20,48,0.0032213529682467,0.0036815462494246,-0.0073630924988494,-0.0037071362372566,0.0056127221702526,-0.0078449469312413,21.660419875355387,21.49367039557145,21.450093891760734,0.3982335745236663,0.1965252005888084
2025-06-23,48,0.0094117647058822,0.008470588235294,0.0122352941176471,0.0018596001859598,-0.0032377428307123,0.0032588454376163,21.464774645104846,21.51580347468709,21.59196542311192,0.4508344319753046,0.1413550274928454
2025-06-24,48,0.0166589541878758,0.0124942156409069,0.014807959278112,-0.0163859808830222,-0.0078053259871442,-0.0036883356385432,21.91433889766469,21.72133362013336,21.64475328467153,0.4520273589540112,0.1725679880084142
2025-06-25,48,0.0105893186003682,0.0156537753222836,0.0188766114180478,0.0122006326253953,0.0022371364653241,0.0112866817155756,22.05906080850441,22.26652438190169,22.408117266324005,0.453327126800958,0.1577560382302373
2025-06-26,48,-0.0173333333333333,-0.0142222222222222,-0.0075555555555556,-0.0017857142857142,-0.0017857142857142,-0.0004470272686634,22.175187173695708,22.5262154776749,22.37191810344828,0.4232610378706096,0.0809534713816829
2025-06-27,48,-0.0071748878923766,-0.0022421524663677,-0.0044843049327354,0.0009009009009008,-0.0013483146067416,0.0009009009009008,22.15394527497968,22.19630604327481,22.236483628487704,0.4115477242935097,0.119638447702954
2025-06-30,48,0.0133511348464618,0.0195816644414776,0.0218068535825546,0.0060949063996518,-0.0004325259515571,0.0060949063996518,22.86177976104793,23.13267319347319,23.098554576271187,0.5053306042538044,0.0656313962801459
2025-07-01,48,0.0135371179039303,0.0109170305676855,0.0039301310043668,0.024411508282476,0.0151187904967602,0.0195227765726679,23.111873900068865,23.25809842741179,23.38100841039374,0.4006339073468522,0.2667209803243195
2025-07-02,48,-0.0081370449678801,-0.0077087794432547,-0.0098501070663811,-0.0095155709342561,-0.0004364906154518,-0.0069384215091067,23.160792441328866,23.025621047305844,22.923429197480143,0.4048325124423012,0.1882977900410015
2025-07-03,48,0.0004349717268379,-0.0082644628099172,-0.0047846889952153,-0.0021853146853146,-0.0021853146853146,-0.0043610989969472,22.905062630480167,22.890514688601645,22.893560904449306,0.4205680006711972,0.1437830354895544
2025-07-04,48,0.0209150326797384,0.0183006535947714,0.0030501089324619,-0.0065132435953105,-0.0004368719965051,-0.0030501089324619,23.302510561650564,22.940604293236127,22.84491834774256,0.5027985074626866,0.0971082089552238
2025-07-07,48,-0.0142095914742451,-0.0008880994671403,-0.0017761989342806,-0.0022241992882562,-0.0013357079252004,0.0013392857142857,22.297689897711475,22.39668276436303,22.42661535770509,0.599951670392074,0.0863438651603938
2025-07-08,48,0.0293453724604966,0.0284424379232506,0.0496613995485328,-0.0004301075268817,-0.0021468441391154,-0.0021468441391154,22.828917401493825,23.29808984645461,23.2551166840822,0.2019148288552533,0.1059243476576551
2025-07-09,48,-0.0021514629948363,0.0021514629948364,-0.0081755593803785,0.0091106290672451,0.0004301075268817,0.0,23.209245903547835,23.217642768108583,23.269992236885884,0.408711174580507,0.1609603712959657
2025-07-10,48,-0.0073913043478262,0.0034782608695651,0.0056521739130435,-0.001297016861219,-0.019108280254777,-0.0094339622641509,22.935766985889952,23.27976412954731,23.30059849575932,0.2826524173830744,0.2464311065541446
2025-07-11,48,0.0,0.0012992637505413,0.0012992637505413,0.0259627866724363,0.0055131467345208,0.0089361702127659,23.04213329131873,23.474611482927937,23.672200945038547,0.2146227769039117,0.2308345867251455
2025-07-14,48,-0.0125,-0.0104166666666666,-0.0099999999999998,0.0088383838383836,-0.0016659725114537,0.0058749475451111,23.75095232694416,23.913701326486947,23.983062819646825,0.4818405017237212,0.1318296887124884
2025-07-15,48,0.0571188576228476,0.0575388492230155,0.0554388912221754,-0.0031834460803819,0.0024009603841537,0.0024009603841537,25.06472369926633,24.96681314407933,24.96521204175281,0.5633170078573694,0.1164570193674171
2025-07-16,48,0.0076305220883534,0.0100401606425701,0.0032128514056226,0.0040032025620495,-0.0003985651654045,0.0080385852090032,25.055079393955143,24.97164525589657,25.024724456359845,0.4828356304236855,0.1071018376722817
2025-07-17,48,0.0522772277227723,0.0605940594059406,0.0685148514851485,0.0256505576208179,0.0,0.0,26.510345941650435,27.501675623691803,27.58981818181818,0.4837109944655288,0.010056593423746
2025-07-18,48,-0.0067519545131485,0.0213219616204689,0.0099502487562188,0.0045758535726856,0.0045758535726856,0.0014035087719297,28.46589451443775,28.478542748451947,28.46261719114038,0.5976844135943786,0.0982613261051384
2025-07-21,48,-0.0204297287777387,-0.0158506516379006,-0.0059880239520958,0.0081531371853953,-0.0055944055944056,0.0014084507042253,27.826528401608247,28.434915319080066,28.524858831254104,0.4931989924433249,0.1334355492279049
2025-07-22,48,0.0042613636363637,-0.0095880681818181,-0.0198863636363635,-0.0108695652173913,-0.0094339622641508,-0.0054644808743168,27.88349932316578,27.45136177673875,27.34293113530673,0.335914907413702,0.1877925188388668
2025-07-23,48,-0.006259204712813,-0.0040500736377024,-0.0088365243004417,-0.0077806595035196,0.0052552552552553,0.0014958863126404,26.717176273749576,26.711770279178868,26.71285520974289,0.5638819277744072,0.0896726371046453
2025-07-24,48,0.0238970588235294,0.0143382352941177,0.0033088235294118,-0.0040307805056797,-0.0033003300330033,-0.0043956043956043,27.63812548050759,27.22567442715636,27.152423038202723,0.633022338862589,0.1184939161445056
2025-07-25,48,-0.0077007700770077,-0.0091675834250091,0.0055005500550056,-0.0029186428310835,-0.0014614541468762,0.0022002200220021,27.14177241003464,27.22630371267726,27.350457606156382,0.392505708108545,0.1470368349800974
2025-07-28,48,0.0055309734513273,0.0051622418879055,0.0070058997050146,-0.0051244509516837,-0.0014695077149154,-0.0036656891495601,27.26964623866741,27.228684567398968,27.19853986050453,0.3990967755300746,0.158903286618398
2025-07-29,48,0.0073800738007379,0.0088560885608854,0.0151291512915128,0.001088534107402,0.0025436046511628,0.0102526547052361,27.39504721723223,27.444181184668988,27.54622417880121,0.4320287532361616,0.1680243530047701
2025-07-30,48,-0.0235507246376812,-0.0340579710144928,-0.036231884057971,-0.0097817908201655,0.0011411182959299,0.0019033117624667,26.89689832924307,26.33327756383672,26.22481987021705,0.3322904122539475,0.125741393087459
2025-07-31,48,0.0076132470498666,0.0125618576322803,0.0068519223448801,-0.0146561443066516,0.0019105846388993,-0.0022831050228311,26.50093099375258,26.25709981819756,26.15648846717581,0.4197281773458226,0.1112961802306113
2025-08-01,48,0.0038095238095239,-0.0015238095238094,-0.008,-0.0084485407066051,0.0003874467260751,-0.006158583525789,26.18935339151396,25.829446607816063,25.760572586774767,0.2572121544938678,0.2889987186527549
2025-08-04,48,0.02734375,0.0437499999999999,0.0398437499999999,0.001502629601803,-0.0018719580681393,0.0045214770158252,26.381516489422967,26.64825026263569,26.66145874401577,0.4943376420037541,0.1263599889688548
2025-08-05,48,-0.0063009636767976,-0.0133432171979244,-0.0174203113417346,0.0018839487565938,-0.0015020653398422,-0.0007515971439308,26.65965625919233,26.56044258778368,26.58440268456376,0.4889446928400808,0.0912598762785569
2025-08-06,48,0.010154193305754,0.0203083866115081,0.0293343362166227,0.0062089116143171,0.0029122679286495,0.0029122679286495,27.045867297301346,27.5205336790022,27.513403261989936,0.3000845698470054,0.1268009533328208
2025-08-07,48,-0.014519056261343,-0.0250453720508166,-0.024682395644283,0.0093040565686639,0.0063079777365491,0.0055617352614016,27.044164481171755,27.00455127309316,27.09757412398922,0.4909549198182685,0.1385390950770698
2025-08-08,48,0.0163690476190476,0.0130208333333334,0.0163690476190476,-0.011717319663127,-0.0011102886750555,-0.0044264109184802,27.198348039661603,27.042390536180672,27.015581865434594,0.3956690663924123,0.0989315506799222
2025-08-11,48,-0.0003741114852227,0.0026187803965582,0.0097268986157874,-0.007774898185857,-0.0029761904761904,-0.0103397341211225,26.75869141141515,26.9310393340002,26.814084553111456,0.4820097823120683,0.1283561097466255
2025-08-12,48,-0.006959706959707,-0.0117216117216116,-0.0062271062271063,0.0114012504597278,0.0018214936247722,0.0106578463800073,27.105976206858728,27.35768059506244,27.461510991648268,0.4770572574719013,0.1254893929720157
2025-08-13,48,0.0208791208791208,0.0087912087912087,0.0054945054945054,0.0040058266569555,0.0065717415115005,0.0032751091703056,27.61782670454545,27.473752349516342,27.537594908606525,0.4175477426012053,0.101040841047421
2025-08-14,48,-0.0228426395939086,-0.0163161711385061,-0.0282813633067439,-0.0022379709063781,-0.0077893175074184,0.00187265917603,26.99657413882217,26.75046881575625,26.772072008471586,0.4090162921645808,0.1000123559211339
2025-08-15,48,0.0372460496613995,0.0684725357411588,0.0647103085026337,0.0021193924408338,0.0074573863636364,0.0003526093088859,27.84908884108177,28.355848737289,28.340305498085133,0.5106833571640543,0.1021438656127193
2025-08-18,48,-0.009845288326301,-0.0091420534458509,0.0042194092827003,0.0168008400420021,0.0125479261066574,0.00833044081916,28.13612699684511,28.83692727148797,28.962517263472627,0.3324081904920727,0.167323796023871
2025-08-19,48,-0.0069565217391304,-0.0191304347826086,-0.0149565217391304,0.0038828097423226,0.0099431818181818,0.0117395944503735,28.35958660191757,28.27797253993872,28.454880626801685,0.509571249739203,0.117610751790806
2025-08-20,48,-0.0178571428571429,0.0114285714285713,-0.0025,0.0161059413027917,0.0021178962230852,0.0067375886524823,27.805652202142625,28.2221860701576,28.363909401179026,0.5000607210626186,0.0978519924098671
2025-08-21,48,-0.0137906647807638,-0.0081329561527581,-0.0063649222065063,-0.004982206405694,-0.0007147962830592,-0.0053361792956242,28.09987676374365,28.051607240811848,27.95990345401581,0.424023065310466,0.1486747345756923
2025-08-22,48,0.0082084225553176,0.0053533190578158,0.0164168451106352,0.0038650737877723,-0.0003498950314905,0.0028080028080028,28.319162391081274,28.482919695580804,28.5821476957246,0.2776851905062927,0.1724996647702239
2025-08-25,48,-0.0108202443280976,-0.0031413612565445,-0.0125654450261779,0.0120567375886524,-0.0076495132127956,0.0049295774647888,28.35671979519366,28.486133411465964,28.72187401250257,0.433518588385524,0.105617146008068
2025-08-26,48,0.0045454545454544,-0.013986013986014,-0.0083916083916084,-0.001412429378531,-0.0007067137809186,-0.0042253521126759,28.395993751999548,28.269115135735344,28.224136059345035,0.4742221212809448,0.1394756100638453
2025-08-27,48,0.0204081632653061,0.0031667839549613,0.0024630541871919,-0.0266292922214435,-0.0092724679029956,-0.0207966161438138,28.803791845430933,28.224325490950275,27.9449066640398,0.4798435697996063,0.1760533458200012
2025-08-28,48,-0.0302375809935204,-0.0172786177105831,-0.0316774658027358,0.01785050204537,0.011829944547135,0.0208877284595301,27.17848744422966,26.839313035861228,27.21827335698598,0.4473736985024309,0.0641629493926796
2025-08-29,48,-0.0076923076923077,0.0025641025641025,0.0179487179487178,-0.0046762589928057,0.004720406681191,-0.0003612716763005,27.38984255569348,27.61758354462836,27.644761012183693,0.390859579347164,0.105136335948977
2025-09-01,48,-0.0097017606899029,0.0039525691699606,0.0043118936399568,0.0085867620751343,0.001065340909091,-0.0056437389770722,27.78137968268344,28.20105984467793,28.18155594894252,0.3457544046877933,0.1060583602604768
2025-09-02,48,0.0430854760250172,0.0423905489923557,0.0291869353717859,0.0178812415654521,-0.0111438872500819,-0.0270880361173815,29.631849313959822,30.46742857142857,30.13467184416577,0.4799157268711596,0.0969140981664733
2025-09-03,48,-0.0026936026936026,0.0003367003367003,-0.0074074074074074,-0.0176330959647338,-0.0172998643147896,-0.0112627986348123,29.75413250593813,29.236354262067096,29.07331680396705,0.4298980093034006,0.1444974141168992
2025-09-04,48,-0.0037813681677552,-0.0278446201443794,-0.0099690615331728,-0.01772063933287,0.0060498220640567,-0.0115384615384616,28.83161201480334,28.414498268816867,28.121670271169524,0.3551601196918571,0.1530782453683071
2025-09-05,48,0.0640254686947292,0.0576582950123805,0.1001061195613726,-0.0067524115755627,0.0012965964343598,0.0035737491877843,30.20255776808895,30.806486403026263,30.859784186776537,0.3238995722074023,0.0767091950952468
2025-09-08,48,-0.030718954248366,-0.015359477124183,-0.0101307189542484,0.0069329811819083,0.005273566249176,0.0079312623925973,29.976257662147084,30.36488968806192,30.49609658212441,0.5323856606756916,0.1560579692288737
2025-09-09,48,-0.0152399481193254,-0.0262645914396886,-0.0246433203631647,-0.0143094841930115,0.0033875338753388,-0.005372733378106,30.467274870771742,29.716411979872625,29.587263753028807,0.5215769358006096,0.0784315105614719
2025-09-10,48,0.0063122923588039,0.0083056478405316,-0.0146179401993356,-0.0134861766689142,0.0030853616729515,0.0017117425539199,30.112474729415048,29.288427994394528,29.149281853281853,0.4375088091284018,0.0793587567332381
2025-09-11,48,0.0010179843909059,0.0332541567695963,0.0912792670512385,0.0,0.0,0.0,30.783887716298413,32.159946674284626,32.15944195316393,0.4456117633165972,0.0081725894525953
2025-09-12,48,-0.013292117465224,-0.0034003091190107,-0.0154559505409582,-0.0131909547738693,-0.0066392665191272,0.0,32.05485348929538,31.548543809674527,31.478347775852107,0.5143527660914112,0.0849268358498203
2025-09-15,48,-0.0174050632911392,-0.0253164556962025,-0.0193037974683545,-0.0109642050951306,-0.0022771633051398,-0.0064787819889859,31.138697088603536,30.784879510594912,30.71758049443548,0.4821309463461487,0.1570262266214882
2025-09-16,48,-0.0135922330097086,-0.022977346278317,-0.0135922330097086,0.0167213114754098,0.0190601380216892,0.0173884514435695,30.33061360139501,30.61542013617714,30.70174814394093,0.2948869698143853,0.2616652777851497
2025-09-17,48,0.0127510360216767,-0.0025502072043354,0.0082881734140898,0.0243439772368005,0.0080896079651524,0.0179076343072572,31.500085561371105,31.99236258437801,32.17916678679544,0.4932081336521021,0.1250734718751465
2025-09-18,48,-0.0079926221948969,-0.0033814940055333,0.0,-0.0166000614817092,0.0069247717972931,-0.010516548097742,32.38282012742581,32.11126781513243,31.62246941139308,0.3349460536202912,0.1683077424751534
2025-09-19,48,0.0071013557133634,0.0022595222724337,-0.0038734667527436,0.0045366169799092,0.0048622366288493,0.0163934426229508,30.918937696931184,30.867976312768143,31.099943620721216,0.4967492492910745,0.1521752452687231
2025-09-22,48,-0.0067071223251357,-0.0111785372085595,-0.0175662727563078,0.0260247234873129,0.0060606060606058,0.0184049079754602,31.125149531241817,31.285795769003947,31.50349594959496,0.3756833189476712,0.1169449064230226
2025-09-23,48,0.0376106194690264,0.0271807838179518,0.0066371681415928,0.014752040175769,0.0081072653570313,0.0221308883970914,32.584374882378775,31.976036482620792,32.22679402591171,0.6613172120661908,0.0687987455123179
2025-09-24,48,-0.0081761006289308,0.0028301886792452,0.0176100628930817,0.0197836166924265,0.0027355623100304,0.0091771183848272,31.89207044757981,32.8288365885127,32.98044619198222,0.4393400392541707,0.1304643589972343
2025-09-25,48,-0.003640776699029,-0.0048543689320389,0.0136529126213591,0.0041891083183722,0.000894721145243,-0.0053349140486069,33.34007146384685,33.53443405287903,33.47367836825309,0.2844931493370723,0.1329606671094384
2025-09-26,48,-0.0158920539730135,-0.0056971514242879,0.0020989505247377,-0.0251497005988022,-0.0042813455657492,-0.0018393623543836,33.31962518966376,32.881503789310365,32.638562443845466,0.3270111997657565,0.0896200863772783
2025-09-29,48,-0.0027624309392264,0.0006138735420504,-0.0006138735420502,0.0070660522273426,0.0018337408312958,0.0049049662783569,32.504936394001845,32.6381979020641,32.75316010888394,0.3276466436168304,0.1450345149365332
2025-09-30,48,-0.0048587913756451,-0.0130580018220467,0.0024293956878225,-0.0181159420289853,-0.0085365853658534,-0.0055045871559632,32.80984305968908,32.785972466149225,32.64762026530286,0.3580241389724717,0.1399791943981476
2025-10-09,48,-0.0050746268656717,-0.0053731343283581,0.0253731343283583,-0.0014556040756915,0.0023378141437755,0.0049809551714032,33.85745463594699,34.30561182950191,34.4067166170584,0.5141676293158773,0.1000436400975484
2025-10-10,48,-0.0028985507246377,-0.0115942028985507,-0.0188405797101448,-0.0053175775480058,0.0,-0.0131887456037513,34.42054842177269,33.83588039132598,33.588258965558055,0.4901058062538712,0.1079006685524912
2025-10-13,48,0.067891622547493,0.0557458735596387,0.0432886951105575,0.0355223880597013,0.0107808857808857,0.0116652085156021,33.99306442728791,34.09262632236021,34.55846289975983,0.4956647398843931,0.1270231213872832
2025-10-14,48,0.0621028307336801,0.038994800693241,0.0268630849220103,-0.0464135021097046,-0.0182450043440487,-0.0272596843615495,36.2133624607141,34.704999865029016,34.121536098310294,0.5865351629502573,0.0922440152136624
2025-10-15,48,-0.0069889341875364,0.0049504950495047,0.0061153174140942,0.0219843795198149,-0.0016953941791467,0.0062660210766163,34.60520906707435,35.14767671211347,35.27125713713313,0.4318004160755719,0.0825781796073338
2025-10-16,48,0.0324858757062147,0.0488700564971753,0.0700564971751414,0.0005279831045406,0.0071751262290724,0.0095897709110281,36.835294008927,37.72871077901988,37.74805421548358,0.4564809448473551,0.1090960354631036
2025-10-17,48,-0.0148462354188759,-0.0304878048780486,-0.0522269353128314,-0.046940486169321,-0.0130208333333333,-0.0437342304457527,36.7500995328052,34.931673453116545,34.29807425416603,0.379120022214361,0.1501979892960253
2025-10-20,48,0.0112977983777518,0.0110081112398607,0.000289687137891,-0.0075296843324644,0.0061655901350559,0.0076448103498971,34.51605350865178,34.06092996671486,34.127419168960884,0.5173342169572961,0.0924195714818255
2025-10-21,48,0.0307246376811594,0.0423188405797101,0.0420289855072464,0.0064031180400889,-0.0005529444290849,0.0,35.629635655095186,36.10856765665467,36.174066110780224,0.5251597140636051,0.0981372050477242
2025-10-22,48,-0.0069832402234636,0.0027932960893854,-0.0055865921787707,-0.0084269662921349,-0.0031064670996893,-0.0011318619128467,35.81964451956484,35.37660736152129,35.29065302500391,0.3752488872146926,0.1472720423742494
2025-10-23,48,0.0166906474820143,0.0244604316546763,0.0353956834532374,0.0016671297582659,0.0152069839481836,0.0013888888888888,35.222426332547656,35.83609267569285,35.92937253980377,0.5446024601071524,0.0984795010356518
2025-10-24,48,0.0368715083798882,0.0558659217877095,0.0645251396648045,0.0002627430373094,-0.0007874015748031,0.0023696682464455,37.42145726487264,38.05967008809249,38.04020285674406,0.5095607548013338,0.100092207961552
2025-10-27,48,-0.006225680933852,-0.0181582360570686,-0.006225680933852,0.0177499347428868,0.0020560267283475,0.003087213789555,38.0338176485056,38.78762658402966,38.88073018534041,0.4088025442022179,0.1179494784715013
2025-10-28,48,-0.0076824583866836,-0.0128040973111395,-0.0017925736235595,0.0002565418163162,0.0041205253669844,0.0036036036036035,38.99235997306808,38.87841437550611,39.0146138630529,0.4808282854582908,0.1819608984324146
2025-10-29,48,0.0489690721649485,0.0438144329896907,0.0608247422680412,0.0089849441476443,0.0053230099201548,0.0094752186588922,40.54252257565147,41.188193209270224,41.45783535762483,0.4786272530368306,0.1229187698170081
2025-10-30,48,0.0097560975609756,0.0151219512195122,0.0029268292682926,-0.0021881838074399,0.0009756097560975,-0.0072568940493469,41.18984268280548,41.11635337947969,40.97299381471024,0.5351370878807469,0.0942693082861163
2025-10-31,48,0.0073324905183314,-0.0141592920353981,-0.0123893805309732,0.0248717948717949,0.0170483460559796,0.031217750257998,38.91768692706991,39.00101595533827,39.27339018241139,0.4339351695512621,0.0884295976210694
2025-11-03,48,-0.0215189873417721,-0.0448101265822785,-0.0377215189873417,0.0270270270270269,-0.0076064908722108,-0.0040712468193383,38.569491378375446,39.183586400818,39.315351504424775,0.5476251651739833,0.0648078475994714
2025-11-04,48,0.0176290240163514,0.0143076136944302,0.0120081757792538,-0.0017667844522968,0.0291438979963569,0.0222279658826569,39.87841980264258,38.92435377473736,39.25358790771679,0.4940022045950678,0.1086735686342317
2025-11-05,48,-0.0098726942062874,-0.0002598077422708,0.0226032735775525,0.0720995176440719,-0.0004733727810651,0.020048309178744,38.50124576255137,41.735348586744834,42.63653529899402,0.2218645505106512,0.1265864788748373
2025-11-06,48,0.0100867933380248,0.0129017124091015,-0.0136054421768708,-0.0047596382674917,-0.0028612303290413,0.0016766467065867,43.11214643536065,41.71059843462901,41.95795065332716,0.5599948487536845,0.0803794751452365
2025-11-07,48,-0.0126733620277379,-0.0200860832137733,-0.0093256814921091,-0.0086893555394641,0.002685546875,0.0009748964172555,41.29837854906473,41.17465092988172,41.00757788801256,0.4755989252086736,0.1054507274410483
2025-11-10,48,-0.0217812197483058,-0.0271055179090028,-0.0271055179090028,0.0154190499875652,0.0036873156342183,0.0106435643564355,40.58151309408341,40.64256282508328,40.7980863514719,0.5780386647032599,0.1262029243953292
2025-11-11,48,0.0019488428745433,0.0131546894031671,-0.0141291108404384,-0.0217391304347824,-0.004524886877828,-0.0149253731343284,41.32142443801469,39.89144530396399,39.56799076939215,0.425414364640884,0.1620654483637909
2025-11-12,48,-0.0256410256410256,-0.0325641025641026,-0.0505128205128204,0.002972972972973,-0.0008077544426494,-0.0125066524747206,37.361614912878416,37.15407700305269,37.11828635358965,0.5346197004109885,0.1238609939433268
2025-11-13,48,0.0002675943270002,0.0016055659620015,0.0048166978860049,0.0043057050592034,-0.002139037433155,0.0021482277121374,37.52305871974571,37.29380240946854,37.37120611063201,0.5166345903249734,0.0813636454762334
2025-11-14,48,0.0278604273735461,0.032188260751961,0.0381390316472816,-0.0260552371026576,-0.0111111111111109,-0.0173501577287065,37.87531330840961,37.82211570544443,37.58234274517685,0.5299651365485183,0.1156536897152818
2025-11-17,48,0.0034768654720513,0.0,0.0141749130783632,0.0087025316455695,0.0042005775794171,0.0034102833158446,37.81111338144986,38.138973889205545,38.12520123318386,0.275141911787026,0.1083082900767993
2025-11-18,48,-0.0065876152832674,-0.0071146245059289,-0.0131752305665349,-0.0032102728731943,-0.0005364806866953,-0.0048076923076922,37.71967729443656,37.337726737338045,37.32813736468832,0.438546452768476,0.1043143057394283
2025-11-19,48,0.007295325587679,-0.0045933531477977,-0.0105376925155363,-0.0136574706364381,-0.0095995611629182,-0.0093278463648834,37.040151855582245,36.327493893098165,36.19959985179696,0.1962830545062061,0.2366905018888289
2025-11-20,48,0.0125992878663379,-0.0016433853738699,-0.0095864146809093,0.0013827433628319,-0.0038514442916093,-0.0030286343612334,36.75599468700459,36.24745648772384,36.2845020767906,0.4802684619254012,0.1360363278046898
2025-11-21,48,0.034638130104196,0.0430864545198534,0.035764573359617,-0.0170731707317072,-0.0005511160099199,-0.0106382978723402,37.02256354238402,36.549346262120736,36.2598194373691,0.5818407189339945,0.0995408062653182
2025-11-24,48,0.0159603742432581,0.0132085855806274,0.0035773252614197,0.0117905127502055,0.0002710761724042,0.001085187194791,36.88792289581424,36.76429343227234,36.88967016491754,0.4718804385364962,0.1445355616801988
2025-11-25,48,0.0179672834540092,0.0209171359613837,-0.0005363368195225,-0.0139484978540773,0.0030013642564801,0.0002721088435373,37.79753904349183,36.79099122354156,36.64666049953747,0.4488329500705086,0.088554192193141
2025-11-26,48,-0.0013698630136985,0.0068493150684931,0.0115068493150685,-0.0037930100243834,0.0013616557734206,0.0005442176870749,36.40354851528564,36.83892150351972,36.74279033243173,0.4948638607858923,0.1111714665399202
2025-11-27,48,0.0173629951166576,0.0065111231687466,0.0029842647856754,-0.0167703543413577,-0.0051997810618499,-0.0081855388813095,37.28363743360228,36.54373853873841,36.37676720423489,0.4692310690206165,0.1582875404341556
2025-11-28,48,-0.0065377281394716,0.001362026695723,0.0149822936529555,0.0045576407506702,0.0059060402684563,0.010790396547073,36.99438096236503,37.31544967242406,37.47797685950413,0.267599185361772,0.2149081953237239
2025-12-01,48,-0.0062111801242237,-0.0221442073994059,-0.0178233864434244,-0.0109920307776861,0.0055881531153954,-0.0033231791747437,36.50367774710988,36.04236060215273,35.949080005711295,0.4749123741693071,0.1178308050360317
2025-12-02,48,-0.0125383115073837,-0.012259682362775,-0.0139314572304263,0.0002825656965244,-0.0002824060999716,0.0008481764206955,35.44284766104469,35.30878887669228,35.361859969828735,0.5169404881209066,0.1140737141526719
2025-12-03,48,0.012644001123911,0.0177016015734756,0.0407417813992694,-0.0051254383598596,0.0016295491580662,-0.0005420054200541,36.49601545520406,37.01393225159242,36.89821584529008,0.2859574977291146,0.0697528950388634
2025-12-04,48,0.0214266341198805,0.0385136967724437,0.0461079468402496,-0.0015576323987539,0.0002600780234069,0.0044398015147557,37.89185705094461,38.43837360992301,38.4483711702662,0.4970345485463067,0.1032205217535564
2025-12-05,48,0.0654918463966331,0.0668069437138347,0.0733824302998422,0.0024509803921568,-0.00146484375,0.0012239902080781,40.29594065965095,40.895625612648224,40.84665746280104,0.5023706873380568,0.0934513122103837
2025-12-08,48,0.0012195121951219,0.0090243902439024,0.0207317073170731,0.0035833731485905,0.0038231780167263,0.0045432807269247,41.47750245463472,41.96818319183737,42.08280683583635,0.456154451148452,0.155197455666481
2025-12-09,48,-0.003122748018256,-0.004804227720394,-0.0043238049483544,0.0028929604628737,0.0019267822736031,0.010199125789218,41.514828366919325,41.39747008045463,41.62025389353498,0.3677834368651927,0.1469735331351017
2025-12-10,48,0.0004722550177094,-0.020543093270366,0.0007083825265643,-0.0096812278630461,-0.002615933412604,0.0016718414139,42.3930636830873,41.925488240213774,41.96557454503033,0.623593907454641,0.0826611250668993
2025-12-11,48,-0.0200923787528868,-0.0196304849884525,-0.0362586605080831,-0.0007183908045976,-0.006901475487863,-0.007845934379458,42.61334218030443,41.971636922955575,41.86292934423732,0.6076037178243509,0.1110327791188214
2025-12-12,48,0.0313253012048191,0.036144578313253,0.0486746987951807,0.0133088572739787,0.0004531037607611,-0.0033852403520651,43.020506709065785,44.19171347906752,43.87787230325792,0.4015872279203601,0.132837517983942
2025-12-15,48,0.0020371208691716,-0.0079221367134449,-0.009506564056134,0.0068571428571428,-0.0033936651583711,-0.010334756234554,44.36028738512949,44.15306979617048,44.06173767984986,0.5605992386721788,0.0736103720682739
2025-12-16,48,-0.0227801022780103,-0.0299860529986054,-0.0360297536029754,0.0060313630880579,0.0024038461538462,0.004335260115607,42.04505674453893,41.4104754528843,41.6912375,0.4612681611519871,0.0841424876535241
2025-12-17,48,-0.0050251256281407,-0.0050251256281407,-0.0028715003589374,0.0204032645223235,-0.005846585594013,-0.007239607659972,41.679159756771696,42.50298803739467,42.60743803345852,0.4387436708411931,0.1038549363892946
2025-12-18,48,0.0341859321200197,0.0324643384161338,0.0336940482046237,-0.0107015457788346,-0.0023980815347721,-0.005736137667304,41.89197885780585,41.79413417771621,41.65960980490245,0.4687743950039032,0.1560499609679937
2025-12-19,48,-0.030736240171551,-0.0254944007624493,-0.0326423635930426,-0.0049273220004928,0.0,-0.0002475247524752,40.97132759859415,40.43479407600656,40.32132680859651,0.3877403367880334,0.1195097099378395
2025-12-22,48,0.0029318348399707,0.0068409479599316,0.0193012460298069,-0.0150825951639933,0.0039043435822352,-0.0084357676548566,41.05555453912697,41.177560349127184,40.98930363581731,0.4842183834506291,0.0946328286059572
2025-12-23,48,0.0027033669206193,0.0,-0.001228803145736,0.0009840098400983,-0.0014723926380368,-0.0044042084658674,40.66393815732723,40.75297840112202,40.65601609657948,0.4587311845890839,0.1243380728015677
2025-12-24,48,0.0100761857950357,0.0275251904644877,0.0388301794052594,-0.0080359253131647,0.00023832221163,-0.0023769907297361,41.64034493432981,42.09873925161597,41.961067344345615,0.4246779305308386,0.1004388794747626
2025-12-25,48,0.0152417242200524,0.0014289116456298,0.0121457489878542,-0.0030552291421855,-0.0018823529411764,-0.005858917272088,42.18699187394096,42.640380603470206,42.39377928618349,0.4372791645805021,0.1306630427008082
2025-12-26,48,-0.0118853414122581,0.0193428105336752,-0.009321836401771,0.0119971771347919,-0.0018561484918793,-0.0032437442075994,42.85724441956476,43.06471500211895,43.0441614807723,0.429334347215723,0.0733153954141319
2025-12-29,48,-0.0208430913348945,-0.0098360655737704,0.0009367681498828,0.0037444418441376,-0.0041792430926398,-0.0020939972080036,42.24020225393153,42.94059254095504,42.91382129863723,0.4594700387452895,0.1075911575818693
2025-12-30,48,-0.0040018832391712,-0.0077683615819208,-0.0002354048964218,0.0167216203485633,0.006997900629811,0.0312947921643573,42.5911457417157,42.63113960277688,42.98256126407418,0.3850019972694048,0.1890370776669508
2025-12-31,48,-0.0332708528584817,-0.0124179943767572,-0.0318650421743205,0.0106511740498667,0.0031234983181163,0.0062665702578934,41.674728433029486,41.56156519941526,41.70959260561612,0.4326769013988477,0.1131066692423949
2026-01-05,48,0.0304834484401048,0.0273874732079066,0.0221481305072637,0.0081547064305684,-0.0009235742322788,-0.0009235742322788,43.02961993392855,43.4075367087444,43.23387740657587,0.4502134569309639,0.0904345159369219
2026-01-06,48,-0.0534422403733955,-0.056242707117853,-0.0644107351225203,0.0192019950124686,0.0007345739471105,0.0121347201584942,40.55890267146536,40.60986437950014,40.81654249686605,0.4951095936908251,0.0763905262909227
2026-01-07,48,0.0445111277819454,0.0512628157039258,0.0552638159539884,-0.014218009478673,-0.0002403268445084,0.0024096385542169,41.78190719023356,41.64046354525455,41.56778523007063,0.5756415662559292,0.0728258713904465
2026-01-08,48,0.028114396509937,0.0666505089675231,0.0596219098400387,0.0041171088746569,0.0025119890385931,0.0009119927040583,43.27270094521956,43.80788866100501,43.97619676067232,0.4801345993422072,0.115949721124787
2026-01-09,48,-0.0218847699866012,-0.0178651183564092,0.0029030817329163,-0.0033400133600534,-0.0035618878005343,0.0047138047138046,44.52974119214627,44.67119855391167,44.86667140723885,0.4238386791473209,0.0995282225266951
2026-01-12,48,0.0090109890109888,0.0017582417582417,0.0083516483516483,-0.0039224231858793,-0.0050065302568567,-0.0054395126196692,45.61689942034518,45.881527725636026,45.76725790018943,0.4702741564609148,0.112001539624298
2026-01-13,48,-0.0233333333333333,-0.0397777777777778,-0.0337777777777777,0.0066697332106717,0.0092229651833066,0.0052824988516306,43.7019411955855,43.35129366409131,43.64568846035956,0.4912447680683517,0.1285029158561239
2026-01-14,48,0.0323609845031904,0.072014585232452,0.0505925250683683,-0.0114470842332612,-0.0008731717965509,0.0119389785540571,45.65409692996504,45.472153425249445,45.64502809824525,0.4151087555891097,0.0922301325026686
2026-01-15,48,0.0216867469879518,0.0247535596933188,0.0124863088718509,0.0480311553440069,-0.0018545229754791,-0.0004127115146512,46.396000884760745,48.10444068932906,48.430894632448734,0.3422915114285269,0.0800995428949228
2026-01-16,48,-0.0333333333333334,-0.0350980392156862,-0.034313725490196,0.0286294416243653,0.0097667929041258,0.0263371150729334,49.652500746238005,50.09519830908865,50.69684695339239,0.4551624748208545,0.1686751655346139
2026-01-19,48,0.0627590290112491,0.058614564831261,0.0469705940398657,0.0277044854881265,-0.000549853372434,0.0118760437929115,53.12385203424124,54.21972179969853,54.47318631038231,0.5643056278034091,0.0984872943840081
2026-01-20,48,-0.0493306436823766,-0.0561158995048597,-0.0601503759398496,0.0128554733151537,0.0058027079303675,0.0050251256281406,52.083387549136525,51.667746841973006,51.864665048129126,0.5643184023162887,0.0831369608697161
2026-01-21,48,-0.0170840613473111,-0.0033003300330032,-0.0083478936128906,0.0090037189273828,0.0009708737864078,-0.0113156885308784,50.81014296595974,51.91769455740021,51.5404700363157,0.4163098096424845,0.0783890020160269
2026-01-22,48,0.011201235998455,-0.0094631131711085,-0.003862495171881,0.0,-0.0009678668215252,-0.0065447545717036,51.77436000829078,51.882114081095246,51.54924388135025,0.4932191199849045,0.1024935991613047
2026-01-23,48,0.0027121270825261,0.0154978690430067,0.0154978690430067,-0.0047691720717283,-0.0007661367554108,0.0013435700575816,52.29472122894451,52.1436746546783,52.09609781200646,0.4524913585756436,0.080864073079437
2026-01-26,48,0.035084355828221,0.0277990797546012,0.0072852760736197,0.0081826831588962,-0.0022598870056498,0.00302915562287,53.88404898205137,52.8514792544301,52.99691663857993,0.6516091937293306,0.0669521894347549
2026-01-27,48,0.0,0.0040400153905348,0.0055790688726433,0.035755258126195,0.0003693444136658,0.0083767684288906,52.39494710527606,53.75190331191552,54.10689148900264,0.3858471610358304,0.0885567422954961
2026-01-28,48,-0.0289881831610042,-0.0308345642540619,-0.0175406203840472,-0.0018779342723005,0.0024519049415314,0.0022628700735431,52.81942934141282,53.120785448083566,53.20353524560446,0.5808886856811016,0.1185333903636996
2026-01-29,48,0.0381132075471699,0.0311320754716981,0.0183018867924527,-0.0248240088921821,-0.0051030051030049,-0.0086629001883239,54.61341787485731,53.5135685755225,52.78840927814095,0.4963780179272917,0.0779843237884226
2026-01-30,48,-0.0141735299751005,-0.0325608121049607,-0.0252825129285577,0.0100216152485752,-0.0050329074719318,-0.0023291925465839,51.336869382276426,51.45458059154738,51.47711933246555,0.4428090944238302,0.0770002393370101
2026-02-02,48,0.0003852080123265,0.0,-0.014060092449923,-0.0169955069349482,-0.0086682427107958,-0.0173794180824058,52.06231151220147,50.898703367474056,50.54763401780847,0.4665897018432646,0.1305669495498607
2026-02-03,48,0.0221916732128828,0.0196386488609583,0.0271013354281224,0.0166411629686304,0.0037771482530688,0.0089217919514046,51.75463736122828,52.83853557587601,53.10464836928942,0.4365690753251199,0.0982041260926637
2026-02-04,48,0.0110741971207086,0.0169804355850868,0.0018456995201181,0.0081061164333087,0.0021978021978021,0.0099667774086378,54.89373113025669,54.51371904444727,54.70971381734144,0.6119764411336165,0.0933561451239442
2026-02-05,48,-0.037927844588344,-0.0499537465309897,-0.0364477335800185,0.0111452728670253,-0.0026535253980287,-0.0001900057001711,52.16624539712946,52.74440468024614,52.67416990899499,0.6084521644890902,0.0708669908505919
2026-02-06,48,0.0048076923076922,0.0249999999999999,0.0280769230769231,-0.0278660931363381,-0.0064984709480122,-0.0194302961705339,52.93321394815391,52.57450431132469,52.11434146986836,0.3766010073512529,0.1625200521875218
2026-02-09,48,0.019074074074074,0.0553703703703705,0.0588888888888889,0.0,0.0,0.0,55.91783864207942,57.18000022988242,57.18000141833912,0.8013687268103704,0.0124456188195832
2026-02-10,48,0.0237160894045385,0.0448728885855655,0.0301996246374338,0.0129181848294135,0.0019659239842726,-0.0016323865491348,60.17151965760123,61.07589023539869,61.20748956955328,0.6495797036205443,0.0807616340722491
2026-02-11,48,-0.0070595961254309,-0.0132983089804629,-0.0149400755212608,0.0191602799066976,0.0008180628272251,0.0077429983525534,60.443157400353975,60.935171614136834,61.068781304251615,0.4157878049678379,0.1075157234315189
2026-02-12,48,0.0161599999999999,0.0255999999999998,0.07664,0.0,0.0,0.0,65.07022599419956,67.28999996515303,67.29,0.4149617661161234,0.0082617717613904
2026-02-13,48,-0.0133749442710656,-0.0170902065685838,-0.0294248773963442,-0.0062767911818738,-0.0076440911175661,-0.0055155507890302,65.96169100442866,65.13739346027666,65.15327469316892,0.5031600452085624,0.1014124966225106
2026-02-24,48,0.0159590484793736,0.0442637759710931,0.0292080698584762,-0.0127360562143171,0.001782531194296,-0.0088183421516756,67.85801954406975,67.80456106971995,67.31606636138429,0.5287871257292223,0.1099798385432233
2026-02-25,48,0.001779359430605,-0.008600237247924,-0.00711743772242,-0.0068779904306218,0.0007533524182612,-0.0009025270758122,67.14366136359105,66.47795566481213,66.13663430680413,0.430413337168899,0.1492120454430132
2026-02-26,48,0.0667673716012084,0.0815709969788518,0.0950151057401811,0.0093948604586904,0.0,0.0001368925393567,70.54830194764206,73.03786725446764,73.05999987741367,0.4911017242393575,0.0158727270946589
2026-02-27,48,0.0253405994550408,-0.0047683923705723,-0.0441416893732971,-0.0022805017103761,0.0109763142692085,-0.00327495372348,73.66256818041936,69.90777874960098,69.57337342841755,0.4479719143733796,0.1014498732717495
2026-03-02,48,0.0137749120750294,-0.005128956623681,-0.0158264947245017,-0.0007443799315169,0.0031385443132567,0.0088681797685254,68.30152473319606,66.97535905459061,67.0128425287968,0.4845934078318875,0.0980298292963418
2026-03-03,48,-0.0532233883058471,-0.0472263868065967,-0.0338830584707646,-0.0232558139534884,-0.0102120974076983,-0.0100565681961031,64.16231759933557,63.46420322159614,63.07288442642604,0.6062353829189538,0.0806319210103791
2026-03-04,48,0.0487096774193547,0.0591935483870968,0.0448387096774194,-0.0018541409147095,0.0037290242386573,0.0,65.15653513720585,64.7549554096901,64.51139027925086,0.5990153007430304,0.0694320148057652
2026-03-05,48,0.0237195951050008,0.0299138842725488,0.0033237649191719,0.0058726095467549,0.0087586831772878,0.0022505626406601,67.24890467019932,66.60810527750111,66.67464267025812,0.5975969071500387,0.0861368810677204
2026-03-06,48,0.0439393939393939,0.0428787878787879,0.0407575757575757,-0.0174165457184325,-0.002063679245283,-0.0035325287017956,68.43722968722373,68.19421470208678,67.74904783742035,0.4924136039762878,0.0859894975287947
2026-03-09,48,-0.0084239546638078,-0.010568234032777,0.0171542349517535,0.0275436484045754,-0.0023381557796289,-0.0029209872937052,65.24741261199664,67.93589706110578,68.27739368139893,0.487488565807063,0.0895744646569652
2026-03-10,48,0.0059411679466743,-0.0155049992754674,-0.0170989711635995,0.00265369305617,0.0016200294550809,0.0013250883392226,68.61708111811647,67.9942466917376,68.06508704307679,0.6083689298389175,0.0989566857754909
2026-03-11,48,-0.0215976331360945,-0.0325443786982246,-0.040680473372781,-0.0060083192112155,0.0007755545214829,0.001863354037267,66.28174280041642,64.40639674958499,64.3429222015102,0.4328687480557344,0.0865641865373624
2026-03-12,48,0.0125776397515526,0.0020186335403726,-0.0080745341614907,0.0009392611145897,0.0018802883108743,0.0007825950853028,64.71325882429261,63.77943204361685,63.94006769854816,0.4885588257567506,0.0850617299319368
2026-03-13,48,-0.0211850907932462,-0.0039821599235425,0.0071678878623764,-0.0222995413569507,-0.0062690885709693,-0.0134056814554739,62.02077969814248,62.33237021093797,61.89483540930429,0.5685097546256579,0.1241483712262039
2026-03-16,48,-0.0326807959877043,-0.0325190098689532,-0.0179582591813621,0.0171306209850106,0.0030864197530864,0.0050455729166667,59.60423049515786,61.41529742615156,61.53175586153421,0.5649158392545953,0.0748060154159776
2026-03-17,48,0.0048379293662312,-0.0040316078051927,-0.0099983873568778,-0.0224645938466547,0.0,-0.0079299520898729,61.90219516009662,60.42092820918685,60.01554723193404,0.4629134769762174,0.1419667646435757
2026-03-18,48,0.0198300283286119,0.0273287785369105,0.0324945842359607,0.0241974512018068,0.0063401489935013,0.0088987764182424,61.360527779037376,62.99411693036047,63.58953288919519,0.3705550530640316,0.1534049040153303
2026-03-19,48,-0.0139826422372226,-0.0159112825458052,-0.0167148826743812,0.0009819967266775,0.002622950819672,-0.0009800718719372,61.33553963859182,61.1666821992883,60.98416105699503,0.472213386340373,0.1557444165134311
2026-03-20,48,0.0016129032258065,-0.0067741935483871,-0.0162903225806451,-0.0131169044105591,-0.0113337713534823,-0.0181076672104404,61.41673389077168,60.73167434244192,60.37561970990578,0.3999292918037622,0.1439065506909332
2026-03-23,48,-0.0044075266994406,0.0105102559755889,-0.0086455331412104,-0.0138532580810672,-0.0024221453287197,-0.0085969738651994,58.94219339437844,57.89634960505402,57.3496011650614,0.4489524508750734,0.1189049440573704
2026-03-24,48,0.0045309615707331,0.018291659674442,0.0253398221178049,0.0116355293346441,0.0012976480129764,0.014628533859303,60.89540218725306,61.10840781181528,61.69419540209111,0.5457411779562912,0.1126191755794963
2026-03-25,48,0.0175438596491226,0.0175438596491226,0.0046251993620414,0.0085727893316398,0.0006300204756655,-0.0017284726587052,63.90571027702838,63.46860239337423,63.45645790084062,0.5550369344620727,0.0991890194488167
2026-03-26,48,-0.0034591194968552,-0.0011006289308176,-0.0128930817610063,-0.012086513994911,0.0058290155440414,0.0063178357362707,63.44784235522513,61.8746635417672,61.87805356284549,0.3902435167198648,0.1344243381228191
2026-03-27,48,0.0081994096425057,0.0183666775992128,0.0234503115775663,-0.003037084398977,-0.0041513651604663,0.0064547361626592,61.5716855287953,62.49649131634418,62.48643799260183,0.3418493312102563,0.1468328240817589
2026-03-30,48,0.0157946692991115,0.0246791707798617,0.0541296479104966,-0.0015612802498047,0.0061359345500315,0.0012525442304682,62.38995626448936,63.810884770905,63.77558690179261,0.3164865983205486,0.1405256112945086
2026-03-31,48,-0.0003129890453833,-0.0184663536776212,-0.038810641627543,0.0052108777072137,-0.0003238866396761,-0.0102613435946768,62.81220966962622,61.94724264895705,61.75090982704883,0.4141884839945818,0.1017296622662873
2026-04-01,48,0.0108541764983483,-0.0009438414346389,-0.0033034450212364,0.0129500947567908,0.0021875,0.0086491586727472,64.05049582705728,63.93713356249975,64.21562256488808,0.6116020767797778,0.1247809184467668
2026-04-02,48,0.0144186046511629,-0.0007751937984495,0.0046511627906975,-0.0179316741381975,-0.0018853102906519,-0.0029817953546766,64.89064700237435,63.832646085063,63.46092817679558,0.5879082696316886,0.0842688504559043
2026-04-03,48,0.022634391700723,0.0216912920465262,0.0006287331027978,-0.0058112140725616,-0.0104736595279036,-0.0044039005976722,64.71499152870875,63.41974964029565,63.6227933713607,0.5150261949335643,0.0961921190593144
2026-04-07,48,0.0023696682464455,-0.0233807266982621,-0.0453396524486571,0.0084437086092714,-0.0009840905363294,-0.0083034842070987,61.9772417087114,60.7299310988734,60.87433134740478,0.4012254497742266,0.0789279946060179
2026-04-08,48,0.035965598123534,0.047693510555121,0.047693510555121,0.0,0.0,0.0,65.97951734749903,67.0,67.0,0.9358246334251472,0.0119167108381198
2026-04-09,48,0.0132743362831859,0.0212389380530972,0.0207964601769909,-0.0072254335260115,0.0,0.0010199621156929,68.71067191558845,68.71852704920853,68.68322394862953,0.5091481280345961,0.0951489901867201
2026-04-10,48,0.032967032967033,0.0204081632653061,0.0161267304124448,0.0042188159189986,-0.0066768674363612,-0.0106677750069272,71.74374284632746,71.7880894229994,71.64885458611951,0.6019614733327652,0.1195029848457678
2026-04-13,48,-0.0084527220630372,-0.0095988538681948,-0.0161891117478509,-0.005824111822947,-0.0016084222839596,-0.004229254776141,69.24263487860009,68.40865788109261,68.2669615989998,0.4892534908105124,0.1280784776533255
2026-04-14,48,0.0059420289855072,-0.0175362318840578,-0.0114492753623188,-0.021108179419525,0.0039085989176188,0.0089137331923252,68.72758944228828,66.72543613401018,66.50068504370252,0.3960548023531834,0.1637274948935229
2026-04-15,48,0.0090437361008153,-0.0029651593773165,-0.0197183098591549,-0.0167876588021778,0.0,-0.0048982090923005,67.64685672390507,65.18581606103578,64.96092052001596,0.4392529071010795,0.0904335197738918
2026-04-16,48,0.0366227398099907,0.0320257431811215,0.0565430585350903,0.0014513788098693,0.003052769297863,-0.002601908065915,67.24562080637473,69.1055410087567,68.98605846945426,0.5472094513253316,0.088899029157005
2026-04-17,48,0.0525388905195185,0.0321397123569122,0.0390372761960668,0.0048049745618992,0.0016906170752322,0.0012674271229402,71.1957981863314,71.07071218912546,71.06087343390438,0.6712556837434808,0.0788371530011234
2026-04-20,48,0.006208550867786,0.0021165514321996,0.0083251022999857,0.0001398992725236,0.0005598320503847,0.007043245527539,70.43159344885298,71.38979621724373,71.46552421683425,0.4947769769783772,0.1599471079788177
2026-04-21,48,-0.0060393258426967,-0.0179775280898876,-0.0171348314606741,0.0098585512216031,0.000991360997026,0.0042625745950555,70.40140150452679,70.48461706688218,70.75542215139377,0.4353092537907416,0.1608126668428998
2026-04-22,48,0.0178571428571427,0.0207142857142856,0.0428571428571429,0.0335616438356165,0.0092295345104334,0.0074776338629991,71.52344598415559,74.61835590487185,75.17611565437664,0.2521796026636548,0.161622752739464
2026-04-23,48,0.0416561474375156,0.0477152234284272,0.0472103004291843,0.0012062726176114,0.0014478764478764,0.0009647853352627,82.43893974508413,82.62650443957324,82.97962600255015,0.6029396387363324,0.0257792291786965
2026-04-24,48,-0.015212364609955,-0.0208105147864184,-0.0077887306802969,0.0082188420019626,-0.0071273254409277,0.0013401559454191,81.96449848169756,82.19873193549729,82.37652056272698,0.5943475862797384,0.0814663697259552
2026-04-27,48,0.0109235352532273,-0.0004965243296922,-0.0011171797418073,-0.0009940357852882,0.0036200224691049,0.0027438263906209,80.93479483716126,80.10974903992425,80.3697456070611,0.4490117904361355,0.1392183224149144
2026-04-28,48,-0.0388471177944861,-0.031954887218045,-0.025563909774436,-0.0169687620516776,0.0035433070866142,-0.0024784763892512,76.63180261385216,76.53189870070399,76.31276630156673,0.6008572968692272,0.1048497033877376
2026-04-29,48,-0.016522423288749,-0.0131130343561499,0.0026226068712298,-0.0006539366989275,-0.0030010438413361,0.000261814373609,75.47782962945922,76.50711387286692,76.42140381862502,0.3934154371530647,0.1335661683321715
2026-04-30,48,0.0107357947106574,0.0015710919088767,0.0010473946059177,-0.0130582397492817,-0.0005289605924359,-0.0050026329647182,76.67731055564029,76.65689447728278,75.53201070967347,0.3408086589963432,0.099691499975924
2026-05-06,48,0.0258139836554676,0.0396938643144377,0.0514982488001036,0.0040710584752035,-0.0015947006869478,-0.0008593174564202,79.52449804335605,81.471872563529,81.53501814179889,0.5859244206312889,0.0855556625184126
2026-05-07,48,-0.0248157248157249,-0.0224815724815726,-0.0174447174447174,0.005125,-0.0013661202185791,-0.0021097046413501,79.66916791660346,80.28855571625576,80.38861598983446,0.5198651224317897,0.1232143593446876
2026-05-08,48,0.0155696202531645,-0.0024050632911392,-0.0030379746835442,-0.0002538715410002,-0.0025329280648428,0.0061318344404701,79.00078926841411,79.23802621457072,78.7082849575102,0.4152589219443932,0.0884795107095752
2026-05-11,48,-0.0272955974842767,-0.02,-0.0251572327044025,-0.0061823802163833,0.0059973924380702,0.0020779220779221,77.66838023687204,77.070310172453,76.93943276927433,0.4160350632429963,0.1268490011701604
2026-05-12,48,-0.0290531776913098,-0.0274967574578468,-0.0286640726329441,0.0032047002269994,0.0025353616226313,0.0080504494834294,75.08749874414117,74.85294655358166,75.1988604079871,0.5194554833389752,0.1048829548067405
2026-05-13,48,0.0237526539278132,0.0512208067940551,0.0614384288747344,0.0063757969746218,-0.000248385494287,0.0024906600249066,78.03419886635277,80.64787331045291,80.64544174318188,0.4368915303656784,0.0810150323883502
2026-05-14,48,-0.0472636815920399,-0.050995024875622,-0.0546019900497511,-0.0215675960021041,-0.0184696569920843,-0.0169133192389006,77.30465054531322,75.43461184386915,74.96042763862414,0.497929206313599,0.1376636801070566
2026-05-15,48,-0.0319289878113409,-0.0267620561738209,-0.0189454160042396,-0.0035135135135135,0.0043584854263143,0.0024469820554648,73.9791380144605,73.63365016159646,73.63078220140515,0.4811058868112906,0.1081656357859546
2026-05-18,48,0.0257332595462091,0.0424737133370225,0.0265633646928611,-0.0160377358490565,0.0001369863013698,0.0157206455203118,74.32685071381992,72.76600642511836,73.0229510449563,0.3817177477872154,0.0814849022571892
2026-05-19,48,-0.0428686977622001,-0.0562146131032623,-0.0458344567268805,0.0326317276451475,0.0043968123110744,0.0079977937120794,70.97314994793814,72.46326599936937,73.04728161836744,0.4753975126483326,0.0988967785361916
2026-05-20,48,-0.0136986301369863,-0.020821917808219,-0.0215068493150684,0.0291275731690239,0.0057479129601751,0.005472704884389,71.61893399637476,72.74309179861876,73.40652105719816,0.2822189452564665,0.1447060946589176
2026-05-21,48,0.0170500676589984,0.0081190798376182,-0.0043301759133965,-0.0259581407991301,-0.0066528066528066,-0.0151161192799229,74.50514474561211,72.53976941864272,71.73505469156932,0.4376145913331451,0.1574337856153921
2026-05-22,48,-0.006111111111111,-0.0279166666666667,-0.0180555555555554,0.0032550240588735,-0.0026730444569499,0.0036811553164377,70.90849899070679,70.83284556966888,71.03613149028622,0.3688430623071351,0.1600137894758174
2026-05-25,48,0.005422691879866548,0.024054505005561833,0.024610678531701735,-0.0016284434794409108,-0.00013590649633055119,-0.0016284434794409108,73.04377702165648,73.46873075979556,73.55127969197962,0.5265196158193084,0.10006898849129041
