run_at,trade_date,sample_date,used_sample_date,used_live_bar_date,date_status,feature_status,snapshot_time,cutoff_time,source_used,core_complete,missing_core_fields,requires_price_snapshot,requires_intraday_bars,requires_bid_ask,uses_historical_context,requires_realtime_context,context_status,context_mode,context_snapshot_time,required_context_features,missing_context_features,unsupported_realtime_features,stock_code,artifact_name,entry_policy,entry_vwap_premium_bps,entry_signal,close,daily_vwap,amount,volume,pct_chg,n_intraday_bars,hit_score,threshold,score_margin,signal_raw_score_pass,signal,missing_column_count,missing_feature_count,strict_features,samples,intraday_bars,reject_reason,error
2026-05-15T14:54:02,2026-05-15,2026-05-15,2026-05-15,2026-05-15,exact_trade_date,live_overlay_partial,2026-05-15 14:51:39,14:55,sina,True,,True,True,False,True,True,ok,estimated_asof_cutoff,2026-05-15 14:51:30,"sector_amount,sector_amount_shock20,sector_amount_z20,sector_close,sector_high,sector_low,sector_ma20_gap,sector_ma60_gap,sector_open,sector_range_pct,sector_ret1,sector_ret20,sector_ret5,sector_ret60,sector_vol20,sector_volume,sector_volume_shock20,sector_volume_z20",nan,,002270.SZ,nextday_all_days_close_profit_extra_trees_all_no_ak_v1,all_days,50.0,True,24.11,24.291223329157553,591159980.07,24336361.0,-0.031726907630522105,482,0.525079635364924,0.48698807438464276,0.038091560980281214,True,False,0,14,False,/root/stock_realtime_v021_full/saved_data/002270_pipeline_out/03_sector/training_samples_with_sector.csv,/root/stock_realtime_v021_full/saved_data/002270_pipeline_out/00_base/raw_cache/002270_5m_raw.csv,filled_features_gt_5,
2026-05-15T14:54:03,2026-05-15,2026-05-15,2026-05-15,2026-05-15,exact_trade_date,live_overlay_partial,2026-05-15 14:51:39,14:55,sina,True,,True,True,False,True,True,ok,estimated_asof_cutoff,2026-05-15 14:51:30,"sector_amount,sector_amount_shock20,sector_amount_z20,sector_close,sector_high,sector_low,sector_ma20_gap,sector_ma60_gap,sector_open,sector_range_pct,sector_ret1,sector_ret20,sector_ret5,sector_ret60,sector_vol20,sector_volume,sector_volume_shock20,sector_volume_z20",nan,,002311.SZ,nextday_all_days_close_profit_random_forest_reversal_fundamental_regime_sector_v1,all_days,50.0,True,47.56,47.60418210730687,583306896.49,12253270.0,-0.0012599748005038824,482,0.4914654209505804,0.4536741122166454,0.03779130873393499,True,True,0,0,False,/root/stock_realtime_v021_full/saved_data/002311_pipeline_out/03_sector/training_samples_with_sector.csv,/root/stock_realtime_v021_full/saved_data/002311_pipeline_out/00_base/raw_cache/002311_5m_raw.csv,,
2026-05-15T14:54:04,2026-05-15,2026-05-15,2026-05-15,2026-05-15,exact_trade_date,live_overlay_partial,2026-05-15 14:51:39,14:55,sina,True,,True,True,False,True,False,not_required,not_required,,,,,002311.SZ,nextday_all_days_hit80_lgbm_leaves15_reversal_fundamental_regime_v1,all_days,50.0,True,47.56,47.60418210730687,583306896.49,12253270.0,-0.0012599748005038824,482,0.69997836310975,0.6645851008948153,0.03539326221493477,True,True,0,0,False,/root/stock_realtime_v021_full/saved_data/002311_pipeline_out/03_sector/training_samples_with_sector.csv,/root/stock_realtime_v021_full/saved_data/002311_pipeline_out/00_base/raw_cache/002311_5m_raw.csv,,
2026-05-15T14:54:05,2026-05-15,2026-05-15,2026-05-15,2026-05-15,exact_trade_date,live_overlay_partial,2026-05-15 14:51:39,14:55,sina,True,,True,True,False,True,True,ok,estimated_asof_cutoff,2026-05-15 14:51:30,"sector_amount,sector_amount_shock20,sector_amount_z20,sector_close,sector_high,sector_low,sector_ma20_gap,sector_ma60_gap,sector_open,sector_range_pct,sector_ret1,sector_ret20,sector_ret5,sector_ret60,sector_vol20,sector_volume,sector_volume_shock20,sector_volume_z20",nan,,002311.SZ,nextday_vwap_low_close_profit_xgb_d3_600_reversal_fundamental_regime_sector_v1,vwap_low,50.0,True,47.56,47.60418210730687,583306896.49,12253270.0,-0.0012599748005038824,482,0.6417770981788635,0.5425019145011902,0.0992751836776733,True,True,0,0,False,/root/stock_realtime_v021_full/saved_data/002311_pipeline_out/03_sector/training_samples_with_sector.csv,/root/stock_realtime_v021_full/saved_data/002311_pipeline_out/00_base/raw_cache/002311_5m_raw.csv,,
2026-05-15T14:54:06,2026-05-15,2026-05-15,2026-05-15,2026-05-15,exact_trade_date,live_overlay_partial,2026-05-15 14:51:39,14:55,sina,True,,True,True,False,True,False,not_required,not_required,,,,,002311.SZ,nextday_vwap_low_hit80_lgbm_leaves15_reversal_fundamental_regime_v1,vwap_low,50.0,True,47.56,47.60418210730687,583306896.49,12253270.0,-0.0012599748005038824,482,0.6520234755268409,0.6155409333972607,0.03648254212958024,True,True,0,0,False,/root/stock_realtime_v021_full/saved_data/002311_pipeline_out/03_sector/training_samples_with_sector.csv,/root/stock_realtime_v021_full/saved_data/002311_pipeline_out/00_base/raw_cache/002311_5m_raw.csv,,
2026-05-15T14:54:07,2026-05-15,2026-05-15,2026-05-15,2026-05-15,exact_trade_date,live_overlay_partial,2026-05-15 14:51:39,14:55,sina,True,,True,True,False,True,True,ok,estimated_asof_cutoff,2026-05-15 14:51:30,"sector_amount,sector_amount_shock20,sector_amount_z20,sector_close,sector_high,sector_low,sector_ma20_gap,sector_ma60_gap,sector_open,sector_range_pct,sector_ret1,sector_ret20,sector_ret5,sector_ret60,sector_vol20,sector_volume,sector_volume_shock20,sector_volume_z20",nan,,002714.SZ,nextday_vwap_low_close_profit_random_forest_reversal_fundamental_regime_sector_v1,vwap_low,50.0,True,42.47,42.51160807654384,1853124442.92,43591022.0,-0.0037532254281024136,482,0.5101425579850278,0.4614914878625146,0.04865107012251324,True,True,0,2,False,/root/stock_realtime_v021_full/saved_data/002714_pipeline_out/03_sector/training_samples_with_sector.csv,/root/stock_realtime_v021_full/saved_data/002714_pipeline_out/00_base/raw_cache/002714_5m_raw.csv,,
2026-05-15T14:54:08,2026-05-15,2026-05-15,2026-05-15,2026-05-15,exact_trade_date,live_overlay_partial,2026-05-15 14:51:39,14:55,sina,True,,True,True,False,True,True,ok,estimated_asof_cutoff,2026-05-15 14:51:30,"sector_amount,sector_amount_shock20,sector_amount_z20,sector_close,sector_high,sector_low,sector_ma20_gap,sector_ma60_gap,sector_open,sector_range_pct,sector_ret1,sector_ret20,sector_ret5,sector_ret60,sector_vol20,sector_volume,sector_volume_shock20,sector_volume_z20",nan,,600096.SH,nextday_all_days_close_profit_xgb_d4_reversal_fundamental_regime_sector_v1,all_days,50.0,True,32.44,32.672484349791496,1307957113.0,40032374.0,0.0030921459492885273,482,0.5196145176887512,0.4716151773929596,0.047999340295791615,True,True,0,0,False,/root/stock_realtime_v021_full/saved_data/600096_pipeline_out/03_sector/training_samples_with_sector.csv,/root/stock_realtime_v021_full/saved_data/600096_pipeline_out/00_base/raw_cache/600096_5m_raw.csv,,
2026-05-15T14:54:09,2026-05-15,2026-05-15,2026-05-15,2026-05-15,exact_trade_date,live_overlay_partial,2026-05-15 14:51:39,14:55,sina,True,,True,True,False,True,False,not_required,not_required,,,,,600096.SH,nextday_all_days_hit80_xgb_d3_400_reversal_fundamental_regime_v1,all_days,50.0,True,32.44,32.672484349791496,1307957113.0,40032374.0,0.0030921459492885273,482,0.49770766496658325,0.5807473361492156,-0.08303967118263234,False,False,0,0,False,/root/stock_realtime_v021_full/saved_data/600096_pipeline_out/03_sector/training_samples_with_sector.csv,/root/stock_realtime_v021_full/saved_data/600096_pipeline_out/00_base/raw_cache/600096_5m_raw.csv,score_below_threshold,
2026-05-15T14:54:10,2026-05-15,2026-05-15,2026-05-15,2026-05-15,exact_trade_date,live_overlay_partial,2026-05-15 14:51:39,14:55,sina,True,,True,True,False,True,True,ok,estimated_asof_cutoff,2026-05-15 14:51:30,"sector_amount,sector_amount_shock20,sector_amount_z20,sector_close,sector_high,sector_low,sector_ma20_gap,sector_ma60_gap,sector_open,sector_range_pct,sector_ret1,sector_ret20,sector_ret5,sector_ret60,sector_vol20,sector_volume,sector_volume_shock20,sector_volume_z20",nan,,600096.SH,nextday_vwap_low_close_profit_xgb_d4_reversal_fundamental_regime_sector_v1,vwap_low,50.0,True,32.44,32.672484349791496,1307957113.0,40032374.0,0.0030921459492885273,482,0.621367335319519,0.4717293083667755,0.14963802695274353,True,True,0,0,False,/root/stock_realtime_v021_full/saved_data/600096_pipeline_out/03_sector/training_samples_with_sector.csv,/root/stock_realtime_v021_full/saved_data/600096_pipeline_out/00_base/raw_cache/600096_5m_raw.csv,,
2026-05-15T14:54:11,2026-05-15,2026-05-15,2026-05-15,2026-05-15,exact_trade_date,live_overlay_partial,2026-05-15 14:51:39,14:55,sina,True,,True,True,False,True,True,ok,estimated_asof_cutoff,2026-05-15 14:51:30,"sector_amount,sector_amount_shock20,sector_amount_z20,sector_close,sector_high,sector_low,sector_ma20_gap,sector_ma60_gap,sector_open,sector_range_pct,sector_ret1,sector_ret20,sector_ret5,sector_ret60,sector_vol20,sector_volume,sector_volume_shock20,sector_volume_z20",nan,,600276.SH,nextday_all_days_hit80_extra_trees_reversal_fundamental_regime_sector_v1,all_days,50.0,True,53.92,54.503609274311216,4058707736.0,74466770.0,-0.007363770250368162,482,0.49386545864086673,0.4767518148075813,0.017113643833285452,True,True,0,0,False,/root/stock_realtime_v021_full/saved_data/600276_pipeline_out/03_sector/training_samples_with_sector.csv,/root/stock_realtime_v021_full/saved_data/600276_pipeline_out/00_base/raw_cache/600276_5m_raw.csv,,
2026-05-15T14:54:12,2026-05-15,2026-05-15,2026-05-15,2026-05-15,exact_trade_date,live_overlay_partial,2026-05-15 14:51:39,14:55,sina,True,,True,True,False,True,True,ok,estimated_asof_cutoff,2026-05-15 14:51:30,"sector_amount,sector_amount_shock20,sector_amount_z20,sector_close,sector_high,sector_low,sector_ma20_gap,sector_ma60_gap,sector_open,sector_range_pct,sector_ret1,sector_ret20,sector_ret5,sector_ret60,sector_vol20,sector_volume,sector_volume_shock20,sector_volume_z20",nan,,600312.SH,nextday_all_days_close_profit_xgb_d3_400_reversal_fundamental_regime_sector_v1,all_days,50.0,True,21.57,21.677668465434103,745993800.0,34413009.0,-0.029689608636977116,482,0.571625828742981,0.48655157685279854,0.08507425189018242,True,True,0,0,False,/root/stock_realtime_v021_full/saved_data/600312_pipeline_out/03_sector/training_samples_with_sector.csv,/root/stock_realtime_v021_full/saved_data/600312_pipeline_out/00_base/raw_cache/600312_5m_raw.csv,,
2026-05-15T14:54:13,2026-05-15,2026-05-15,2026-05-15,2026-05-15,exact_trade_date,live_overlay_partial,2026-05-15 14:51:39,14:55,sina,True,,True,True,False,True,False,not_required,not_required,,,,,600312.SH,nextday_all_days_close_profit_xgb_d3_600_reversal_fundamental_regime_v1,all_days,50.0,True,21.57,21.677668465434103,745993800.0,34413009.0,-0.029689608636977116,482,0.5092785358428955,0.4884474158287048,0.020831120014190685,True,True,0,0,False,/root/stock_realtime_v021_full/saved_data/600312_pipeline_out/03_sector/training_samples_with_sector.csv,/root/stock_realtime_v021_full/saved_data/600312_pipeline_out/00_base/raw_cache/600312_5m_raw.csv,,
2026-05-15T14:54:14,2026-05-15,2026-05-15,2026-05-15,2026-05-15,exact_trade_date,live_overlay_partial,2026-05-15 14:51:39,14:55,sina,True,,True,True,False,True,False,not_required,not_required,,,,,600312.SH,nextday_vwap_low_close_profit_xgb_d3_600_reversal_fundamental_regime_v1,vwap_low,50.0,True,21.57,21.677668465434103,745993800.0,34413009.0,-0.029689608636977116,482,0.4983190894126892,0.5108808517456055,-0.012561762332916282,False,False,0,0,False,/root/stock_realtime_v021_full/saved_data/600312_pipeline_out/03_sector/training_samples_with_sector.csv,/root/stock_realtime_v021_full/saved_data/600312_pipeline_out/00_base/raw_cache/600312_5m_raw.csv,score_below_threshold,
2026-05-15T14:54:15,2026-05-15,2026-05-15,2026-05-15,2026-05-15,exact_trade_date,live_overlay_partial,2026-05-15 14:51:39,14:55,sina,True,,True,True,False,True,True,ok,estimated_asof_cutoff,2026-05-15 14:51:30,"sector_amount,sector_amount_shock20,sector_amount_z20,sector_close,sector_high,sector_low,sector_ma20_gap,sector_ma60_gap,sector_open,sector_range_pct,sector_ret1,sector_ret20,sector_ret5,sector_ret60,sector_vol20,sector_volume,sector_volume_shock20,sector_volume_z20",nan,,601899.SH,nextday_all_days_close_profit_xgb_d3_400_reversal_fundamental_regime_sector_v1,all_days,50.0,True,31.83,32.223894792517704,14022851448.0,435169353.0,-0.05041766109785217,482,0.7318245768547058,0.43650429248809813,0.2953202843666077,True,True,0,0,False,/root/stock_realtime_v021_full/saved_data/601899_pipeline_out/03_sector/training_samples_with_sector.csv,/root/stock_realtime_v021_full/saved_data/601899_pipeline_out/00_base/raw_cache/601899_5m_raw.csv,,
2026-05-15T14:54:16,2026-05-15,2026-05-15,2026-05-15,2026-05-15,exact_trade_date,live_overlay_partial,2026-05-15 14:51:39,14:55,sina,True,,True,True,False,True,True,ok,estimated_asof_cutoff,2026-05-15 14:51:30,"sector_amount,sector_amount_shock20,sector_amount_z20,sector_close,sector_high,sector_low,sector_ma20_gap,sector_ma60_gap,sector_open,sector_range_pct,sector_ret1,sector_ret20,sector_ret5,sector_ret60,sector_vol20,sector_volume,sector_volume_shock20,sector_volume_z20",nan,,601899.SH,nextday_vwap_low_close_profit_extra_trees_reversal_fundamental_regime_sector_zijin_v1,vwap_low,50.0,True,31.83,32.223894792517704,14022851448.0,435169353.0,-0.05041766109785217,482,0.5269086614890451,0.46440508707914696,0.06250357440989818,True,True,0,0,False,/root/stock_realtime_v021_full/saved_data/601899_pipeline_out/03_sector/training_samples_with_sector.csv,/root/stock_realtime_v021_full/saved_data/601899_pipeline_out/00_base/raw_cache/601899_5m_raw.csv,,
2026-05-15T14:54:17,2026-05-15,2026-05-15,2026-05-15,2026-05-15,exact_trade_date,live_overlay_partial,2026-05-15 14:51:39,14:55,sina,True,,True,True,False,True,False,not_required,not_required,,,,,601985.SH,nextday_all_days_close_profit_extra_trees_reversal_fundamental_regime_v1,all_days,50.0,True,9.12,9.108155389032447,1205249222.0,132326379.0,0.008849557522123908,482,0.4750165908448351,0.49687859792794065,-0.02186200708310554,False,False,0,0,False,/root/stock_realtime_v021_full/saved_data/601985_pipeline_out/03_sector/training_samples_with_sector.csv,/root/stock_realtime_v021_full/saved_data/601985_pipeline_out/00_base/raw_cache/601985_5m_raw.csv,score_below_threshold,
2026-05-15T14:54:18,2026-05-15,2026-05-15,2026-05-15,2026-05-15,exact_trade_date,live_overlay_partial,2026-05-15 14:51:39,14:55,sina,True,,True,True,False,True,True,partial,estimated_asof_cutoff,2026-05-15 14:51:30,"ane_board_b03_amount,ane_board_b03_amount_shock20,ane_board_b03_amount_z20,ane_board_b03_close,ane_board_b03_close_ma20_gap,ane_board_b03_close_ret1,ane_board_b03_close_ret20,ane_board_b03_close_ret3,ane_board_b03_close_ret5,ane_board_b03_close_ret60,ane_board_b03_close_vol20,ane_board_b03_close_z20,ane_board_b03_close_z60,ane_board_b03_high,ane_board_b03_low,ane_board_b03_open,ane_board_b03_range_pct,ane_board_b03_range_pct_ma20_gap,ane_board_b03_range_pct_ret1,ane_board_b03_range_pct_ret20,ane_board_b03_range_pct_ret3,ane_board_b03_range_pct_ret5,ane_board_b03_range_pct_ret60,ane_board_b03_range_pct_z20,ane_board_b03_range_pct_z60,ane_board_b03_volume,ane_board_b03_volume_shock20,ane_board_b03_volume_z20,ane_board_b04_amount,ane_board_b04_amount_shock20,ane_board_b04_amount_z20,ane_board_b04_close,ane_board_b04_close_ma20_gap,ane_board_b04_close_ret1,ane_board_b04_close_ret20,ane_board_b04_close_ret3,ane_board_b04_close_ret5,ane_board_b04_close_ret60,ane_board_b04_close_vol20,ane_board_b04_close_z20,ane_board_b04_close_z60,ane_board_b04_high,ane_board_b04_low,ane_board_b04_open,ane_board_b04_range_pct,ane_board_b04_range_pct_ma20_gap,ane_board_b04_range_pct_ret1,ane_board_b04_range_pct_ret20,ane_board_b04_range_pct_ret3,ane_board_b04_range_pct_ret5,ane_board_b04_range_pct_ret60,ane_board_b04_range_pct_z20,ane_board_b04_range_pct_z60,ane_board_b04_volume,ane_board_b04_volume_shock20,ane_board_b04_volume_z20,ane_board_basket_close,ane_board_basket_close_ma20_gap,ane_board_basket_close_ret1,ane_board_basket_close_ret20,ane_board_basket_close_ret3,ane_board_basket_close_ret5,ane_board_basket_close_ret60,ane_board_basket_close_vol20,ane_board_basket_close_z20,ane_board_basket_close_z60,ane_fut_al0_close,ane_fut_al0_close_ma20_gap,ane_fut_al0_close_ret1,ane_fut_al0_close_ret20,ane_fut_al0_close_ret3,ane_fut_al0_close_ret5,ane_fut_al0_close_ret60,ane_fut_al0_close_vol20,ane_fut_al0_close_z20,ane_fut_al0_close_z60,ane_fut_al0_high,ane_fut_al0_hold,ane_fut_al0_hold_shock20,ane_fut_al0_hold_z20,ane_fut_al0_low,ane_fut_al0_open,ane_fut_al0_range_pct,ane_fut_al0_range_pct_ma20_gap,ane_fut_al0_range_pct_ret1,ane_fut_al0_range_pct_ret20,ane_fut_al0_range_pct_ret3,ane_fut_al0_range_pct_ret5,ane_fut_al0_range_pct_ret60,ane_fut_al0_range_pct_z20,ane_fut_al0_range_pct_z60,ane_fut_al0_settle,ane_fut_al0_volume,ane_fut_al0_volume_shock20,ane_fut_al0_volume_z20,ane_fut_ni0_close,ane_fut_ni0_close_ma20_gap,ane_fut_ni0_close_ret1,ane_fut_ni0_close_ret20,ane_fut_ni0_close_ret3,ane_fut_ni0_close_ret5,ane_fut_ni0_close_ret60,ane_fut_ni0_close_vol20,ane_fut_ni0_close_z20,ane_fut_ni0_close_z60,ane_fut_ni0_high,ane_fut_ni0_hold,ane_fut_ni0_hold_shock20,ane_fut_ni0_hold_z20,ane_fut_ni0_low,ane_fut_ni0_open,ane_fut_ni0_range_pct,ane_fut_ni0_range_pct_ma20_gap,ane_fut_ni0_range_pct_ret1,ane_fut_ni0_range_pct_ret20,ane_fut_ni0_range_pct_ret3,ane_fut_ni0_range_pct_ret5,ane_fut_ni0_range_pct_ret60,ane_fut_ni0_range_pct_z20,ane_fut_ni0_range_pct_z60,ane_fut_ni0_settle,ane_fut_ni0_volume,ane_fut_ni0_volume_shock20,ane_fut_ni0_volume_z20,ane_fut_ss0_close,ane_fut_ss0_close_ma20_gap,ane_fut_ss0_close_ret1,ane_fut_ss0_close_ret20,ane_fut_ss0_close_ret3,ane_fut_ss0_close_ret5,ane_fut_ss0_close_ret60,ane_fut_ss0_close_vol20,ane_fut_ss0_close_z20,ane_fut_ss0_close_z60,ane_fut_ss0_high,ane_fut_ss0_hold,ane_fut_ss0_hold_shock20,ane_fut_ss0_hold_z20,ane_fut_ss0_low,ane_fut_ss0_open,ane_fut_ss0_range_pct,ane_fut_ss0_range_pct_ma20_gap,ane_fut_ss0_range_pct_ret1,ane_fut_ss0_range_pct_ret20,ane_fut_ss0_range_pct_ret3,ane_fut_ss0_range_pct_ret5,ane_fut_ss0_range_pct_ret60,ane_fut_ss0_range_pct_z20,ane_fut_ss0_range_pct_z60,ane_fut_ss0_settle,ane_fut_ss0_volume,ane_fut_ss0_volume_shock20,ane_fut_ss0_volume_z20,ane_future_basket_close,ane_future_basket_close_ma20_gap,ane_future_basket_close_ret1,ane_future_basket_close_ret20,ane_future_basket_close_ret3,ane_future_basket_close_ret5,ane_future_basket_close_ret60,ane_future_basket_close_vol20,ane_future_basket_close_z20,ane_future_basket_close_z60,ane_stk_000768_close,ane_stk_000768_close_ma20_gap,ane_stk_000768_close_ret1,ane_stk_000768_close_ret20,ane_stk_000768_close_ret3,ane_stk_000768_close_ret5,ane_stk_000768_close_ret60,ane_stk_000768_close_vol20,ane_stk_000768_close_z20,ane_stk_000768_close_z60,ane_stk_000768_high,ane_stk_000768_low,ane_stk_000768_open,ane_stk_000768_range_pct,ane_stk_000768_range_pct_ma20_gap,ane_stk_000768_range_pct_ret1,ane_stk_000768_range_pct_ret20,ane_stk_000768_range_pct_ret3,ane_stk_000768_range_pct_ret5,ane_stk_000768_range_pct_ret60,ane_stk_000768_range_pct_z20,ane_stk_000768_range_pct_z60,ane_stk_000768_volume,ane_stk_000768_volume_shock20,ane_stk_000768_volume_z20,ane_stk_003816_close,ane_stk_003816_close_ma20_gap,ane_stk_003816_close_ret1,ane_stk_003816_close_ret20,ane_stk_003816_close_ret3,ane_stk_003816_close_ret5,ane_stk_003816_close_ret60,ane_stk_003816_close_vol20,ane_stk_003816_close_z20,ane_stk_003816_close_z60,ane_stk_003816_high,ane_stk_003816_low,ane_stk_003816_open,ane_stk_003816_range_pct,ane_stk_003816_range_pct_ma20_gap,ane_stk_003816_range_pct_ret1,ane_stk_003816_range_pct_ret20,ane_stk_003816_range_pct_ret3,ane_stk_003816_range_pct_ret5,ane_stk_003816_range_pct_ret60,ane_stk_003816_range_pct_z20,ane_stk_003816_range_pct_z60,ane_stk_003816_volume,ane_stk_003816_volume_shock20,ane_stk_003816_volume_z20,ane_stk_300034_close,ane_stk_300034_close_ma20_gap,ane_stk_300034_close_ret1,ane_stk_300034_close_ret20,ane_stk_300034_close_ret3,ane_stk_300034_close_ret5,ane_stk_300034_close_ret60,ane_stk_300034_close_vol20,ane_stk_300034_close_z20,ane_stk_300034_close_z60,ane_stk_300034_high,ane_stk_300034_low,ane_stk_300034_open,ane_stk_300034_range_pct,ane_stk_300034_range_pct_ma20_gap,ane_stk_300034_range_pct_ret1,ane_stk_300034_range_pct_ret20,ane_stk_300034_range_pct_ret3,ane_stk_300034_range_pct_ret5,ane_stk_300034_range_pct_ret60,ane_stk_300034_range_pct_z20,ane_stk_300034_range_pct_z60,ane_stk_300034_volume,ane_stk_300034_volume_shock20,ane_stk_300034_volume_z20,ane_stk_600765_close,ane_stk_600765_close_ma20_gap,ane_stk_600765_close_ret1,ane_stk_600765_close_ret20,ane_stk_600765_close_ret3,ane_stk_600765_close_ret5,ane_stk_600765_close_ret60,ane_stk_600765_close_vol20,ane_stk_600765_close_z20,ane_stk_600765_close_z60,ane_stk_600765_high,ane_stk_600765_low,ane_stk_600765_open,ane_stk_600765_range_pct,ane_stk_600765_range_pct_ma20_gap,ane_stk_600765_range_pct_ret1,ane_stk_600765_range_pct_ret20,ane_stk_600765_range_pct_ret3,ane_stk_600765_range_pct_ret5,ane_stk_600765_range_pct_ret60,ane_stk_600765_range_pct_z20,ane_stk_600765_range_pct_z60,ane_stk_600765_volume,ane_stk_600765_volume_shock20,ane_stk_600765_volume_z20,ane_stk_600893_close,ane_stk_600893_close_ma20_gap,ane_stk_600893_close_ret1,ane_stk_600893_close_ret20,ane_stk_600893_close_ret3,ane_stk_600893_close_ret5,ane_stk_600893_close_ret60,ane_stk_600893_close_vol20,ane_stk_600893_close_z20,ane_stk_600893_close_z60,ane_stk_600893_high,ane_stk_600893_low,ane_stk_600893_open,ane_stk_600893_range_pct,ane_stk_600893_range_pct_ma20_gap,ane_stk_600893_range_pct_ret1,ane_stk_600893_range_pct_ret20,ane_stk_600893_range_pct_ret3,ane_stk_600893_range_pct_ret5,ane_stk_600893_range_pct_ret60,ane_stk_600893_range_pct_z20,ane_stk_600893_range_pct_z60,ane_stk_600893_volume,ane_stk_600893_volume_shock20,ane_stk_600893_volume_z20,ane_stk_601611_close,ane_stk_601611_close_ma20_gap,ane_stk_601611_close_ret1,ane_stk_601611_close_ret20,ane_stk_601611_close_ret3,ane_stk_601611_close_ret5,ane_stk_601611_close_ret60,ane_stk_601611_close_vol20,ane_stk_601611_close_z20,ane_stk_601611_close_z60,ane_stk_601611_high,ane_stk_601611_low,ane_stk_601611_open,ane_stk_601611_range_pct,ane_stk_601611_range_pct_ma20_gap,ane_stk_601611_range_pct_ret1,ane_stk_601611_range_pct_ret20,ane_stk_601611_range_pct_ret3,ane_stk_601611_range_pct_ret5,ane_stk_601611_range_pct_ret60,ane_stk_601611_range_pct_z20,ane_stk_601611_range_pct_z60,ane_stk_601611_volume,ane_stk_601611_volume_shock20,ane_stk_601611_volume_z20,ane_stk_601985_close,ane_stk_601985_close_ma20_gap,ane_stk_601985_close_ret1,ane_stk_601985_close_ret20,ane_stk_601985_close_ret3,ane_stk_601985_close_ret5,ane_stk_601985_close_ret60,ane_stk_601985_close_vol20,ane_stk_601985_close_z20,ane_stk_601985_close_z60,ane_stk_601985_high,ane_stk_601985_low,ane_stk_601985_open,ane_stk_601985_range_pct,ane_stk_601985_range_pct_ma20_gap,ane_stk_601985_range_pct_ret1,ane_stk_601985_range_pct_ret20,ane_stk_601985_range_pct_ret3,ane_stk_601985_range_pct_ret5,ane_stk_601985_range_pct_ret60,ane_stk_601985_range_pct_z20,ane_stk_601985_range_pct_z60,ane_stk_601985_volume,ane_stk_601985_volume_shock20,ane_stk_601985_volume_z20,ane_stock_basket_close,ane_stock_basket_close_ma20_gap,ane_stock_basket_close_ret1,ane_stock_basket_close_ret20,ane_stock_basket_close_ret3,ane_stock_basket_close_ret5,ane_stock_basket_close_ret60,ane_stock_basket_close_vol20,ane_stock_basket_close_z20,ane_stock_basket_close_z60,sector_amount,sector_amount_shock20,sector_amount_z20,sector_close,sector_high,sector_low,sector_ma20_gap,sector_ma60_gap,sector_open,sector_range_pct,sector_ret1,sector_ret20,sector_ret5,sector_ret60,sector_vol20,sector_volume,sector_volume_shock20,sector_volume_z20","ane_board_b03_close_ret3,ane_board_b03_close_z60,ane_board_b03_range_pct_ma20_gap,ane_board_b03_range_pct_ret1,ane_board_b03_range_pct_ret20,ane_board_b03_range_pct_ret3,ane_board_b03_range_pct_ret5,ane_board_b03_range_pct_ret60,ane_board_b03_range_pct_z20,ane_board_b03_range_pct_z60,ane_board_b04_close_ret3,ane_board_b04_close_z60,ane_board_b04_range_pct_ma20_gap,ane_board_b04_range_pct_ret1,ane_board_b04_range_pct_ret20,ane_board_b04_range_pct_ret3,ane_board_b04_range_pct_ret5,ane_board_b04_range_pct_ret60,ane_board_b04_range_pct_z20,ane_board_b04_range_pct_z60,ane_board_basket_close,ane_board_basket_close_ret3,ane_board_basket_close_z60,ane_fut_al0_close_ret3,ane_fut_al0_close_z60,ane_fut_al0_hold,ane_fut_al0_hold_shock20,ane_fut_al0_hold_z20,ane_fut_al0_range_pct_ma20_gap,ane_fut_al0_range_pct_ret1,ane_fut_al0_range_pct_ret20,ane_fut_al0_range_pct_ret3,ane_fut_al0_range_pct_ret5,ane_fut_al0_range_pct_ret60,ane_fut_al0_range_pct_z20,ane_fut_al0_range_pct_z60,ane_fut_al0_settle,ane_fut_ni0_close_ret3,ane_fut_ni0_close_z60,ane_fut_ni0_hold,ane_fut_ni0_hold_shock20,ane_fut_ni0_hold_z20,ane_fut_ni0_range_pct_ma20_gap,ane_fut_ni0_range_pct_ret1,ane_fut_ni0_range_pct_ret20,ane_fut_ni0_range_pct_ret3,ane_fut_ni0_range_pct_ret5,ane_fut_ni0_range_pct_ret60,ane_fut_ni0_range_pct_z20,ane_fut_ni0_range_pct_z60,ane_fut_ni0_settle,ane_fut_ss0_close_ret3,ane_fut_ss0_close_z60,ane_fut_ss0_hold,ane_fut_ss0_hold_shock20,ane_fut_ss0_hold_z20,ane_fut_ss0_range_pct_ma20_gap,ane_fut_ss0_range_pct_ret1,ane_fut_ss0_range_pct_ret20,ane_fut_ss0_range_pct_ret3,ane_fut_ss0_range_pct_ret5,ane_fut_ss0_range_pct_ret60,ane_fut_ss0_range_pct_z20,ane_fut_ss0_range_pct_z60,ane_fut_ss0_settle,ane_future_basket_close,ane_future_basket_close_ma20_gap,ane_future_basket_close_ret1,ane_future_basket_close_ret20,ane_future_basket_close_ret3,ane_future_basket_close_ret5,ane_future_basket_close_ret60,ane_future_basket_close_z20,ane_future_basket_close_z60,ane_stk_000768_close_ret3,ane_stk_000768_close_z60,ane_stk_000768_range_pct_ma20_gap,ane_stk_000768_range_pct_ret1,ane_stk_000768_range_pct_ret20,ane_stk_000768_range_pct_ret3,ane_stk_000768_range_pct_ret5,ane_stk_000768_range_pct_ret60,ane_stk_000768_range_pct_z20,ane_stk_000768_range_pct_z60,ane_stk_003816_close_ret3,ane_stk_003816_close_z60,ane_stk_003816_range_pct_ma20_gap,ane_stk_003816_range_pct_ret1,ane_stk_003816_range_pct_ret20,ane_stk_003816_range_pct_ret3,ane_stk_003816_range_pct_ret5,ane_stk_003816_range_pct_ret60,ane_stk_003816_range_pct_z20,ane_stk_003816_range_pct_z60,ane_stk_300034_close_ret3,ane_stk_300034_close_z60,ane_stk_300034_range_pct_ma20_gap,ane_stk_300034_range_pct_ret1,ane_stk_300034_range_pct_ret20,ane_stk_300034_range_pct_ret3,ane_stk_300034_range_pct_ret5,ane_stk_300034_range_pct_ret60,ane_stk_300034_range_pct_z20,ane_stk_300034_range_pct_z60,ane_stk_600765_close_ret3,ane_stk_600765_close_z60,ane_stk_600765_range_pct_ma20_gap,ane_stk_600765_range_pct_ret1,ane_stk_600765_range_pct_ret20,ane_stk_600765_range_pct_ret3,ane_stk_600765_range_pct_ret5,ane_stk_600765_range_pct_ret60,ane_stk_600765_range_pct_z20,ane_stk_600765_range_pct_z60,ane_stk_600893_close_ret3,ane_stk_600893_close_z60,ane_stk_600893_range_pct_ma20_gap,ane_stk_600893_range_pct_ret1,ane_stk_600893_range_pct_ret20,ane_stk_600893_range_pct_ret3,ane_stk_600893_range_pct_ret5,ane_stk_600893_range_pct_ret60,ane_stk_600893_range_pct_z20,ane_stk_600893_range_pct_z60,ane_stk_601611_close_ret3,ane_stk_601611_close_z60,ane_stk_601611_range_pct_ma20_gap,ane_stk_601611_range_pct_ret1,ane_stk_601611_range_pct_ret20,ane_stk_601611_range_pct_ret3,ane_stk_601611_range_pct_ret5,ane_stk_601611_range_pct_ret60,ane_stk_601611_range_pct_z20,ane_stk_601611_range_pct_z60,ane_stk_601985_close_ret3,ane_stk_601985_close_z60,ane_stk_601985_range_pct_ma20_gap,ane_stk_601985_range_pct_ret1,ane_stk_601985_range_pct_ret20,ane_stk_601985_range_pct_ret3,ane_stk_601985_range_pct_ret5,ane_stk_601985_range_pct_ret60,ane_stk_601985_range_pct_z20,ane_stk_601985_range_pct_z60,ane_stock_basket_close,ane_stock_basket_close_ret3,ane_stock_basket_close_z60",,603308.SH,nextday_all_days_close_profit_xgb_d3_400_reversal_fundamental_regime_sector_external_aero_nuclear_v1,all_days,50.0,True,73.67,73.85805420529303,1267923580.0,17167032.0,-0.009811827956989316,482,0.3889220654964447,0.519954264163971,-0.13103219866752625,False,False,0,0,False,/root/stock_realtime_v021_full/saved_data/603308_pipeline_out/04_external/aero_nuclear_equipment/training_samples_with_aero_nuclear_equipment_external.csv,/root/stock_realtime_v021_full/saved_data/603308_pipeline_out/00_base/raw_cache/603308_5m_raw.csv,missing_required_realtime_context;score_below_threshold,
2026-05-15T14:54:19,2026-05-15,2026-05-15,2026-05-15,2026-05-15,exact_trade_date,live_overlay_partial,2026-05-15 14:51:39,14:55,sina,True,,True,True,False,True,True,ok,estimated_asof_cutoff,2026-05-15 14:51:30,"sector_amount,sector_amount_shock20,sector_amount_z20,sector_close,sector_high,sector_low,sector_ma20_gap,sector_ma60_gap,sector_open,sector_range_pct,sector_ret1,sector_ret20,sector_ret5,sector_ret60,sector_vol20,sector_volume,sector_volume_shock20,sector_volume_z20",nan,,603308.SH,nextday_all_days_close_profit_xgb_d4_reversal_fundamental_regime_sector_v1,all_days,50.0,True,73.67,73.85805420529303,1267923580.0,17167032.0,-0.009811827956989316,482,0.36450329422950745,0.30950190126895905,0.0550013929605484,True,True,0,0,False,/root/stock_realtime_v021_full/saved_data/603308_pipeline_out/03_sector/training_samples_with_sector.csv,/root/stock_realtime_v021_full/saved_data/603308_pipeline_out/00_base/raw_cache/603308_5m_raw.csv,,
2026-05-15T14:54:21,2026-05-15,2026-05-15,2026-05-15,2026-05-15,exact_trade_date,live_overlay_partial,2026-05-15 14:51:39,14:55,sina,True,,True,True,False,True,True,partial,estimated_asof_cutoff,2026-05-15 14:51:30,"ane_board_b03_amount,ane_board_b03_amount_shock20,ane_board_b03_amount_z20,ane_board_b03_close,ane_board_b03_close_ma20_gap,ane_board_b03_close_ret1,ane_board_b03_close_ret20,ane_board_b03_close_ret3,ane_board_b03_close_ret5,ane_board_b03_close_ret60,ane_board_b03_close_vol20,ane_board_b03_close_z20,ane_board_b03_close_z60,ane_board_b03_high,ane_board_b03_low,ane_board_b03_open,ane_board_b03_range_pct,ane_board_b03_range_pct_ma20_gap,ane_board_b03_range_pct_ret1,ane_board_b03_range_pct_ret20,ane_board_b03_range_pct_ret3,ane_board_b03_range_pct_ret5,ane_board_b03_range_pct_ret60,ane_board_b03_range_pct_z20,ane_board_b03_range_pct_z60,ane_board_b03_volume,ane_board_b03_volume_shock20,ane_board_b03_volume_z20,ane_board_b04_amount,ane_board_b04_amount_shock20,ane_board_b04_amount_z20,ane_board_b04_close,ane_board_b04_close_ma20_gap,ane_board_b04_close_ret1,ane_board_b04_close_ret20,ane_board_b04_close_ret3,ane_board_b04_close_ret5,ane_board_b04_close_ret60,ane_board_b04_close_vol20,ane_board_b04_close_z20,ane_board_b04_close_z60,ane_board_b04_high,ane_board_b04_low,ane_board_b04_open,ane_board_b04_range_pct,ane_board_b04_range_pct_ma20_gap,ane_board_b04_range_pct_ret1,ane_board_b04_range_pct_ret20,ane_board_b04_range_pct_ret3,ane_board_b04_range_pct_ret5,ane_board_b04_range_pct_ret60,ane_board_b04_range_pct_z20,ane_board_b04_range_pct_z60,ane_board_b04_volume,ane_board_b04_volume_shock20,ane_board_b04_volume_z20,ane_board_basket_close,ane_board_basket_close_ma20_gap,ane_board_basket_close_ret1,ane_board_basket_close_ret20,ane_board_basket_close_ret3,ane_board_basket_close_ret5,ane_board_basket_close_ret60,ane_board_basket_close_vol20,ane_board_basket_close_z20,ane_board_basket_close_z60,ane_fut_al0_close,ane_fut_al0_close_ma20_gap,ane_fut_al0_close_ret1,ane_fut_al0_close_ret20,ane_fut_al0_close_ret3,ane_fut_al0_close_ret5,ane_fut_al0_close_ret60,ane_fut_al0_close_vol20,ane_fut_al0_close_z20,ane_fut_al0_close_z60,ane_fut_al0_high,ane_fut_al0_hold,ane_fut_al0_hold_shock20,ane_fut_al0_hold_z20,ane_fut_al0_low,ane_fut_al0_open,ane_fut_al0_range_pct,ane_fut_al0_range_pct_ma20_gap,ane_fut_al0_range_pct_ret1,ane_fut_al0_range_pct_ret20,ane_fut_al0_range_pct_ret3,ane_fut_al0_range_pct_ret5,ane_fut_al0_range_pct_ret60,ane_fut_al0_range_pct_z20,ane_fut_al0_range_pct_z60,ane_fut_al0_settle,ane_fut_al0_volume,ane_fut_al0_volume_shock20,ane_fut_al0_volume_z20,ane_fut_ni0_close,ane_fut_ni0_close_ma20_gap,ane_fut_ni0_close_ret1,ane_fut_ni0_close_ret20,ane_fut_ni0_close_ret3,ane_fut_ni0_close_ret5,ane_fut_ni0_close_ret60,ane_fut_ni0_close_vol20,ane_fut_ni0_close_z20,ane_fut_ni0_close_z60,ane_fut_ni0_high,ane_fut_ni0_hold,ane_fut_ni0_hold_shock20,ane_fut_ni0_hold_z20,ane_fut_ni0_low,ane_fut_ni0_open,ane_fut_ni0_range_pct,ane_fut_ni0_range_pct_ma20_gap,ane_fut_ni0_range_pct_ret1,ane_fut_ni0_range_pct_ret20,ane_fut_ni0_range_pct_ret3,ane_fut_ni0_range_pct_ret5,ane_fut_ni0_range_pct_ret60,ane_fut_ni0_range_pct_z20,ane_fut_ni0_range_pct_z60,ane_fut_ni0_settle,ane_fut_ni0_volume,ane_fut_ni0_volume_shock20,ane_fut_ni0_volume_z20,ane_fut_ss0_close,ane_fut_ss0_close_ma20_gap,ane_fut_ss0_close_ret1,ane_fut_ss0_close_ret20,ane_fut_ss0_close_ret3,ane_fut_ss0_close_ret5,ane_fut_ss0_close_ret60,ane_fut_ss0_close_vol20,ane_fut_ss0_close_z20,ane_fut_ss0_close_z60,ane_fut_ss0_high,ane_fut_ss0_hold,ane_fut_ss0_hold_shock20,ane_fut_ss0_hold_z20,ane_fut_ss0_low,ane_fut_ss0_open,ane_fut_ss0_range_pct,ane_fut_ss0_range_pct_ma20_gap,ane_fut_ss0_range_pct_ret1,ane_fut_ss0_range_pct_ret20,ane_fut_ss0_range_pct_ret3,ane_fut_ss0_range_pct_ret5,ane_fut_ss0_range_pct_ret60,ane_fut_ss0_range_pct_z20,ane_fut_ss0_range_pct_z60,ane_fut_ss0_settle,ane_fut_ss0_volume,ane_fut_ss0_volume_shock20,ane_fut_ss0_volume_z20,ane_future_basket_close,ane_future_basket_close_ma20_gap,ane_future_basket_close_ret1,ane_future_basket_close_ret20,ane_future_basket_close_ret3,ane_future_basket_close_ret5,ane_future_basket_close_ret60,ane_future_basket_close_vol20,ane_future_basket_close_z20,ane_future_basket_close_z60,ane_stk_000768_close,ane_stk_000768_close_ma20_gap,ane_stk_000768_close_ret1,ane_stk_000768_close_ret20,ane_stk_000768_close_ret3,ane_stk_000768_close_ret5,ane_stk_000768_close_ret60,ane_stk_000768_close_vol20,ane_stk_000768_close_z20,ane_stk_000768_close_z60,ane_stk_000768_high,ane_stk_000768_low,ane_stk_000768_open,ane_stk_000768_range_pct,ane_stk_000768_range_pct_ma20_gap,ane_stk_000768_range_pct_ret1,ane_stk_000768_range_pct_ret20,ane_stk_000768_range_pct_ret3,ane_stk_000768_range_pct_ret5,ane_stk_000768_range_pct_ret60,ane_stk_000768_range_pct_z20,ane_stk_000768_range_pct_z60,ane_stk_000768_volume,ane_stk_000768_volume_shock20,ane_stk_000768_volume_z20,ane_stk_003816_close,ane_stk_003816_close_ma20_gap,ane_stk_003816_close_ret1,ane_stk_003816_close_ret20,ane_stk_003816_close_ret3,ane_stk_003816_close_ret5,ane_stk_003816_close_ret60,ane_stk_003816_close_vol20,ane_stk_003816_close_z20,ane_stk_003816_close_z60,ane_stk_003816_high,ane_stk_003816_low,ane_stk_003816_open,ane_stk_003816_range_pct,ane_stk_003816_range_pct_ma20_gap,ane_stk_003816_range_pct_ret1,ane_stk_003816_range_pct_ret20,ane_stk_003816_range_pct_ret3,ane_stk_003816_range_pct_ret5,ane_stk_003816_range_pct_ret60,ane_stk_003816_range_pct_z20,ane_stk_003816_range_pct_z60,ane_stk_003816_volume,ane_stk_003816_volume_shock20,ane_stk_003816_volume_z20,ane_stk_300034_close,ane_stk_300034_close_ma20_gap,ane_stk_300034_close_ret1,ane_stk_300034_close_ret20,ane_stk_300034_close_ret3,ane_stk_300034_close_ret5,ane_stk_300034_close_ret60,ane_stk_300034_close_vol20,ane_stk_300034_close_z20,ane_stk_300034_close_z60,ane_stk_300034_high,ane_stk_300034_low,ane_stk_300034_open,ane_stk_300034_range_pct,ane_stk_300034_range_pct_ma20_gap,ane_stk_300034_range_pct_ret1,ane_stk_300034_range_pct_ret20,ane_stk_300034_range_pct_ret3,ane_stk_300034_range_pct_ret5,ane_stk_300034_range_pct_ret60,ane_stk_300034_range_pct_z20,ane_stk_300034_range_pct_z60,ane_stk_300034_volume,ane_stk_300034_volume_shock20,ane_stk_300034_volume_z20,ane_stk_600765_close,ane_stk_600765_close_ma20_gap,ane_stk_600765_close_ret1,ane_stk_600765_close_ret20,ane_stk_600765_close_ret3,ane_stk_600765_close_ret5,ane_stk_600765_close_ret60,ane_stk_600765_close_vol20,ane_stk_600765_close_z20,ane_stk_600765_close_z60,ane_stk_600765_high,ane_stk_600765_low,ane_stk_600765_open,ane_stk_600765_range_pct,ane_stk_600765_range_pct_ma20_gap,ane_stk_600765_range_pct_ret1,ane_stk_600765_range_pct_ret20,ane_stk_600765_range_pct_ret3,ane_stk_600765_range_pct_ret5,ane_stk_600765_range_pct_ret60,ane_stk_600765_range_pct_z20,ane_stk_600765_range_pct_z60,ane_stk_600765_volume,ane_stk_600765_volume_shock20,ane_stk_600765_volume_z20,ane_stk_600893_close,ane_stk_600893_close_ma20_gap,ane_stk_600893_close_ret1,ane_stk_600893_close_ret20,ane_stk_600893_close_ret3,ane_stk_600893_close_ret5,ane_stk_600893_close_ret60,ane_stk_600893_close_vol20,ane_stk_600893_close_z20,ane_stk_600893_close_z60,ane_stk_600893_high,ane_stk_600893_low,ane_stk_600893_open,ane_stk_600893_range_pct,ane_stk_600893_range_pct_ma20_gap,ane_stk_600893_range_pct_ret1,ane_stk_600893_range_pct_ret20,ane_stk_600893_range_pct_ret3,ane_stk_600893_range_pct_ret5,ane_stk_600893_range_pct_ret60,ane_stk_600893_range_pct_z20,ane_stk_600893_range_pct_z60,ane_stk_600893_volume,ane_stk_600893_volume_shock20,ane_stk_600893_volume_z20,ane_stk_601611_close,ane_stk_601611_close_ma20_gap,ane_stk_601611_close_ret1,ane_stk_601611_close_ret20,ane_stk_601611_close_ret3,ane_stk_601611_close_ret5,ane_stk_601611_close_ret60,ane_stk_601611_close_vol20,ane_stk_601611_close_z20,ane_stk_601611_close_z60,ane_stk_601611_high,ane_stk_601611_low,ane_stk_601611_open,ane_stk_601611_range_pct,ane_stk_601611_range_pct_ma20_gap,ane_stk_601611_range_pct_ret1,ane_stk_601611_range_pct_ret20,ane_stk_601611_range_pct_ret3,ane_stk_601611_range_pct_ret5,ane_stk_601611_range_pct_ret60,ane_stk_601611_range_pct_z20,ane_stk_601611_range_pct_z60,ane_stk_601611_volume,ane_stk_601611_volume_shock20,ane_stk_601611_volume_z20,ane_stk_601985_close,ane_stk_601985_close_ma20_gap,ane_stk_601985_close_ret1,ane_stk_601985_close_ret20,ane_stk_601985_close_ret3,ane_stk_601985_close_ret5,ane_stk_601985_close_ret60,ane_stk_601985_close_vol20,ane_stk_601985_close_z20,ane_stk_601985_close_z60,ane_stk_601985_high,ane_stk_601985_low,ane_stk_601985_open,ane_stk_601985_range_pct,ane_stk_601985_range_pct_ma20_gap,ane_stk_601985_range_pct_ret1,ane_stk_601985_range_pct_ret20,ane_stk_601985_range_pct_ret3,ane_stk_601985_range_pct_ret5,ane_stk_601985_range_pct_ret60,ane_stk_601985_range_pct_z20,ane_stk_601985_range_pct_z60,ane_stk_601985_volume,ane_stk_601985_volume_shock20,ane_stk_601985_volume_z20,ane_stock_basket_close,ane_stock_basket_close_ma20_gap,ane_stock_basket_close_ret1,ane_stock_basket_close_ret20,ane_stock_basket_close_ret3,ane_stock_basket_close_ret5,ane_stock_basket_close_ret60,ane_stock_basket_close_vol20,ane_stock_basket_close_z20,ane_stock_basket_close_z60,sector_amount,sector_amount_shock20,sector_amount_z20,sector_close,sector_high,sector_low,sector_ma20_gap,sector_ma60_gap,sector_open,sector_range_pct,sector_ret1,sector_ret20,sector_ret5,sector_ret60,sector_vol20,sector_volume,sector_volume_shock20,sector_volume_z20","ane_board_b03_close_ret3,ane_board_b03_close_z60,ane_board_b03_range_pct_ma20_gap,ane_board_b03_range_pct_ret1,ane_board_b03_range_pct_ret20,ane_board_b03_range_pct_ret3,ane_board_b03_range_pct_ret5,ane_board_b03_range_pct_ret60,ane_board_b03_range_pct_z20,ane_board_b03_range_pct_z60,ane_board_b04_close_ret3,ane_board_b04_close_z60,ane_board_b04_range_pct_ma20_gap,ane_board_b04_range_pct_ret1,ane_board_b04_range_pct_ret20,ane_board_b04_range_pct_ret3,ane_board_b04_range_pct_ret5,ane_board_b04_range_pct_ret60,ane_board_b04_range_pct_z20,ane_board_b04_range_pct_z60,ane_board_basket_close,ane_board_basket_close_ret3,ane_board_basket_close_z60,ane_fut_al0_close_ret3,ane_fut_al0_close_z60,ane_fut_al0_hold,ane_fut_al0_hold_shock20,ane_fut_al0_hold_z20,ane_fut_al0_range_pct_ma20_gap,ane_fut_al0_range_pct_ret1,ane_fut_al0_range_pct_ret20,ane_fut_al0_range_pct_ret3,ane_fut_al0_range_pct_ret5,ane_fut_al0_range_pct_ret60,ane_fut_al0_range_pct_z20,ane_fut_al0_range_pct_z60,ane_fut_al0_settle,ane_fut_ni0_close_ret3,ane_fut_ni0_close_z60,ane_fut_ni0_hold,ane_fut_ni0_hold_shock20,ane_fut_ni0_hold_z20,ane_fut_ni0_range_pct_ma20_gap,ane_fut_ni0_range_pct_ret1,ane_fut_ni0_range_pct_ret20,ane_fut_ni0_range_pct_ret3,ane_fut_ni0_range_pct_ret5,ane_fut_ni0_range_pct_ret60,ane_fut_ni0_range_pct_z20,ane_fut_ni0_range_pct_z60,ane_fut_ni0_settle,ane_fut_ss0_close_ret3,ane_fut_ss0_close_z60,ane_fut_ss0_hold,ane_fut_ss0_hold_shock20,ane_fut_ss0_hold_z20,ane_fut_ss0_range_pct_ma20_gap,ane_fut_ss0_range_pct_ret1,ane_fut_ss0_range_pct_ret20,ane_fut_ss0_range_pct_ret3,ane_fut_ss0_range_pct_ret5,ane_fut_ss0_range_pct_ret60,ane_fut_ss0_range_pct_z20,ane_fut_ss0_range_pct_z60,ane_fut_ss0_settle,ane_future_basket_close,ane_future_basket_close_ma20_gap,ane_future_basket_close_ret1,ane_future_basket_close_ret20,ane_future_basket_close_ret3,ane_future_basket_close_ret5,ane_future_basket_close_ret60,ane_future_basket_close_z20,ane_future_basket_close_z60,ane_stk_000768_close_ret3,ane_stk_000768_close_z60,ane_stk_000768_range_pct_ma20_gap,ane_stk_000768_range_pct_ret1,ane_stk_000768_range_pct_ret20,ane_stk_000768_range_pct_ret3,ane_stk_000768_range_pct_ret5,ane_stk_000768_range_pct_ret60,ane_stk_000768_range_pct_z20,ane_stk_000768_range_pct_z60,ane_stk_003816_close_ret3,ane_stk_003816_close_z60,ane_stk_003816_range_pct_ma20_gap,ane_stk_003816_range_pct_ret1,ane_stk_003816_range_pct_ret20,ane_stk_003816_range_pct_ret3,ane_stk_003816_range_pct_ret5,ane_stk_003816_range_pct_ret60,ane_stk_003816_range_pct_z20,ane_stk_003816_range_pct_z60,ane_stk_300034_close_ret3,ane_stk_300034_close_z60,ane_stk_300034_range_pct_ma20_gap,ane_stk_300034_range_pct_ret1,ane_stk_300034_range_pct_ret20,ane_stk_300034_range_pct_ret3,ane_stk_300034_range_pct_ret5,ane_stk_300034_range_pct_ret60,ane_stk_300034_range_pct_z20,ane_stk_300034_range_pct_z60,ane_stk_600765_close_ret3,ane_stk_600765_close_z60,ane_stk_600765_range_pct_ma20_gap,ane_stk_600765_range_pct_ret1,ane_stk_600765_range_pct_ret20,ane_stk_600765_range_pct_ret3,ane_stk_600765_range_pct_ret5,ane_stk_600765_range_pct_ret60,ane_stk_600765_range_pct_z20,ane_stk_600765_range_pct_z60,ane_stk_600893_close_ret3,ane_stk_600893_close_z60,ane_stk_600893_range_pct_ma20_gap,ane_stk_600893_range_pct_ret1,ane_stk_600893_range_pct_ret20,ane_stk_600893_range_pct_ret3,ane_stk_600893_range_pct_ret5,ane_stk_600893_range_pct_ret60,ane_stk_600893_range_pct_z20,ane_stk_600893_range_pct_z60,ane_stk_601611_close_ret3,ane_stk_601611_close_z60,ane_stk_601611_range_pct_ma20_gap,ane_stk_601611_range_pct_ret1,ane_stk_601611_range_pct_ret20,ane_stk_601611_range_pct_ret3,ane_stk_601611_range_pct_ret5,ane_stk_601611_range_pct_ret60,ane_stk_601611_range_pct_z20,ane_stk_601611_range_pct_z60,ane_stk_601985_close_ret3,ane_stk_601985_close_z60,ane_stk_601985_range_pct_ma20_gap,ane_stk_601985_range_pct_ret1,ane_stk_601985_range_pct_ret20,ane_stk_601985_range_pct_ret3,ane_stk_601985_range_pct_ret5,ane_stk_601985_range_pct_ret60,ane_stk_601985_range_pct_z20,ane_stk_601985_range_pct_z60,ane_stock_basket_close,ane_stock_basket_close_ret3,ane_stock_basket_close_z60",,603308.SH,nextday_vwap_low_close_profit_xgb_d3_600_reversal_fundamental_regime_sector_external_aero_nuclear_v1,vwap_low,50.0,True,73.67,73.85805420529303,1267923580.0,17167032.0,-0.009811827956989316,482,0.3681190013885498,0.5799820423126221,-0.21186304092407227,False,False,0,0,False,/root/stock_realtime_v021_full/saved_data/603308_pipeline_out/04_external/aero_nuclear_equipment/training_samples_with_aero_nuclear_equipment_external.csv,/root/stock_realtime_v021_full/saved_data/603308_pipeline_out/00_base/raw_cache/603308_5m_raw.csv,missing_required_realtime_context;score_below_threshold,
