stock_code,artifact_name,artifact_dir,requires_price_snapshot,requires_intraday_bars,requires_bid_ask,requires_realtime_fund_flow,uses_historical_context,requires_realtime_context,required_context_features,required_raw_fields,required_derived_features,unsupported_realtime_features
002270.SZ,nextday_all_days_close_profit_extra_trees_all_no_ak_v1,/root/stock_realtime_v021_full/saved_models/002270.SZ/nextday_all_days_close_profit_extra_trees_all_no_ak_v1,True,True,False,False,True,True,"sector_amount,sector_amount_shock20,sector_amount_z20,sector_close,sector_high,sector_low,sector_ma20_gap,sector_ma60_gap,sector_open,sector_range_pct,sector_ret1,sector_ret20,sector_ret5,sector_ret60,sector_vol20,sector_volume,sector_volume_shock20,sector_volume_z20","amount,close,high,low,open,volume","afternoon_ret,afternoon_vwap,afternoon_vwap_to_close,bar_count,close,close_range_pos,close_to_low,close_to_vwap,down_day_below_vwap,first60_last30_reversal,first_30m_ret,first_60m_ret,first_60m_volume_share,high,high_to_close,intraday_ret,last_30m_ret,last_30m_volume_share,last_30m_vwap,last_30m_vwap_to_close,last_60m_ret,low,morning_afternoon_reversal,morning_ret,morning_vwap,morning_vwap_to_close,open,open_to_vwap,overnight_intraday_reversal,overnight_plus_intraday,range_pct,volume",
002311.SZ,nextday_vwap_low_close_profit_xgb_d3_600_reversal_fundamental_regime_sector_v1,/root/stock_realtime_v021_full/saved_models/002311.SZ/nextday_vwap_low_close_profit_xgb_d3_600_reversal_fundamental_regime_sector_v1,True,True,False,False,True,True,"sector_amount,sector_amount_shock20,sector_amount_z20,sector_close,sector_high,sector_low,sector_ma20_gap,sector_ma60_gap,sector_open,sector_range_pct,sector_ret1,sector_ret20,sector_ret5,sector_ret60,sector_vol20,sector_volume,sector_volume_shock20,sector_volume_z20","amount,close,high,low,open,volume","afternoon_ret,afternoon_vwap,afternoon_vwap_to_close,bar_count,close_range_pos,close_to_low,close_to_vwap,down_day_below_vwap,first60_last30_reversal,first_30m_ret,first_60m_ret,first_60m_volume_share,high_to_close,intraday_ret,last_30m_ret,last_30m_volume_share,last_30m_vwap,last_30m_vwap_to_close,last_60m_ret,morning_afternoon_reversal,morning_ret,morning_vwap,morning_vwap_to_close,open_to_vwap,overnight_intraday_reversal,overnight_plus_intraday,range_pct",
002714.SZ,nextday_vwap_low_close_profit_random_forest_reversal_fundamental_regime_sector_v1,/root/stock_realtime_v021_full/saved_models/002714.SZ/nextday_vwap_low_close_profit_random_forest_reversal_fundamental_regime_sector_v1,True,True,False,False,True,True,"sector_amount,sector_amount_shock20,sector_amount_z20,sector_close,sector_high,sector_low,sector_ma20_gap,sector_ma60_gap,sector_open,sector_range_pct,sector_ret1,sector_ret20,sector_ret5,sector_ret60,sector_vol20,sector_volume,sector_volume_shock20,sector_volume_z20","amount,close,high,low,open,volume","afternoon_ret,afternoon_vwap,afternoon_vwap_to_close,bar_count,close_range_pos,close_to_low,close_to_vwap,down_day_below_vwap,first60_last30_reversal,first_30m_ret,first_60m_ret,first_60m_volume_share,high_to_close,intraday_ret,last_30m_ret,last_30m_volume_share,last_30m_vwap,last_30m_vwap_to_close,last_60m_ret,morning_afternoon_reversal,morning_ret,morning_vwap,morning_vwap_to_close,open_to_vwap,overnight_intraday_reversal,overnight_plus_intraday,range_pct",
600096.SH,nextday_all_days_close_profit_xgb_d4_reversal_fundamental_regime_sector_v1,/root/stock_realtime_v021_full/saved_models/600096.SH/nextday_all_days_close_profit_xgb_d4_reversal_fundamental_regime_sector_v1,True,True,False,False,True,True,"sector_amount,sector_amount_shock20,sector_amount_z20,sector_close,sector_high,sector_low,sector_ma20_gap,sector_ma60_gap,sector_open,sector_range_pct,sector_ret1,sector_ret20,sector_ret5,sector_ret60,sector_vol20,sector_volume,sector_volume_shock20,sector_volume_z20","amount,close,high,low,open,volume","afternoon_ret,afternoon_vwap,afternoon_vwap_to_close,bar_count,close_range_pos,close_to_low,close_to_vwap,down_day_below_vwap,first60_last30_reversal,first_30m_ret,first_60m_ret,first_60m_volume_share,high_to_close,intraday_ret,last_30m_ret,last_30m_volume_share,last_30m_vwap,last_30m_vwap_to_close,last_60m_ret,morning_afternoon_reversal,morning_ret,morning_vwap,morning_vwap_to_close,open_to_vwap,overnight_intraday_reversal,overnight_plus_intraday,range_pct",
600096.SH,nextday_all_days_hit80_xgb_d3_400_reversal_fundamental_regime_v1,/root/stock_realtime_v021_full/saved_models/600096.SH/nextday_all_days_hit80_xgb_d3_400_reversal_fundamental_regime_v1,True,True,False,False,True,False,,"amount,close,high,low,open,volume","afternoon_ret,afternoon_vwap,afternoon_vwap_to_close,bar_count,close_range_pos,close_to_low,close_to_vwap,down_day_below_vwap,first60_last30_reversal,first_30m_ret,first_60m_ret,first_60m_volume_share,high_to_close,intraday_ret,last_30m_ret,last_30m_volume_share,last_30m_vwap,last_30m_vwap_to_close,last_60m_ret,morning_afternoon_reversal,morning_ret,morning_vwap,morning_vwap_to_close,open_to_vwap,overnight_intraday_reversal,overnight_plus_intraday,range_pct",
600096.SH,nextday_vwap_low_close_profit_xgb_d4_reversal_fundamental_regime_sector_v1,/root/stock_realtime_v021_full/saved_models/600096.SH/nextday_vwap_low_close_profit_xgb_d4_reversal_fundamental_regime_sector_v1,True,True,False,False,True,True,"sector_amount,sector_amount_shock20,sector_amount_z20,sector_close,sector_high,sector_low,sector_ma20_gap,sector_ma60_gap,sector_open,sector_range_pct,sector_ret1,sector_ret20,sector_ret5,sector_ret60,sector_vol20,sector_volume,sector_volume_shock20,sector_volume_z20","amount,close,high,low,open,volume","afternoon_ret,afternoon_vwap,afternoon_vwap_to_close,bar_count,close_range_pos,close_to_low,close_to_vwap,down_day_below_vwap,first60_last30_reversal,first_30m_ret,first_60m_ret,first_60m_volume_share,high_to_close,intraday_ret,last_30m_ret,last_30m_volume_share,last_30m_vwap,last_30m_vwap_to_close,last_60m_ret,morning_afternoon_reversal,morning_ret,morning_vwap,morning_vwap_to_close,open_to_vwap,overnight_intraday_reversal,overnight_plus_intraday,range_pct",
600276.SH,nextday_all_days_hit80_extra_trees_reversal_fundamental_regime_sector_v1,/root/stock_realtime_v021_full/saved_models/600276.SH/nextday_all_days_hit80_extra_trees_reversal_fundamental_regime_sector_v1,True,True,False,False,True,True,"sector_amount,sector_amount_shock20,sector_amount_z20,sector_close,sector_high,sector_low,sector_ma20_gap,sector_ma60_gap,sector_open,sector_range_pct,sector_ret1,sector_ret20,sector_ret5,sector_ret60,sector_vol20,sector_volume,sector_volume_shock20,sector_volume_z20","amount,close,high,low,open,volume","afternoon_ret,afternoon_vwap,afternoon_vwap_to_close,bar_count,close_range_pos,close_to_low,close_to_vwap,down_day_below_vwap,first60_last30_reversal,first_30m_ret,first_60m_ret,first_60m_volume_share,high_to_close,intraday_ret,last_30m_ret,last_30m_volume_share,last_30m_vwap,last_30m_vwap_to_close,last_60m_ret,morning_afternoon_reversal,morning_ret,morning_vwap,morning_vwap_to_close,open_to_vwap,overnight_intraday_reversal,overnight_plus_intraday,range_pct",
600312.SH,nextday_all_days_close_profit_xgb_d3_400_reversal_fundamental_regime_sector_v1,/root/stock_realtime_v021_full/saved_models/600312.SH/nextday_all_days_close_profit_xgb_d3_400_reversal_fundamental_regime_sector_v1,True,True,False,False,True,True,"sector_amount,sector_amount_shock20,sector_amount_z20,sector_close,sector_high,sector_low,sector_ma20_gap,sector_ma60_gap,sector_open,sector_range_pct,sector_ret1,sector_ret20,sector_ret5,sector_ret60,sector_vol20,sector_volume,sector_volume_shock20,sector_volume_z20","amount,close,high,low,open,volume","afternoon_ret,afternoon_vwap,afternoon_vwap_to_close,bar_count,close_range_pos,close_to_low,close_to_vwap,down_day_below_vwap,first60_last30_reversal,first_30m_ret,first_60m_ret,first_60m_volume_share,high_to_close,intraday_ret,last_30m_ret,last_30m_volume_share,last_30m_vwap,last_30m_vwap_to_close,last_60m_ret,morning_afternoon_reversal,morning_ret,morning_vwap,morning_vwap_to_close,open_to_vwap,overnight_intraday_reversal,overnight_plus_intraday,range_pct",
600312.SH,nextday_all_days_close_profit_xgb_d3_600_reversal_fundamental_regime_v1,/root/stock_realtime_v021_full/saved_models/600312.SH/nextday_all_days_close_profit_xgb_d3_600_reversal_fundamental_regime_v1,True,True,False,False,True,False,,"amount,close,high,low,open,volume","afternoon_ret,afternoon_vwap,afternoon_vwap_to_close,bar_count,close_range_pos,close_to_low,close_to_vwap,down_day_below_vwap,first60_last30_reversal,first_30m_ret,first_60m_ret,first_60m_volume_share,high_to_close,intraday_ret,last_30m_ret,last_30m_volume_share,last_30m_vwap,last_30m_vwap_to_close,last_60m_ret,morning_afternoon_reversal,morning_ret,morning_vwap,morning_vwap_to_close,open_to_vwap,overnight_intraday_reversal,overnight_plus_intraday,range_pct",
600312.SH,nextday_vwap_low_close_profit_xgb_d3_600_reversal_fundamental_regime_v1,/root/stock_realtime_v021_full/saved_models/600312.SH/nextday_vwap_low_close_profit_xgb_d3_600_reversal_fundamental_regime_v1,True,True,False,False,True,False,,"amount,close,high,low,open,volume","afternoon_ret,afternoon_vwap,afternoon_vwap_to_close,bar_count,close_range_pos,close_to_low,close_to_vwap,down_day_below_vwap,first60_last30_reversal,first_30m_ret,first_60m_ret,first_60m_volume_share,high_to_close,intraday_ret,last_30m_ret,last_30m_volume_share,last_30m_vwap,last_30m_vwap_to_close,last_60m_ret,morning_afternoon_reversal,morning_ret,morning_vwap,morning_vwap_to_close,open_to_vwap,overnight_intraday_reversal,overnight_plus_intraday,range_pct",
600487.SH,nextday_vwap_low_close_profit_extra_trees_600_d3_reversal_fundamental_regime_sector_external_optical_cable_grid_safe_20260515,/root/stock_realtime_v021_full/saved_models/600487.SH/nextday_vwap_low_close_profit_extra_trees_600_d3_reversal_fundamental_regime_sector_external_optical_cable_grid_safe_20260515,True,True,False,False,True,True,"ocg_board_b01_amount,ocg_board_b01_amount_shock20,ocg_board_b01_amount_z20,ocg_board_b01_close,ocg_board_b01_close_ma20_gap,ocg_board_b01_close_ret1,ocg_board_b01_close_ret20,ocg_board_b01_close_ret3,ocg_board_b01_close_ret5,ocg_board_b01_close_ret60,ocg_board_b01_close_vol20,ocg_board_b01_close_z20,ocg_board_b01_close_z60,ocg_board_b01_high,ocg_board_b01_low,ocg_board_b01_open,ocg_board_b01_range_pct,ocg_board_b01_range_pct_ma20_gap,ocg_board_b01_range_pct_ret1,ocg_board_b01_range_pct_ret20,ocg_board_b01_range_pct_ret3,ocg_board_b01_range_pct_ret5,ocg_board_b01_range_pct_ret60,ocg_board_b01_range_pct_z20,ocg_board_b01_range_pct_z60,ocg_board_b01_volume,ocg_board_b01_volume_shock20,ocg_board_b01_volume_z20,ocg_board_b02_amount,ocg_board_b02_amount_shock20,ocg_board_b02_amount_z20,ocg_board_b02_close,ocg_board_b02_close_ma20_gap,ocg_board_b02_close_ret1,ocg_board_b02_close_ret20,ocg_board_b02_close_ret3,ocg_board_b02_close_ret5,ocg_board_b02_close_ret60,ocg_board_b02_close_vol20,ocg_board_b02_close_z20,ocg_board_b02_close_z60,ocg_board_b02_high,ocg_board_b02_low,ocg_board_b02_open,ocg_board_b02_range_pct,ocg_board_b02_range_pct_ma20_gap,ocg_board_b02_range_pct_ret1,ocg_board_b02_range_pct_ret20,ocg_board_b02_range_pct_ret3,ocg_board_b02_range_pct_ret5,ocg_board_b02_range_pct_ret60,ocg_board_b02_range_pct_z20,ocg_board_b02_range_pct_z60,ocg_board_b02_volume,ocg_board_b02_volume_shock20,ocg_board_b02_volume_z20,ocg_board_b03_amount,ocg_board_b03_amount_shock20,ocg_board_b03_amount_z20,ocg_board_b03_close,ocg_board_b03_close_ma20_gap,ocg_board_b03_close_ret1,ocg_board_b03_close_ret20,ocg_board_b03_close_ret3,ocg_board_b03_close_ret5,ocg_board_b03_close_ret60,ocg_board_b03_close_vol20,ocg_board_b03_close_z20,ocg_board_b03_close_z60,ocg_board_b03_high,ocg_board_b03_low,ocg_board_b03_open,ocg_board_b03_range_pct,ocg_board_b03_range_pct_ma20_gap,ocg_board_b03_range_pct_ret1,ocg_board_b03_range_pct_ret20,ocg_board_b03_range_pct_ret3,ocg_board_b03_range_pct_ret5,ocg_board_b03_range_pct_ret60,ocg_board_b03_range_pct_z20,ocg_board_b03_range_pct_z60,ocg_board_b03_volume,ocg_board_b03_volume_shock20,ocg_board_b03_volume_z20,ocg_board_b04_amount,ocg_board_b04_amount_shock20,ocg_board_b04_amount_z20,ocg_board_b04_close,ocg_board_b04_close_ma20_gap,ocg_board_b04_close_ret1,ocg_board_b04_close_ret20,ocg_board_b04_close_ret3,ocg_board_b04_close_ret5,ocg_board_b04_close_ret60,ocg_board_b04_close_vol20,ocg_board_b04_close_z20,ocg_board_b04_close_z60,ocg_board_b04_high,ocg_board_b04_low,ocg_board_b04_open,ocg_board_b04_range_pct,ocg_board_b04_range_pct_ma20_gap,ocg_board_b04_range_pct_ret1,ocg_board_b04_range_pct_ret20,ocg_board_b04_range_pct_ret3,ocg_board_b04_range_pct_ret5,ocg_board_b04_range_pct_ret60,ocg_board_b04_range_pct_z20,ocg_board_b04_range_pct_z60,ocg_board_b04_volume,ocg_board_b04_volume_shock20,ocg_board_b04_volume_z20,ocg_board_basket_close,ocg_board_basket_close_ma20_gap,ocg_board_basket_close_ret1,ocg_board_basket_close_ret20,ocg_board_basket_close_ret3,ocg_board_basket_close_ret5,ocg_board_basket_close_ret60,ocg_board_basket_close_vol20,ocg_board_basket_close_z20,ocg_board_basket_close_z60,ocg_fut_al0_close,ocg_fut_al0_close_ma20_gap,ocg_fut_al0_close_ret1,ocg_fut_al0_close_ret20,ocg_fut_al0_close_ret3,ocg_fut_al0_close_ret5,ocg_fut_al0_close_ret60,ocg_fut_al0_close_vol20,ocg_fut_al0_close_z20,ocg_fut_al0_close_z60,ocg_fut_al0_high,ocg_fut_al0_hold,ocg_fut_al0_hold_shock20,ocg_fut_al0_hold_z20,ocg_fut_al0_low,ocg_fut_al0_open,ocg_fut_al0_range_pct,ocg_fut_al0_range_pct_ma20_gap,ocg_fut_al0_range_pct_ret1,ocg_fut_al0_range_pct_ret20,ocg_fut_al0_range_pct_ret3,ocg_fut_al0_range_pct_ret5,ocg_fut_al0_range_pct_ret60,ocg_fut_al0_range_pct_z20,ocg_fut_al0_range_pct_z60,ocg_fut_al0_settle,ocg_fut_al0_volume,ocg_fut_al0_volume_shock20,ocg_fut_al0_volume_z20,ocg_fut_cu0_close,ocg_fut_cu0_close_ma20_gap,ocg_fut_cu0_close_ret1,ocg_fut_cu0_close_ret20,ocg_fut_cu0_close_ret3,ocg_fut_cu0_close_ret5,ocg_fut_cu0_close_ret60,ocg_fut_cu0_close_vol20,ocg_fut_cu0_close_z20,ocg_fut_cu0_close_z60,ocg_fut_cu0_high,ocg_fut_cu0_hold,ocg_fut_cu0_hold_shock20,ocg_fut_cu0_hold_z20,ocg_fut_cu0_low,ocg_fut_cu0_open,ocg_fut_cu0_range_pct,ocg_fut_cu0_range_pct_ma20_gap,ocg_fut_cu0_range_pct_ret1,ocg_fut_cu0_range_pct_ret20,ocg_fut_cu0_range_pct_ret3,ocg_fut_cu0_range_pct_ret5,ocg_fut_cu0_range_pct_ret60,ocg_fut_cu0_range_pct_z20,ocg_fut_cu0_range_pct_z60,ocg_fut_cu0_settle,ocg_fut_cu0_volume,ocg_fut_cu0_volume_shock20,ocg_fut_cu0_volume_z20,ocg_future_basket_close,ocg_future_basket_close_ma20_gap,ocg_future_basket_close_ret1,ocg_future_basket_close_ret20,ocg_future_basket_close_ret3,ocg_future_basket_close_ret5,ocg_future_basket_close_ret60,ocg_future_basket_close_vol20,ocg_future_basket_close_z20,ocg_future_basket_close_z60,ocg_stk_300308_close,ocg_stk_300308_close_ma20_gap,ocg_stk_300308_close_ret1,ocg_stk_300308_close_ret20,ocg_stk_300308_close_ret3,ocg_stk_300308_close_ret5,ocg_stk_300308_close_ret60,ocg_stk_300308_close_vol20,ocg_stk_300308_close_z20,ocg_stk_300308_close_z60,ocg_stk_300308_high,ocg_stk_300308_low,ocg_stk_300308_open,ocg_stk_300308_range_pct,ocg_stk_300308_range_pct_ma20_gap,ocg_stk_300308_range_pct_ret1,ocg_stk_300308_range_pct_ret20,ocg_stk_300308_range_pct_ret3,ocg_stk_300308_range_pct_ret5,ocg_stk_300308_range_pct_ret60,ocg_stk_300308_range_pct_z20,ocg_stk_300308_range_pct_z60,ocg_stk_300308_volume,ocg_stk_300308_volume_shock20,ocg_stk_300308_volume_z20,ocg_stk_300394_close,ocg_stk_300394_close_ma20_gap,ocg_stk_300394_close_ret1,ocg_stk_300394_close_ret20,ocg_stk_300394_close_ret3,ocg_stk_300394_close_ret5,ocg_stk_300394_close_ret60,ocg_stk_300394_close_vol20,ocg_stk_300394_close_z20,ocg_stk_300394_close_z60,ocg_stk_300394_high,ocg_stk_300394_low,ocg_stk_300394_open,ocg_stk_300394_range_pct,ocg_stk_300394_range_pct_ma20_gap,ocg_stk_300394_range_pct_ret1,ocg_stk_300394_range_pct_ret20,ocg_stk_300394_range_pct_ret3,ocg_stk_300394_range_pct_ret5,ocg_stk_300394_range_pct_ret60,ocg_stk_300394_range_pct_z20,ocg_stk_300394_range_pct_z60,ocg_stk_300394_volume,ocg_stk_300394_volume_shock20,ocg_stk_300394_volume_z20,ocg_stk_300502_close,ocg_stk_300502_close_ma20_gap,ocg_stk_300502_close_ret1,ocg_stk_300502_close_ret20,ocg_stk_300502_close_ret3,ocg_stk_300502_close_ret5,ocg_stk_300502_close_ret60,ocg_stk_300502_close_vol20,ocg_stk_300502_close_z20,ocg_stk_300502_close_z60,ocg_stk_300502_high,ocg_stk_300502_low,ocg_stk_300502_open,ocg_stk_300502_range_pct,ocg_stk_300502_range_pct_ma20_gap,ocg_stk_300502_range_pct_ret1,ocg_stk_300502_range_pct_ret20,ocg_stk_300502_range_pct_ret3,ocg_stk_300502_range_pct_ret5,ocg_stk_300502_range_pct_ret60,ocg_stk_300502_range_pct_z20,ocg_stk_300502_range_pct_z60,ocg_stk_300502_volume,ocg_stk_300502_volume_shock20,ocg_stk_300502_volume_z20,ocg_stk_600406_close,ocg_stk_600406_close_ma20_gap,ocg_stk_600406_close_ret1,ocg_stk_600406_close_ret20,ocg_stk_600406_close_ret3,ocg_stk_600406_close_ret5,ocg_stk_600406_close_ret60,ocg_stk_600406_close_vol20,ocg_stk_600406_close_z20,ocg_stk_600406_close_z60,ocg_stk_600406_high,ocg_stk_600406_low,ocg_stk_600406_open,ocg_stk_600406_range_pct,ocg_stk_600406_range_pct_ma20_gap,ocg_stk_600406_range_pct_ret1,ocg_stk_600406_range_pct_ret20,ocg_stk_600406_range_pct_ret3,ocg_stk_600406_range_pct_ret5,ocg_stk_600406_range_pct_ret60,ocg_stk_600406_range_pct_z20,ocg_stk_600406_range_pct_z60,ocg_stk_600406_volume,ocg_stk_600406_volume_shock20,ocg_stk_600406_volume_z20,ocg_stk_600498_close,ocg_stk_600498_close_ma20_gap,ocg_stk_600498_close_ret1,ocg_stk_600498_close_ret20,ocg_stk_600498_close_ret3,ocg_stk_600498_close_ret5,ocg_stk_600498_close_ret60,ocg_stk_600498_close_vol20,ocg_stk_600498_close_z20,ocg_stk_600498_close_z60,ocg_stk_600498_high,ocg_stk_600498_low,ocg_stk_600498_open,ocg_stk_600498_range_pct,ocg_stk_600498_range_pct_ma20_gap,ocg_stk_600498_range_pct_ret1,ocg_stk_600498_range_pct_ret20,ocg_stk_600498_range_pct_ret3,ocg_stk_600498_range_pct_ret5,ocg_stk_600498_range_pct_ret60,ocg_stk_600498_range_pct_z20,ocg_stk_600498_range_pct_z60,ocg_stk_600498_volume,ocg_stk_600498_volume_shock20,ocg_stk_600498_volume_z20,ocg_stk_600522_close,ocg_stk_600522_close_ma20_gap,ocg_stk_600522_close_ret1,ocg_stk_600522_close_ret20,ocg_stk_600522_close_ret3,ocg_stk_600522_close_ret5,ocg_stk_600522_close_ret60,ocg_stk_600522_close_vol20,ocg_stk_600522_close_z20,ocg_stk_600522_close_z60,ocg_stk_600522_high,ocg_stk_600522_low,ocg_stk_600522_open,ocg_stk_600522_range_pct,ocg_stk_600522_range_pct_ma20_gap,ocg_stk_600522_range_pct_ret1,ocg_stk_600522_range_pct_ret20,ocg_stk_600522_range_pct_ret3,ocg_stk_600522_range_pct_ret5,ocg_stk_600522_range_pct_ret60,ocg_stk_600522_range_pct_z20,ocg_stk_600522_range_pct_z60,ocg_stk_600522_volume,ocg_stk_600522_volume_shock20,ocg_stk_600522_volume_z20,ocg_stk_600973_close,ocg_stk_600973_close_ma20_gap,ocg_stk_600973_close_ret1,ocg_stk_600973_close_ret20,ocg_stk_600973_close_ret3,ocg_stk_600973_close_ret5,ocg_stk_600973_close_ret60,ocg_stk_600973_close_vol20,ocg_stk_600973_close_z20,ocg_stk_600973_close_z60,ocg_stk_600973_high,ocg_stk_600973_low,ocg_stk_600973_open,ocg_stk_600973_range_pct,ocg_stk_600973_range_pct_ma20_gap,ocg_stk_600973_range_pct_ret1,ocg_stk_600973_range_pct_ret20,ocg_stk_600973_range_pct_ret3,ocg_stk_600973_range_pct_ret5,ocg_stk_600973_range_pct_ret60,ocg_stk_600973_range_pct_z20,ocg_stk_600973_range_pct_z60,ocg_stk_600973_volume,ocg_stk_600973_volume_shock20,ocg_stk_600973_volume_z20,ocg_stk_601179_close,ocg_stk_601179_close_ma20_gap,ocg_stk_601179_close_ret1,ocg_stk_601179_close_ret20,ocg_stk_601179_close_ret3,ocg_stk_601179_close_ret5,ocg_stk_601179_close_ret60,ocg_stk_601179_close_vol20,ocg_stk_601179_close_z20,ocg_stk_601179_close_z60,ocg_stk_601179_high,ocg_stk_601179_low,ocg_stk_601179_open,ocg_stk_601179_range_pct,ocg_stk_601179_range_pct_ma20_gap,ocg_stk_601179_range_pct_ret1,ocg_stk_601179_range_pct_ret20,ocg_stk_601179_range_pct_ret3,ocg_stk_601179_range_pct_ret5,ocg_stk_601179_range_pct_ret60,ocg_stk_601179_range_pct_z20,ocg_stk_601179_range_pct_z60,ocg_stk_601179_volume,ocg_stk_601179_volume_shock20,ocg_stk_601179_volume_z20,ocg_stk_601869_close,ocg_stk_601869_close_ma20_gap,ocg_stk_601869_close_ret1,ocg_stk_601869_close_ret20,ocg_stk_601869_close_ret3,ocg_stk_601869_close_ret5,ocg_stk_601869_close_ret60,ocg_stk_601869_close_vol20,ocg_stk_601869_close_z20,ocg_stk_601869_close_z60,ocg_stk_601869_high,ocg_stk_601869_low,ocg_stk_601869_open,ocg_stk_601869_range_pct,ocg_stk_601869_range_pct_ma20_gap,ocg_stk_601869_range_pct_ret1,ocg_stk_601869_range_pct_ret20,ocg_stk_601869_range_pct_ret3,ocg_stk_601869_range_pct_ret5,ocg_stk_601869_range_pct_ret60,ocg_stk_601869_range_pct_z20,ocg_stk_601869_range_pct_z60,ocg_stk_601869_volume,ocg_stk_601869_volume_shock20,ocg_stk_601869_volume_z20,ocg_stk_603606_close,ocg_stk_603606_close_ma20_gap,ocg_stk_603606_close_ret1,ocg_stk_603606_close_ret20,ocg_stk_603606_close_ret3,ocg_stk_603606_close_ret5,ocg_stk_603606_close_ret60,ocg_stk_603606_close_vol20,ocg_stk_603606_close_z20,ocg_stk_603606_close_z60,ocg_stk_603606_high,ocg_stk_603606_low,ocg_stk_603606_open,ocg_stk_603606_range_pct,ocg_stk_603606_range_pct_ma20_gap,ocg_stk_603606_range_pct_ret1,ocg_stk_603606_range_pct_ret20,ocg_stk_603606_range_pct_ret3,ocg_stk_603606_range_pct_ret5,ocg_stk_603606_range_pct_ret60,ocg_stk_603606_range_pct_z20,ocg_stk_603606_range_pct_z60,ocg_stk_603606_volume,ocg_stk_603606_volume_shock20,ocg_stk_603606_volume_z20,ocg_stock_basket_close,ocg_stock_basket_close_ma20_gap,ocg_stock_basket_close_ret1,ocg_stock_basket_close_ret20,ocg_stock_basket_close_ret3,ocg_stock_basket_close_ret5,ocg_stock_basket_close_ret60,ocg_stock_basket_close_vol20,ocg_stock_basket_close_z20,ocg_stock_basket_close_z60,sector_amount,sector_amount_shock20,sector_amount_z20,sector_close,sector_high,sector_low,sector_ma20_gap,sector_ma60_gap,sector_open,sector_range_pct,sector_ret1,sector_ret20,sector_ret5,sector_ret60,sector_vol20,sector_volume,sector_volume_shock20,sector_volume_z20","amount,close,high,low,open,volume","afternoon_ret,afternoon_vwap,afternoon_vwap_to_close,bar_count,close_range_pos,close_to_low,close_to_vwap,down_day_below_vwap,first60_last30_reversal,first_30m_ret,first_60m_ret,first_60m_volume_share,high_to_close,intraday_ret,last_30m_ret,last_30m_volume_share,last_30m_vwap,last_30m_vwap_to_close,last_60m_ret,morning_afternoon_reversal,morning_ret,morning_vwap,morning_vwap_to_close,open_to_vwap,overnight_intraday_reversal,overnight_plus_intraday,range_pct",
600522.SH,nextday_all_days_close_profit_random_forest_600_d4_reversal_fundamental_regime_sector_external_optical_cable_grid_safe_20260515,/root/stock_realtime_v021_full/saved_models/600522.SH/nextday_all_days_close_profit_random_forest_600_d4_reversal_fundamental_regime_sector_external_optical_cable_grid_safe_20260515,True,True,False,False,True,True,"ocg_board_b01_amount,ocg_board_b01_amount_shock20,ocg_board_b01_amount_z20,ocg_board_b01_close,ocg_board_b01_close_ma20_gap,ocg_board_b01_close_ret1,ocg_board_b01_close_ret20,ocg_board_b01_close_ret3,ocg_board_b01_close_ret5,ocg_board_b01_close_ret60,ocg_board_b01_close_vol20,ocg_board_b01_close_z20,ocg_board_b01_close_z60,ocg_board_b01_high,ocg_board_b01_low,ocg_board_b01_open,ocg_board_b01_range_pct,ocg_board_b01_range_pct_ma20_gap,ocg_board_b01_range_pct_ret1,ocg_board_b01_range_pct_ret20,ocg_board_b01_range_pct_ret3,ocg_board_b01_range_pct_ret5,ocg_board_b01_range_pct_ret60,ocg_board_b01_range_pct_z20,ocg_board_b01_range_pct_z60,ocg_board_b01_volume,ocg_board_b01_volume_shock20,ocg_board_b01_volume_z20,ocg_board_b02_amount,ocg_board_b02_amount_shock20,ocg_board_b02_amount_z20,ocg_board_b02_close,ocg_board_b02_close_ma20_gap,ocg_board_b02_close_ret1,ocg_board_b02_close_ret20,ocg_board_b02_close_ret3,ocg_board_b02_close_ret5,ocg_board_b02_close_ret60,ocg_board_b02_close_vol20,ocg_board_b02_close_z20,ocg_board_b02_close_z60,ocg_board_b02_high,ocg_board_b02_low,ocg_board_b02_open,ocg_board_b02_range_pct,ocg_board_b02_range_pct_ma20_gap,ocg_board_b02_range_pct_ret1,ocg_board_b02_range_pct_ret20,ocg_board_b02_range_pct_ret3,ocg_board_b02_range_pct_ret5,ocg_board_b02_range_pct_ret60,ocg_board_b02_range_pct_z20,ocg_board_b02_range_pct_z60,ocg_board_b02_volume,ocg_board_b02_volume_shock20,ocg_board_b02_volume_z20,ocg_board_b03_amount,ocg_board_b03_amount_shock20,ocg_board_b03_amount_z20,ocg_board_b03_close,ocg_board_b03_close_ma20_gap,ocg_board_b03_close_ret1,ocg_board_b03_close_ret20,ocg_board_b03_close_ret3,ocg_board_b03_close_ret5,ocg_board_b03_close_ret60,ocg_board_b03_close_vol20,ocg_board_b03_close_z20,ocg_board_b03_close_z60,ocg_board_b03_high,ocg_board_b03_low,ocg_board_b03_open,ocg_board_b03_range_pct,ocg_board_b03_range_pct_ma20_gap,ocg_board_b03_range_pct_ret1,ocg_board_b03_range_pct_ret20,ocg_board_b03_range_pct_ret3,ocg_board_b03_range_pct_ret5,ocg_board_b03_range_pct_ret60,ocg_board_b03_range_pct_z20,ocg_board_b03_range_pct_z60,ocg_board_b03_volume,ocg_board_b03_volume_shock20,ocg_board_b03_volume_z20,ocg_board_b04_amount,ocg_board_b04_amount_shock20,ocg_board_b04_amount_z20,ocg_board_b04_close,ocg_board_b04_close_ma20_gap,ocg_board_b04_close_ret1,ocg_board_b04_close_ret20,ocg_board_b04_close_ret3,ocg_board_b04_close_ret5,ocg_board_b04_close_ret60,ocg_board_b04_close_vol20,ocg_board_b04_close_z20,ocg_board_b04_close_z60,ocg_board_b04_high,ocg_board_b04_low,ocg_board_b04_open,ocg_board_b04_range_pct,ocg_board_b04_range_pct_ma20_gap,ocg_board_b04_range_pct_ret1,ocg_board_b04_range_pct_ret20,ocg_board_b04_range_pct_ret3,ocg_board_b04_range_pct_ret5,ocg_board_b04_range_pct_ret60,ocg_board_b04_range_pct_z20,ocg_board_b04_range_pct_z60,ocg_board_b04_volume,ocg_board_b04_volume_shock20,ocg_board_b04_volume_z20,ocg_board_basket_close,ocg_board_basket_close_ma20_gap,ocg_board_basket_close_ret1,ocg_board_basket_close_ret20,ocg_board_basket_close_ret3,ocg_board_basket_close_ret5,ocg_board_basket_close_ret60,ocg_board_basket_close_vol20,ocg_board_basket_close_z20,ocg_board_basket_close_z60,ocg_fut_al0_close,ocg_fut_al0_close_ma20_gap,ocg_fut_al0_close_ret1,ocg_fut_al0_close_ret20,ocg_fut_al0_close_ret3,ocg_fut_al0_close_ret5,ocg_fut_al0_close_ret60,ocg_fut_al0_close_vol20,ocg_fut_al0_close_z20,ocg_fut_al0_close_z60,ocg_fut_al0_high,ocg_fut_al0_hold,ocg_fut_al0_hold_shock20,ocg_fut_al0_hold_z20,ocg_fut_al0_low,ocg_fut_al0_open,ocg_fut_al0_range_pct,ocg_fut_al0_range_pct_ma20_gap,ocg_fut_al0_range_pct_ret1,ocg_fut_al0_range_pct_ret20,ocg_fut_al0_range_pct_ret3,ocg_fut_al0_range_pct_ret5,ocg_fut_al0_range_pct_ret60,ocg_fut_al0_range_pct_z20,ocg_fut_al0_range_pct_z60,ocg_fut_al0_settle,ocg_fut_al0_volume,ocg_fut_al0_volume_shock20,ocg_fut_al0_volume_z20,ocg_fut_cu0_close,ocg_fut_cu0_close_ma20_gap,ocg_fut_cu0_close_ret1,ocg_fut_cu0_close_ret20,ocg_fut_cu0_close_ret3,ocg_fut_cu0_close_ret5,ocg_fut_cu0_close_ret60,ocg_fut_cu0_close_vol20,ocg_fut_cu0_close_z20,ocg_fut_cu0_close_z60,ocg_fut_cu0_high,ocg_fut_cu0_hold,ocg_fut_cu0_hold_shock20,ocg_fut_cu0_hold_z20,ocg_fut_cu0_low,ocg_fut_cu0_open,ocg_fut_cu0_range_pct,ocg_fut_cu0_range_pct_ma20_gap,ocg_fut_cu0_range_pct_ret1,ocg_fut_cu0_range_pct_ret20,ocg_fut_cu0_range_pct_ret3,ocg_fut_cu0_range_pct_ret5,ocg_fut_cu0_range_pct_ret60,ocg_fut_cu0_range_pct_z20,ocg_fut_cu0_range_pct_z60,ocg_fut_cu0_settle,ocg_fut_cu0_volume,ocg_fut_cu0_volume_shock20,ocg_fut_cu0_volume_z20,ocg_future_basket_close,ocg_future_basket_close_ma20_gap,ocg_future_basket_close_ret1,ocg_future_basket_close_ret20,ocg_future_basket_close_ret3,ocg_future_basket_close_ret5,ocg_future_basket_close_ret60,ocg_future_basket_close_vol20,ocg_future_basket_close_z20,ocg_future_basket_close_z60,ocg_stk_300308_close,ocg_stk_300308_close_ma20_gap,ocg_stk_300308_close_ret1,ocg_stk_300308_close_ret20,ocg_stk_300308_close_ret3,ocg_stk_300308_close_ret5,ocg_stk_300308_close_ret60,ocg_stk_300308_close_vol20,ocg_stk_300308_close_z20,ocg_stk_300308_close_z60,ocg_stk_300308_high,ocg_stk_300308_low,ocg_stk_300308_open,ocg_stk_300308_range_pct,ocg_stk_300308_range_pct_ma20_gap,ocg_stk_300308_range_pct_ret1,ocg_stk_300308_range_pct_ret20,ocg_stk_300308_range_pct_ret3,ocg_stk_300308_range_pct_ret5,ocg_stk_300308_range_pct_ret60,ocg_stk_300308_range_pct_z20,ocg_stk_300308_range_pct_z60,ocg_stk_300308_volume,ocg_stk_300308_volume_shock20,ocg_stk_300308_volume_z20,ocg_stk_300394_close,ocg_stk_300394_close_ma20_gap,ocg_stk_300394_close_ret1,ocg_stk_300394_close_ret20,ocg_stk_300394_close_ret3,ocg_stk_300394_close_ret5,ocg_stk_300394_close_ret60,ocg_stk_300394_close_vol20,ocg_stk_300394_close_z20,ocg_stk_300394_close_z60,ocg_stk_300394_high,ocg_stk_300394_low,ocg_stk_300394_open,ocg_stk_300394_range_pct,ocg_stk_300394_range_pct_ma20_gap,ocg_stk_300394_range_pct_ret1,ocg_stk_300394_range_pct_ret20,ocg_stk_300394_range_pct_ret3,ocg_stk_300394_range_pct_ret5,ocg_stk_300394_range_pct_ret60,ocg_stk_300394_range_pct_z20,ocg_stk_300394_range_pct_z60,ocg_stk_300394_volume,ocg_stk_300394_volume_shock20,ocg_stk_300394_volume_z20,ocg_stk_300502_close,ocg_stk_300502_close_ma20_gap,ocg_stk_300502_close_ret1,ocg_stk_300502_close_ret20,ocg_stk_300502_close_ret3,ocg_stk_300502_close_ret5,ocg_stk_300502_close_ret60,ocg_stk_300502_close_vol20,ocg_stk_300502_close_z20,ocg_stk_300502_close_z60,ocg_stk_300502_high,ocg_stk_300502_low,ocg_stk_300502_open,ocg_stk_300502_range_pct,ocg_stk_300502_range_pct_ma20_gap,ocg_stk_300502_range_pct_ret1,ocg_stk_300502_range_pct_ret20,ocg_stk_300502_range_pct_ret3,ocg_stk_300502_range_pct_ret5,ocg_stk_300502_range_pct_ret60,ocg_stk_300502_range_pct_z20,ocg_stk_300502_range_pct_z60,ocg_stk_300502_volume,ocg_stk_300502_volume_shock20,ocg_stk_300502_volume_z20,ocg_stk_600406_close,ocg_stk_600406_close_ma20_gap,ocg_stk_600406_close_ret1,ocg_stk_600406_close_ret20,ocg_stk_600406_close_ret3,ocg_stk_600406_close_ret5,ocg_stk_600406_close_ret60,ocg_stk_600406_close_vol20,ocg_stk_600406_close_z20,ocg_stk_600406_close_z60,ocg_stk_600406_high,ocg_stk_600406_low,ocg_stk_600406_open,ocg_stk_600406_range_pct,ocg_stk_600406_range_pct_ma20_gap,ocg_stk_600406_range_pct_ret1,ocg_stk_600406_range_pct_ret20,ocg_stk_600406_range_pct_ret3,ocg_stk_600406_range_pct_ret5,ocg_stk_600406_range_pct_ret60,ocg_stk_600406_range_pct_z20,ocg_stk_600406_range_pct_z60,ocg_stk_600406_volume,ocg_stk_600406_volume_shock20,ocg_stk_600406_volume_z20,ocg_stk_600487_close,ocg_stk_600487_close_ma20_gap,ocg_stk_600487_close_ret1,ocg_stk_600487_close_ret20,ocg_stk_600487_close_ret3,ocg_stk_600487_close_ret5,ocg_stk_600487_close_ret60,ocg_stk_600487_close_vol20,ocg_stk_600487_close_z20,ocg_stk_600487_close_z60,ocg_stk_600487_high,ocg_stk_600487_low,ocg_stk_600487_open,ocg_stk_600487_range_pct,ocg_stk_600487_range_pct_ma20_gap,ocg_stk_600487_range_pct_ret1,ocg_stk_600487_range_pct_ret20,ocg_stk_600487_range_pct_ret3,ocg_stk_600487_range_pct_ret5,ocg_stk_600487_range_pct_ret60,ocg_stk_600487_range_pct_z20,ocg_stk_600487_range_pct_z60,ocg_stk_600487_volume,ocg_stk_600487_volume_shock20,ocg_stk_600487_volume_z20,ocg_stk_600498_close,ocg_stk_600498_close_ma20_gap,ocg_stk_600498_close_ret1,ocg_stk_600498_close_ret20,ocg_stk_600498_close_ret3,ocg_stk_600498_close_ret5,ocg_stk_600498_close_ret60,ocg_stk_600498_close_vol20,ocg_stk_600498_close_z20,ocg_stk_600498_close_z60,ocg_stk_600498_high,ocg_stk_600498_low,ocg_stk_600498_open,ocg_stk_600498_range_pct,ocg_stk_600498_range_pct_ma20_gap,ocg_stk_600498_range_pct_ret1,ocg_stk_600498_range_pct_ret20,ocg_stk_600498_range_pct_ret3,ocg_stk_600498_range_pct_ret5,ocg_stk_600498_range_pct_ret60,ocg_stk_600498_range_pct_z20,ocg_stk_600498_range_pct_z60,ocg_stk_600498_volume,ocg_stk_600498_volume_shock20,ocg_stk_600498_volume_z20,ocg_stk_600973_close,ocg_stk_600973_close_ma20_gap,ocg_stk_600973_close_ret1,ocg_stk_600973_close_ret20,ocg_stk_600973_close_ret3,ocg_stk_600973_close_ret5,ocg_stk_600973_close_ret60,ocg_stk_600973_close_vol20,ocg_stk_600973_close_z20,ocg_stk_600973_close_z60,ocg_stk_600973_high,ocg_stk_600973_low,ocg_stk_600973_open,ocg_stk_600973_range_pct,ocg_stk_600973_range_pct_ma20_gap,ocg_stk_600973_range_pct_ret1,ocg_stk_600973_range_pct_ret20,ocg_stk_600973_range_pct_ret3,ocg_stk_600973_range_pct_ret5,ocg_stk_600973_range_pct_ret60,ocg_stk_600973_range_pct_z20,ocg_stk_600973_range_pct_z60,ocg_stk_600973_volume,ocg_stk_600973_volume_shock20,ocg_stk_600973_volume_z20,ocg_stk_601179_close,ocg_stk_601179_close_ma20_gap,ocg_stk_601179_close_ret1,ocg_stk_601179_close_ret20,ocg_stk_601179_close_ret3,ocg_stk_601179_close_ret5,ocg_stk_601179_close_ret60,ocg_stk_601179_close_vol20,ocg_stk_601179_close_z20,ocg_stk_601179_close_z60,ocg_stk_601179_high,ocg_stk_601179_low,ocg_stk_601179_open,ocg_stk_601179_range_pct,ocg_stk_601179_range_pct_ma20_gap,ocg_stk_601179_range_pct_ret1,ocg_stk_601179_range_pct_ret20,ocg_stk_601179_range_pct_ret3,ocg_stk_601179_range_pct_ret5,ocg_stk_601179_range_pct_ret60,ocg_stk_601179_range_pct_z20,ocg_stk_601179_range_pct_z60,ocg_stk_601179_volume,ocg_stk_601179_volume_shock20,ocg_stk_601179_volume_z20,ocg_stk_601869_close,ocg_stk_601869_close_ma20_gap,ocg_stk_601869_close_ret1,ocg_stk_601869_close_ret20,ocg_stk_601869_close_ret3,ocg_stk_601869_close_ret5,ocg_stk_601869_close_ret60,ocg_stk_601869_close_vol20,ocg_stk_601869_close_z20,ocg_stk_601869_close_z60,ocg_stk_601869_high,ocg_stk_601869_low,ocg_stk_601869_open,ocg_stk_601869_range_pct,ocg_stk_601869_range_pct_ma20_gap,ocg_stk_601869_range_pct_ret1,ocg_stk_601869_range_pct_ret20,ocg_stk_601869_range_pct_ret3,ocg_stk_601869_range_pct_ret5,ocg_stk_601869_range_pct_ret60,ocg_stk_601869_range_pct_z20,ocg_stk_601869_range_pct_z60,ocg_stk_601869_volume,ocg_stk_601869_volume_shock20,ocg_stk_601869_volume_z20,ocg_stk_603606_close,ocg_stk_603606_close_ma20_gap,ocg_stk_603606_close_ret1,ocg_stk_603606_close_ret20,ocg_stk_603606_close_ret3,ocg_stk_603606_close_ret5,ocg_stk_603606_close_ret60,ocg_stk_603606_close_vol20,ocg_stk_603606_close_z20,ocg_stk_603606_close_z60,ocg_stk_603606_high,ocg_stk_603606_low,ocg_stk_603606_open,ocg_stk_603606_range_pct,ocg_stk_603606_range_pct_ma20_gap,ocg_stk_603606_range_pct_ret1,ocg_stk_603606_range_pct_ret20,ocg_stk_603606_range_pct_ret3,ocg_stk_603606_range_pct_ret5,ocg_stk_603606_range_pct_ret60,ocg_stk_603606_range_pct_z20,ocg_stk_603606_range_pct_z60,ocg_stk_603606_volume,ocg_stk_603606_volume_shock20,ocg_stk_603606_volume_z20,ocg_stock_basket_close,ocg_stock_basket_close_ma20_gap,ocg_stock_basket_close_ret1,ocg_stock_basket_close_ret20,ocg_stock_basket_close_ret3,ocg_stock_basket_close_ret5,ocg_stock_basket_close_ret60,ocg_stock_basket_close_vol20,ocg_stock_basket_close_z20,ocg_stock_basket_close_z60,sector_amount,sector_amount_shock20,sector_amount_z20,sector_close,sector_high,sector_low,sector_ma20_gap,sector_ma60_gap,sector_open,sector_range_pct,sector_ret1,sector_ret20,sector_ret5,sector_ret60,sector_vol20,sector_volume,sector_volume_shock20,sector_volume_z20","amount,close,high,low,open,volume","afternoon_ret,afternoon_vwap,afternoon_vwap_to_close,bar_count,close_range_pos,close_to_low,close_to_vwap,down_day_below_vwap,first60_last30_reversal,first_30m_ret,first_60m_ret,first_60m_volume_share,high_to_close,intraday_ret,last_30m_ret,last_30m_volume_share,last_30m_vwap,last_30m_vwap_to_close,last_60m_ret,morning_afternoon_reversal,morning_ret,morning_vwap,morning_vwap_to_close,open_to_vwap,overnight_intraday_reversal,overnight_plus_intraday,range_pct",
601899.SH,nextday_all_days_close_profit_xgb_d3_400_reversal_fundamental_regime_sector_v1,/root/stock_realtime_v021_full/saved_models/601899.SH/nextday_all_days_close_profit_xgb_d3_400_reversal_fundamental_regime_sector_v1,True,True,False,False,True,True,"sector_amount,sector_amount_shock20,sector_amount_z20,sector_close,sector_high,sector_low,sector_ma20_gap,sector_ma60_gap,sector_open,sector_range_pct,sector_ret1,sector_ret20,sector_ret5,sector_ret60,sector_vol20,sector_volume,sector_volume_shock20,sector_volume_z20","amount,close,high,low,open,volume","afternoon_ret,afternoon_vwap,afternoon_vwap_to_close,bar_count,close_range_pos,close_to_low,close_to_vwap,down_day_below_vwap,first60_last30_reversal,first_30m_ret,first_60m_ret,first_60m_volume_share,high_to_close,intraday_ret,last_30m_ret,last_30m_volume_share,last_30m_vwap,last_30m_vwap_to_close,last_60m_ret,morning_afternoon_reversal,morning_ret,morning_vwap,morning_vwap_to_close,open_to_vwap,overnight_intraday_reversal,overnight_plus_intraday,range_pct",
601899.SH,nextday_vwap_low_close_profit_extra_trees_reversal_fundamental_regime_sector_zijin_v1,/root/stock_realtime_v021_full/saved_models/601899.SH/nextday_vwap_low_close_profit_extra_trees_reversal_fundamental_regime_sector_zijin_v1,True,True,False,False,True,True,"sector_amount,sector_amount_shock20,sector_amount_z20,sector_close,sector_high,sector_low,sector_ma20_gap,sector_ma60_gap,sector_open,sector_range_pct,sector_ret1,sector_ret20,sector_ret5,sector_ret60,sector_vol20,sector_volume,sector_volume_shock20,sector_volume_z20","amount,close,high,low,open,volume","afternoon_ret,afternoon_vwap,afternoon_vwap_to_close,bar_count,close_range_pos,close_to_low,close_to_vwap,down_day_below_vwap,first60_last30_reversal,first_30m_ret,first_60m_ret,first_60m_volume_share,high_to_close,intraday_ret,last_30m_ret,last_30m_volume_share,last_30m_vwap,last_30m_vwap_to_close,last_60m_ret,morning_afternoon_reversal,morning_ret,morning_vwap,morning_vwap_to_close,open_to_vwap,overnight_intraday_reversal,overnight_plus_intraday,range_pct",
601985.SH,nextday_all_days_close_profit_extra_trees_reversal_fundamental_regime_v1,/root/stock_realtime_v021_full/saved_models/601985.SH/nextday_all_days_close_profit_extra_trees_reversal_fundamental_regime_v1,True,True,False,False,True,False,,"amount,close,high,low,open,volume","afternoon_ret,afternoon_vwap,afternoon_vwap_to_close,bar_count,close_range_pos,close_to_low,close_to_vwap,down_day_below_vwap,first60_last30_reversal,first_30m_ret,first_60m_ret,first_60m_volume_share,high_to_close,intraday_ret,last_30m_ret,last_30m_volume_share,last_30m_vwap,last_30m_vwap_to_close,last_60m_ret,morning_afternoon_reversal,morning_ret,morning_vwap,morning_vwap_to_close,open_to_vwap,overnight_intraday_reversal,overnight_plus_intraday,range_pct",
603308.SH,nextday_all_days_close_profit_extra_trees_600_external_ane_live_board_v2_external_full_selected_20260516,/root/stock_realtime_v021_full/saved_models/603308.SH/nextday_all_days_close_profit_extra_trees_600_external_ane_live_board_v2_external_full_selected_20260516,False,False,False,False,False,True,"ane_board_b01_amount,ane_board_b01_amount_shock20,ane_board_b01_amount_z20,ane_board_b01_close,ane_board_b01_close_ma20_gap,ane_board_b01_close_ret1,ane_board_b01_close_ret20,ane_board_b01_close_ret3,ane_board_b01_close_ret5,ane_board_b01_close_ret60,ane_board_b01_close_vol20,ane_board_b01_close_z20,ane_board_b01_close_z60,ane_board_b01_high,ane_board_b01_low,ane_board_b01_open,ane_board_b01_range_pct,ane_board_b01_range_pct_ma20_gap,ane_board_b01_range_pct_ret1,ane_board_b01_range_pct_ret20,ane_board_b01_range_pct_ret3,ane_board_b01_range_pct_ret5,ane_board_b01_range_pct_ret60,ane_board_b01_range_pct_z20,ane_board_b01_range_pct_z60,ane_board_b01_volume,ane_board_b01_volume_shock20,ane_board_b01_volume_z20,ane_board_b02_amount,ane_board_b02_amount_shock20,ane_board_b02_amount_z20,ane_board_b02_close,ane_board_b02_close_ma20_gap,ane_board_b02_close_ret1,ane_board_b02_close_ret20,ane_board_b02_close_ret3,ane_board_b02_close_ret5,ane_board_b02_close_ret60,ane_board_b02_close_vol20,ane_board_b02_close_z20,ane_board_b02_close_z60,ane_board_b02_high,ane_board_b02_low,ane_board_b02_open,ane_board_b02_range_pct,ane_board_b02_range_pct_ma20_gap,ane_board_b02_range_pct_ret1,ane_board_b02_range_pct_ret20,ane_board_b02_range_pct_ret3,ane_board_b02_range_pct_ret5,ane_board_b02_range_pct_ret60,ane_board_b02_range_pct_z20,ane_board_b02_range_pct_z60,ane_board_b02_volume,ane_board_b02_volume_shock20,ane_board_b02_volume_z20,ane_board_b03_amount,ane_board_b03_amount_shock20,ane_board_b03_amount_z20,ane_board_b03_close,ane_board_b03_close_ma20_gap,ane_board_b03_close_ret1,ane_board_b03_close_ret20,ane_board_b03_close_ret3,ane_board_b03_close_ret5,ane_board_b03_close_ret60,ane_board_b03_close_vol20,ane_board_b03_close_z20,ane_board_b03_close_z60,ane_board_b03_high,ane_board_b03_low,ane_board_b03_open,ane_board_b03_range_pct,ane_board_b03_range_pct_ma20_gap,ane_board_b03_range_pct_ret1,ane_board_b03_range_pct_ret20,ane_board_b03_range_pct_ret3,ane_board_b03_range_pct_ret5,ane_board_b03_range_pct_ret60,ane_board_b03_range_pct_z20,ane_board_b03_range_pct_z60,ane_board_b03_volume,ane_board_b03_volume_shock20,ane_board_b03_volume_z20,ane_board_b04_amount,ane_board_b04_amount_shock20,ane_board_b04_amount_z20,ane_board_b04_close,ane_board_b04_close_ma20_gap,ane_board_b04_close_ret1,ane_board_b04_close_ret20,ane_board_b04_close_ret3,ane_board_b04_close_ret5,ane_board_b04_close_ret60,ane_board_b04_close_vol20,ane_board_b04_close_z20,ane_board_b04_close_z60,ane_board_b04_high,ane_board_b04_low,ane_board_b04_open,ane_board_b04_range_pct,ane_board_b04_range_pct_ma20_gap,ane_board_b04_range_pct_ret1,ane_board_b04_range_pct_ret20,ane_board_b04_range_pct_ret3,ane_board_b04_range_pct_ret5,ane_board_b04_range_pct_ret60,ane_board_b04_range_pct_z20,ane_board_b04_range_pct_z60,ane_board_b04_volume,ane_board_b04_volume_shock20,ane_board_b04_volume_z20,ane_board_basket_close,ane_board_basket_close_ma20_gap,ane_board_basket_close_ret1,ane_board_basket_close_ret20,ane_board_basket_close_ret3,ane_board_basket_close_ret5,ane_board_basket_close_ret60,ane_board_basket_close_vol20,ane_board_basket_close_z20,ane_board_basket_close_z60,ane_fut_al0_close,ane_fut_al0_close_ma20_gap,ane_fut_al0_close_ret1,ane_fut_al0_close_ret20,ane_fut_al0_close_ret3,ane_fut_al0_close_ret5,ane_fut_al0_close_ret60,ane_fut_al0_close_vol20,ane_fut_al0_close_z20,ane_fut_al0_close_z60,ane_fut_al0_high,ane_fut_al0_hold,ane_fut_al0_hold_shock20,ane_fut_al0_hold_z20,ane_fut_al0_low,ane_fut_al0_open,ane_fut_al0_range_pct,ane_fut_al0_range_pct_ma20_gap,ane_fut_al0_range_pct_ret1,ane_fut_al0_range_pct_ret20,ane_fut_al0_range_pct_ret3,ane_fut_al0_range_pct_ret5,ane_fut_al0_range_pct_ret60,ane_fut_al0_range_pct_z20,ane_fut_al0_range_pct_z60,ane_fut_al0_settle,ane_fut_al0_volume,ane_fut_al0_volume_shock20,ane_fut_al0_volume_z20,ane_fut_ni0_close,ane_fut_ni0_close_ma20_gap,ane_fut_ni0_close_ret1,ane_fut_ni0_close_ret20,ane_fut_ni0_close_ret3,ane_fut_ni0_close_ret5,ane_fut_ni0_close_ret60,ane_fut_ni0_close_vol20,ane_fut_ni0_close_z20,ane_fut_ni0_close_z60,ane_fut_ni0_high,ane_fut_ni0_hold,ane_fut_ni0_hold_shock20,ane_fut_ni0_hold_z20,ane_fut_ni0_low,ane_fut_ni0_open,ane_fut_ni0_range_pct,ane_fut_ni0_range_pct_ma20_gap,ane_fut_ni0_range_pct_ret1,ane_fut_ni0_range_pct_ret20,ane_fut_ni0_range_pct_ret3,ane_fut_ni0_range_pct_ret5,ane_fut_ni0_range_pct_ret60,ane_fut_ni0_range_pct_z20,ane_fut_ni0_range_pct_z60,ane_fut_ni0_settle,ane_fut_ni0_volume,ane_fut_ni0_volume_shock20,ane_fut_ni0_volume_z20,ane_fut_ss0_close,ane_fut_ss0_close_ma20_gap,ane_fut_ss0_close_ret1,ane_fut_ss0_close_ret20,ane_fut_ss0_close_ret3,ane_fut_ss0_close_ret5,ane_fut_ss0_close_ret60,ane_fut_ss0_close_vol20,ane_fut_ss0_close_z20,ane_fut_ss0_close_z60,ane_fut_ss0_high,ane_fut_ss0_hold,ane_fut_ss0_hold_shock20,ane_fut_ss0_hold_z20,ane_fut_ss0_low,ane_fut_ss0_open,ane_fut_ss0_range_pct,ane_fut_ss0_range_pct_ma20_gap,ane_fut_ss0_range_pct_ret1,ane_fut_ss0_range_pct_ret20,ane_fut_ss0_range_pct_ret3,ane_fut_ss0_range_pct_ret5,ane_fut_ss0_range_pct_ret60,ane_fut_ss0_range_pct_z20,ane_fut_ss0_range_pct_z60,ane_fut_ss0_settle,ane_fut_ss0_volume,ane_fut_ss0_volume_shock20,ane_fut_ss0_volume_z20,ane_future_basket_close,ane_future_basket_close_ma20_gap,ane_future_basket_close_ret1,ane_future_basket_close_ret20,ane_future_basket_close_ret3,ane_future_basket_close_ret5,ane_future_basket_close_ret60,ane_future_basket_close_vol20,ane_future_basket_close_z20,ane_future_basket_close_z60,ane_stk_000768_close,ane_stk_000768_close_ma20_gap,ane_stk_000768_close_ret1,ane_stk_000768_close_ret20,ane_stk_000768_close_ret3,ane_stk_000768_close_ret5,ane_stk_000768_close_ret60,ane_stk_000768_close_vol20,ane_stk_000768_close_z20,ane_stk_000768_close_z60,ane_stk_000768_high,ane_stk_000768_low,ane_stk_000768_open,ane_stk_000768_range_pct,ane_stk_000768_range_pct_ma20_gap,ane_stk_000768_range_pct_ret1,ane_stk_000768_range_pct_ret20,ane_stk_000768_range_pct_ret3,ane_stk_000768_range_pct_ret5,ane_stk_000768_range_pct_ret60,ane_stk_000768_range_pct_z20,ane_stk_000768_range_pct_z60,ane_stk_000768_volume,ane_stk_000768_volume_shock20,ane_stk_000768_volume_z20,ane_stk_003816_close,ane_stk_003816_close_ma20_gap,ane_stk_003816_close_ret1,ane_stk_003816_close_ret20,ane_stk_003816_close_ret3,ane_stk_003816_close_ret5,ane_stk_003816_close_ret60,ane_stk_003816_close_vol20,ane_stk_003816_close_z20,ane_stk_003816_close_z60,ane_stk_003816_high,ane_stk_003816_low,ane_stk_003816_open,ane_stk_003816_range_pct,ane_stk_003816_range_pct_ma20_gap,ane_stk_003816_range_pct_ret1,ane_stk_003816_range_pct_ret20,ane_stk_003816_range_pct_ret3,ane_stk_003816_range_pct_ret5,ane_stk_003816_range_pct_ret60,ane_stk_003816_range_pct_z20,ane_stk_003816_range_pct_z60,ane_stk_003816_volume,ane_stk_003816_volume_shock20,ane_stk_003816_volume_z20,ane_stk_300034_close,ane_stk_300034_close_ma20_gap,ane_stk_300034_close_ret1,ane_stk_300034_close_ret20,ane_stk_300034_close_ret3,ane_stk_300034_close_ret5,ane_stk_300034_close_ret60,ane_stk_300034_close_vol20,ane_stk_300034_close_z20,ane_stk_300034_close_z60,ane_stk_300034_high,ane_stk_300034_low,ane_stk_300034_open,ane_stk_300034_range_pct,ane_stk_300034_range_pct_ma20_gap,ane_stk_300034_range_pct_ret1,ane_stk_300034_range_pct_ret20,ane_stk_300034_range_pct_ret3,ane_stk_300034_range_pct_ret5,ane_stk_300034_range_pct_ret60,ane_stk_300034_range_pct_z20,ane_stk_300034_range_pct_z60,ane_stk_300034_volume,ane_stk_300034_volume_shock20,ane_stk_300034_volume_z20,ane_stk_600765_close,ane_stk_600765_close_ma20_gap,ane_stk_600765_close_ret1,ane_stk_600765_close_ret20,ane_stk_600765_close_ret3,ane_stk_600765_close_ret5,ane_stk_600765_close_ret60,ane_stk_600765_close_vol20,ane_stk_600765_close_z20,ane_stk_600765_close_z60,ane_stk_600765_high,ane_stk_600765_low,ane_stk_600765_open,ane_stk_600765_range_pct,ane_stk_600765_range_pct_ma20_gap,ane_stk_600765_range_pct_ret1,ane_stk_600765_range_pct_ret20,ane_stk_600765_range_pct_ret3,ane_stk_600765_range_pct_ret5,ane_stk_600765_range_pct_ret60,ane_stk_600765_range_pct_z20,ane_stk_600765_range_pct_z60,ane_stk_600765_volume,ane_stk_600765_volume_shock20,ane_stk_600765_volume_z20,ane_stk_600893_close,ane_stk_600893_close_ma20_gap,ane_stk_600893_close_ret1,ane_stk_600893_close_ret20,ane_stk_600893_close_ret3,ane_stk_600893_close_ret5,ane_stk_600893_close_ret60,ane_stk_600893_close_vol20,ane_stk_600893_close_z20,ane_stk_600893_close_z60,ane_stk_600893_high,ane_stk_600893_low,ane_stk_600893_open,ane_stk_600893_range_pct,ane_stk_600893_range_pct_ma20_gap,ane_stk_600893_range_pct_ret1,ane_stk_600893_range_pct_ret20,ane_stk_600893_range_pct_ret3,ane_stk_600893_range_pct_ret5,ane_stk_600893_range_pct_ret60,ane_stk_600893_range_pct_z20,ane_stk_600893_range_pct_z60,ane_stk_600893_volume,ane_stk_600893_volume_shock20,ane_stk_600893_volume_z20,ane_stk_601611_close,ane_stk_601611_close_ma20_gap,ane_stk_601611_close_ret1,ane_stk_601611_close_ret20,ane_stk_601611_close_ret3,ane_stk_601611_close_ret5,ane_stk_601611_close_ret60,ane_stk_601611_close_vol20,ane_stk_601611_close_z20,ane_stk_601611_close_z60,ane_stk_601611_high,ane_stk_601611_low,ane_stk_601611_open,ane_stk_601611_range_pct,ane_stk_601611_range_pct_ma20_gap,ane_stk_601611_range_pct_ret1,ane_stk_601611_range_pct_ret20,ane_stk_601611_range_pct_ret3,ane_stk_601611_range_pct_ret5,ane_stk_601611_range_pct_ret60,ane_stk_601611_range_pct_z20,ane_stk_601611_range_pct_z60,ane_stk_601611_volume,ane_stk_601611_volume_shock20,ane_stk_601611_volume_z20,ane_stk_601985_close,ane_stk_601985_close_ma20_gap,ane_stk_601985_close_ret1,ane_stk_601985_close_ret20,ane_stk_601985_close_ret3,ane_stk_601985_close_ret5,ane_stk_601985_close_ret60,ane_stk_601985_close_vol20,ane_stk_601985_close_z20,ane_stk_601985_close_z60,ane_stk_601985_high,ane_stk_601985_low,ane_stk_601985_open,ane_stk_601985_range_pct,ane_stk_601985_range_pct_ma20_gap,ane_stk_601985_range_pct_ret1,ane_stk_601985_range_pct_ret20,ane_stk_601985_range_pct_ret3,ane_stk_601985_range_pct_ret5,ane_stk_601985_range_pct_ret60,ane_stk_601985_range_pct_z20,ane_stk_601985_range_pct_z60,ane_stk_601985_volume,ane_stk_601985_volume_shock20,ane_stk_601985_volume_z20,ane_stock_basket_close,ane_stock_basket_close_ma20_gap,ane_stock_basket_close_ret1,ane_stock_basket_close_ret20,ane_stock_basket_close_ret3,ane_stock_basket_close_ret5,ane_stock_basket_close_ret60,ane_stock_basket_close_vol20,ane_stock_basket_close_z20,ane_stock_basket_close_z60",,,
603308.SH,nextday_all_days_close_profit_xgb_d3_600_reversal_fundamental_regime_external_ane_live_board_v2_external_full_selected_20260516,/root/stock_realtime_v021_full/saved_models/603308.SH/nextday_all_days_close_profit_xgb_d3_600_reversal_fundamental_regime_external_ane_live_board_v2_external_full_selected_20260516,True,True,False,False,True,True,"ane_board_b01_amount,ane_board_b01_amount_shock20,ane_board_b01_amount_z20,ane_board_b01_close,ane_board_b01_close_ma20_gap,ane_board_b01_close_ret1,ane_board_b01_close_ret20,ane_board_b01_close_ret3,ane_board_b01_close_ret5,ane_board_b01_close_ret60,ane_board_b01_close_vol20,ane_board_b01_close_z20,ane_board_b01_close_z60,ane_board_b01_high,ane_board_b01_low,ane_board_b01_open,ane_board_b01_range_pct,ane_board_b01_range_pct_ma20_gap,ane_board_b01_range_pct_ret1,ane_board_b01_range_pct_ret20,ane_board_b01_range_pct_ret3,ane_board_b01_range_pct_ret5,ane_board_b01_range_pct_ret60,ane_board_b01_range_pct_z20,ane_board_b01_range_pct_z60,ane_board_b01_volume,ane_board_b01_volume_shock20,ane_board_b01_volume_z20,ane_board_b02_amount,ane_board_b02_amount_shock20,ane_board_b02_amount_z20,ane_board_b02_close,ane_board_b02_close_ma20_gap,ane_board_b02_close_ret1,ane_board_b02_close_ret20,ane_board_b02_close_ret3,ane_board_b02_close_ret5,ane_board_b02_close_ret60,ane_board_b02_close_vol20,ane_board_b02_close_z20,ane_board_b02_close_z60,ane_board_b02_high,ane_board_b02_low,ane_board_b02_open,ane_board_b02_range_pct,ane_board_b02_range_pct_ma20_gap,ane_board_b02_range_pct_ret1,ane_board_b02_range_pct_ret20,ane_board_b02_range_pct_ret3,ane_board_b02_range_pct_ret5,ane_board_b02_range_pct_ret60,ane_board_b02_range_pct_z20,ane_board_b02_range_pct_z60,ane_board_b02_volume,ane_board_b02_volume_shock20,ane_board_b02_volume_z20,ane_board_b03_amount,ane_board_b03_amount_shock20,ane_board_b03_amount_z20,ane_board_b03_close,ane_board_b03_close_ma20_gap,ane_board_b03_close_ret1,ane_board_b03_close_ret20,ane_board_b03_close_ret3,ane_board_b03_close_ret5,ane_board_b03_close_ret60,ane_board_b03_close_vol20,ane_board_b03_close_z20,ane_board_b03_close_z60,ane_board_b03_high,ane_board_b03_low,ane_board_b03_open,ane_board_b03_range_pct,ane_board_b03_range_pct_ma20_gap,ane_board_b03_range_pct_ret1,ane_board_b03_range_pct_ret20,ane_board_b03_range_pct_ret3,ane_board_b03_range_pct_ret5,ane_board_b03_range_pct_ret60,ane_board_b03_range_pct_z20,ane_board_b03_range_pct_z60,ane_board_b03_volume,ane_board_b03_volume_shock20,ane_board_b03_volume_z20,ane_board_b04_amount,ane_board_b04_amount_shock20,ane_board_b04_amount_z20,ane_board_b04_close,ane_board_b04_close_ma20_gap,ane_board_b04_close_ret1,ane_board_b04_close_ret20,ane_board_b04_close_ret3,ane_board_b04_close_ret5,ane_board_b04_close_ret60,ane_board_b04_close_vol20,ane_board_b04_close_z20,ane_board_b04_close_z60,ane_board_b04_high,ane_board_b04_low,ane_board_b04_open,ane_board_b04_range_pct,ane_board_b04_range_pct_ma20_gap,ane_board_b04_range_pct_ret1,ane_board_b04_range_pct_ret20,ane_board_b04_range_pct_ret3,ane_board_b04_range_pct_ret5,ane_board_b04_range_pct_ret60,ane_board_b04_range_pct_z20,ane_board_b04_range_pct_z60,ane_board_b04_volume,ane_board_b04_volume_shock20,ane_board_b04_volume_z20,ane_board_basket_close,ane_board_basket_close_ma20_gap,ane_board_basket_close_ret1,ane_board_basket_close_ret20,ane_board_basket_close_ret3,ane_board_basket_close_ret5,ane_board_basket_close_ret60,ane_board_basket_close_vol20,ane_board_basket_close_z20,ane_board_basket_close_z60,ane_fut_al0_close,ane_fut_al0_close_ma20_gap,ane_fut_al0_close_ret1,ane_fut_al0_close_ret20,ane_fut_al0_close_ret3,ane_fut_al0_close_ret5,ane_fut_al0_close_ret60,ane_fut_al0_close_vol20,ane_fut_al0_close_z20,ane_fut_al0_close_z60,ane_fut_al0_high,ane_fut_al0_hold,ane_fut_al0_hold_shock20,ane_fut_al0_hold_z20,ane_fut_al0_low,ane_fut_al0_open,ane_fut_al0_range_pct,ane_fut_al0_range_pct_ma20_gap,ane_fut_al0_range_pct_ret1,ane_fut_al0_range_pct_ret20,ane_fut_al0_range_pct_ret3,ane_fut_al0_range_pct_ret5,ane_fut_al0_range_pct_ret60,ane_fut_al0_range_pct_z20,ane_fut_al0_range_pct_z60,ane_fut_al0_settle,ane_fut_al0_volume,ane_fut_al0_volume_shock20,ane_fut_al0_volume_z20,ane_fut_ni0_close,ane_fut_ni0_close_ma20_gap,ane_fut_ni0_close_ret1,ane_fut_ni0_close_ret20,ane_fut_ni0_close_ret3,ane_fut_ni0_close_ret5,ane_fut_ni0_close_ret60,ane_fut_ni0_close_vol20,ane_fut_ni0_close_z20,ane_fut_ni0_close_z60,ane_fut_ni0_high,ane_fut_ni0_hold,ane_fut_ni0_hold_shock20,ane_fut_ni0_hold_z20,ane_fut_ni0_low,ane_fut_ni0_open,ane_fut_ni0_range_pct,ane_fut_ni0_range_pct_ma20_gap,ane_fut_ni0_range_pct_ret1,ane_fut_ni0_range_pct_ret20,ane_fut_ni0_range_pct_ret3,ane_fut_ni0_range_pct_ret5,ane_fut_ni0_range_pct_ret60,ane_fut_ni0_range_pct_z20,ane_fut_ni0_range_pct_z60,ane_fut_ni0_settle,ane_fut_ni0_volume,ane_fut_ni0_volume_shock20,ane_fut_ni0_volume_z20,ane_fut_ss0_close,ane_fut_ss0_close_ma20_gap,ane_fut_ss0_close_ret1,ane_fut_ss0_close_ret20,ane_fut_ss0_close_ret3,ane_fut_ss0_close_ret5,ane_fut_ss0_close_ret60,ane_fut_ss0_close_vol20,ane_fut_ss0_close_z20,ane_fut_ss0_close_z60,ane_fut_ss0_high,ane_fut_ss0_hold,ane_fut_ss0_hold_shock20,ane_fut_ss0_hold_z20,ane_fut_ss0_low,ane_fut_ss0_open,ane_fut_ss0_range_pct,ane_fut_ss0_range_pct_ma20_gap,ane_fut_ss0_range_pct_ret1,ane_fut_ss0_range_pct_ret20,ane_fut_ss0_range_pct_ret3,ane_fut_ss0_range_pct_ret5,ane_fut_ss0_range_pct_ret60,ane_fut_ss0_range_pct_z20,ane_fut_ss0_range_pct_z60,ane_fut_ss0_settle,ane_fut_ss0_volume,ane_fut_ss0_volume_shock20,ane_fut_ss0_volume_z20,ane_future_basket_close,ane_future_basket_close_ma20_gap,ane_future_basket_close_ret1,ane_future_basket_close_ret20,ane_future_basket_close_ret3,ane_future_basket_close_ret5,ane_future_basket_close_ret60,ane_future_basket_close_vol20,ane_future_basket_close_z20,ane_future_basket_close_z60,ane_stk_000768_close,ane_stk_000768_close_ma20_gap,ane_stk_000768_close_ret1,ane_stk_000768_close_ret20,ane_stk_000768_close_ret3,ane_stk_000768_close_ret5,ane_stk_000768_close_ret60,ane_stk_000768_close_vol20,ane_stk_000768_close_z20,ane_stk_000768_close_z60,ane_stk_000768_high,ane_stk_000768_low,ane_stk_000768_open,ane_stk_000768_range_pct,ane_stk_000768_range_pct_ma20_gap,ane_stk_000768_range_pct_ret1,ane_stk_000768_range_pct_ret20,ane_stk_000768_range_pct_ret3,ane_stk_000768_range_pct_ret5,ane_stk_000768_range_pct_ret60,ane_stk_000768_range_pct_z20,ane_stk_000768_range_pct_z60,ane_stk_000768_volume,ane_stk_000768_volume_shock20,ane_stk_000768_volume_z20,ane_stk_003816_close,ane_stk_003816_close_ma20_gap,ane_stk_003816_close_ret1,ane_stk_003816_close_ret20,ane_stk_003816_close_ret3,ane_stk_003816_close_ret5,ane_stk_003816_close_ret60,ane_stk_003816_close_vol20,ane_stk_003816_close_z20,ane_stk_003816_close_z60,ane_stk_003816_high,ane_stk_003816_low,ane_stk_003816_open,ane_stk_003816_range_pct,ane_stk_003816_range_pct_ma20_gap,ane_stk_003816_range_pct_ret1,ane_stk_003816_range_pct_ret20,ane_stk_003816_range_pct_ret3,ane_stk_003816_range_pct_ret5,ane_stk_003816_range_pct_ret60,ane_stk_003816_range_pct_z20,ane_stk_003816_range_pct_z60,ane_stk_003816_volume,ane_stk_003816_volume_shock20,ane_stk_003816_volume_z20,ane_stk_300034_close,ane_stk_300034_close_ma20_gap,ane_stk_300034_close_ret1,ane_stk_300034_close_ret20,ane_stk_300034_close_ret3,ane_stk_300034_close_ret5,ane_stk_300034_close_ret60,ane_stk_300034_close_vol20,ane_stk_300034_close_z20,ane_stk_300034_close_z60,ane_stk_300034_high,ane_stk_300034_low,ane_stk_300034_open,ane_stk_300034_range_pct,ane_stk_300034_range_pct_ma20_gap,ane_stk_300034_range_pct_ret1,ane_stk_300034_range_pct_ret20,ane_stk_300034_range_pct_ret3,ane_stk_300034_range_pct_ret5,ane_stk_300034_range_pct_ret60,ane_stk_300034_range_pct_z20,ane_stk_300034_range_pct_z60,ane_stk_300034_volume,ane_stk_300034_volume_shock20,ane_stk_300034_volume_z20,ane_stk_600765_close,ane_stk_600765_close_ma20_gap,ane_stk_600765_close_ret1,ane_stk_600765_close_ret20,ane_stk_600765_close_ret3,ane_stk_600765_close_ret5,ane_stk_600765_close_ret60,ane_stk_600765_close_vol20,ane_stk_600765_close_z20,ane_stk_600765_close_z60,ane_stk_600765_high,ane_stk_600765_low,ane_stk_600765_open,ane_stk_600765_range_pct,ane_stk_600765_range_pct_ma20_gap,ane_stk_600765_range_pct_ret1,ane_stk_600765_range_pct_ret20,ane_stk_600765_range_pct_ret3,ane_stk_600765_range_pct_ret5,ane_stk_600765_range_pct_ret60,ane_stk_600765_range_pct_z20,ane_stk_600765_range_pct_z60,ane_stk_600765_volume,ane_stk_600765_volume_shock20,ane_stk_600765_volume_z20,ane_stk_600893_close,ane_stk_600893_close_ma20_gap,ane_stk_600893_close_ret1,ane_stk_600893_close_ret20,ane_stk_600893_close_ret3,ane_stk_600893_close_ret5,ane_stk_600893_close_ret60,ane_stk_600893_close_vol20,ane_stk_600893_close_z20,ane_stk_600893_close_z60,ane_stk_600893_high,ane_stk_600893_low,ane_stk_600893_open,ane_stk_600893_range_pct,ane_stk_600893_range_pct_ma20_gap,ane_stk_600893_range_pct_ret1,ane_stk_600893_range_pct_ret20,ane_stk_600893_range_pct_ret3,ane_stk_600893_range_pct_ret5,ane_stk_600893_range_pct_ret60,ane_stk_600893_range_pct_z20,ane_stk_600893_range_pct_z60,ane_stk_600893_volume,ane_stk_600893_volume_shock20,ane_stk_600893_volume_z20,ane_stk_601611_close,ane_stk_601611_close_ma20_gap,ane_stk_601611_close_ret1,ane_stk_601611_close_ret20,ane_stk_601611_close_ret3,ane_stk_601611_close_ret5,ane_stk_601611_close_ret60,ane_stk_601611_close_vol20,ane_stk_601611_close_z20,ane_stk_601611_close_z60,ane_stk_601611_high,ane_stk_601611_low,ane_stk_601611_open,ane_stk_601611_range_pct,ane_stk_601611_range_pct_ma20_gap,ane_stk_601611_range_pct_ret1,ane_stk_601611_range_pct_ret20,ane_stk_601611_range_pct_ret3,ane_stk_601611_range_pct_ret5,ane_stk_601611_range_pct_ret60,ane_stk_601611_range_pct_z20,ane_stk_601611_range_pct_z60,ane_stk_601611_volume,ane_stk_601611_volume_shock20,ane_stk_601611_volume_z20,ane_stk_601985_close,ane_stk_601985_close_ma20_gap,ane_stk_601985_close_ret1,ane_stk_601985_close_ret20,ane_stk_601985_close_ret3,ane_stk_601985_close_ret5,ane_stk_601985_close_ret60,ane_stk_601985_close_vol20,ane_stk_601985_close_z20,ane_stk_601985_close_z60,ane_stk_601985_high,ane_stk_601985_low,ane_stk_601985_open,ane_stk_601985_range_pct,ane_stk_601985_range_pct_ma20_gap,ane_stk_601985_range_pct_ret1,ane_stk_601985_range_pct_ret20,ane_stk_601985_range_pct_ret3,ane_stk_601985_range_pct_ret5,ane_stk_601985_range_pct_ret60,ane_stk_601985_range_pct_z20,ane_stk_601985_range_pct_z60,ane_stk_601985_volume,ane_stk_601985_volume_shock20,ane_stk_601985_volume_z20,ane_stock_basket_close,ane_stock_basket_close_ma20_gap,ane_stock_basket_close_ret1,ane_stock_basket_close_ret20,ane_stock_basket_close_ret3,ane_stock_basket_close_ret5,ane_stock_basket_close_ret60,ane_stock_basket_close_vol20,ane_stock_basket_close_z20,ane_stock_basket_close_z60","amount,close,high,low,open,volume","afternoon_ret,afternoon_vwap,afternoon_vwap_to_close,bar_count,close_range_pos,close_to_low,close_to_vwap,down_day_below_vwap,first60_last30_reversal,first_30m_ret,first_60m_ret,first_60m_volume_share,high_to_close,intraday_ret,last_30m_ret,last_30m_volume_share,last_30m_vwap,last_30m_vwap_to_close,last_60m_ret,morning_afternoon_reversal,morning_ret,morning_vwap,morning_vwap_to_close,open_to_vwap,overnight_intraday_reversal,overnight_plus_intraday,range_pct",
603308.SH,nextday_vwap_low_close_profit_xgb_d3_600_reversal_fundamental_regime_sector_external_aero_nuclear_v1,/root/stock_realtime_v021_full/saved_models/603308.SH/nextday_vwap_low_close_profit_xgb_d3_600_reversal_fundamental_regime_sector_external_aero_nuclear_v1,True,True,False,False,True,True,"ane_board_b01_amount,ane_board_b01_amount_shock20,ane_board_b01_amount_z20,ane_board_b01_close,ane_board_b01_close_ma20_gap,ane_board_b01_close_ret1,ane_board_b01_close_ret20,ane_board_b01_close_ret3,ane_board_b01_close_ret5,ane_board_b01_close_ret60,ane_board_b01_close_vol20,ane_board_b01_close_z20,ane_board_b01_close_z60,ane_board_b01_high,ane_board_b01_low,ane_board_b01_open,ane_board_b01_range_pct,ane_board_b01_range_pct_ma20_gap,ane_board_b01_range_pct_ret1,ane_board_b01_range_pct_ret20,ane_board_b01_range_pct_ret3,ane_board_b01_range_pct_ret5,ane_board_b01_range_pct_ret60,ane_board_b01_range_pct_z20,ane_board_b01_range_pct_z60,ane_board_b01_volume,ane_board_b01_volume_shock20,ane_board_b01_volume_z20,ane_board_b02_amount,ane_board_b02_amount_shock20,ane_board_b02_amount_z20,ane_board_b02_close,ane_board_b02_close_ma20_gap,ane_board_b02_close_ret1,ane_board_b02_close_ret20,ane_board_b02_close_ret3,ane_board_b02_close_ret5,ane_board_b02_close_ret60,ane_board_b02_close_vol20,ane_board_b02_close_z20,ane_board_b02_close_z60,ane_board_b02_high,ane_board_b02_low,ane_board_b02_open,ane_board_b02_range_pct,ane_board_b02_range_pct_ma20_gap,ane_board_b02_range_pct_ret1,ane_board_b02_range_pct_ret20,ane_board_b02_range_pct_ret3,ane_board_b02_range_pct_ret5,ane_board_b02_range_pct_ret60,ane_board_b02_range_pct_z20,ane_board_b02_range_pct_z60,ane_board_b02_volume,ane_board_b02_volume_shock20,ane_board_b02_volume_z20,ane_board_b03_amount,ane_board_b03_amount_shock20,ane_board_b03_amount_z20,ane_board_b03_close,ane_board_b03_close_ma20_gap,ane_board_b03_close_ret1,ane_board_b03_close_ret20,ane_board_b03_close_ret3,ane_board_b03_close_ret5,ane_board_b03_close_ret60,ane_board_b03_close_vol20,ane_board_b03_close_z20,ane_board_b03_close_z60,ane_board_b03_high,ane_board_b03_low,ane_board_b03_open,ane_board_b03_range_pct,ane_board_b03_range_pct_ma20_gap,ane_board_b03_range_pct_ret1,ane_board_b03_range_pct_ret20,ane_board_b03_range_pct_ret3,ane_board_b03_range_pct_ret5,ane_board_b03_range_pct_ret60,ane_board_b03_range_pct_z20,ane_board_b03_range_pct_z60,ane_board_b03_volume,ane_board_b03_volume_shock20,ane_board_b03_volume_z20,ane_board_b04_amount,ane_board_b04_amount_shock20,ane_board_b04_amount_z20,ane_board_b04_close,ane_board_b04_close_ma20_gap,ane_board_b04_close_ret1,ane_board_b04_close_ret20,ane_board_b04_close_ret3,ane_board_b04_close_ret5,ane_board_b04_close_ret60,ane_board_b04_close_vol20,ane_board_b04_close_z20,ane_board_b04_close_z60,ane_board_b04_high,ane_board_b04_low,ane_board_b04_open,ane_board_b04_range_pct,ane_board_b04_range_pct_ma20_gap,ane_board_b04_range_pct_ret1,ane_board_b04_range_pct_ret20,ane_board_b04_range_pct_ret3,ane_board_b04_range_pct_ret5,ane_board_b04_range_pct_ret60,ane_board_b04_range_pct_z20,ane_board_b04_range_pct_z60,ane_board_b04_volume,ane_board_b04_volume_shock20,ane_board_b04_volume_z20,ane_board_basket_close,ane_board_basket_close_ma20_gap,ane_board_basket_close_ret1,ane_board_basket_close_ret20,ane_board_basket_close_ret3,ane_board_basket_close_ret5,ane_board_basket_close_ret60,ane_board_basket_close_vol20,ane_board_basket_close_z20,ane_board_basket_close_z60,ane_fut_al0_close,ane_fut_al0_close_ma20_gap,ane_fut_al0_close_ret1,ane_fut_al0_close_ret20,ane_fut_al0_close_ret3,ane_fut_al0_close_ret5,ane_fut_al0_close_ret60,ane_fut_al0_close_vol20,ane_fut_al0_close_z20,ane_fut_al0_close_z60,ane_fut_al0_high,ane_fut_al0_hold,ane_fut_al0_hold_shock20,ane_fut_al0_hold_z20,ane_fut_al0_low,ane_fut_al0_open,ane_fut_al0_range_pct,ane_fut_al0_range_pct_ma20_gap,ane_fut_al0_range_pct_ret1,ane_fut_al0_range_pct_ret20,ane_fut_al0_range_pct_ret3,ane_fut_al0_range_pct_ret5,ane_fut_al0_range_pct_ret60,ane_fut_al0_range_pct_z20,ane_fut_al0_range_pct_z60,ane_fut_al0_settle,ane_fut_al0_volume,ane_fut_al0_volume_shock20,ane_fut_al0_volume_z20,ane_fut_ni0_close,ane_fut_ni0_close_ma20_gap,ane_fut_ni0_close_ret1,ane_fut_ni0_close_ret20,ane_fut_ni0_close_ret3,ane_fut_ni0_close_ret5,ane_fut_ni0_close_ret60,ane_fut_ni0_close_vol20,ane_fut_ni0_close_z20,ane_fut_ni0_close_z60,ane_fut_ni0_high,ane_fut_ni0_hold,ane_fut_ni0_hold_shock20,ane_fut_ni0_hold_z20,ane_fut_ni0_low,ane_fut_ni0_open,ane_fut_ni0_range_pct,ane_fut_ni0_range_pct_ma20_gap,ane_fut_ni0_range_pct_ret1,ane_fut_ni0_range_pct_ret20,ane_fut_ni0_range_pct_ret3,ane_fut_ni0_range_pct_ret5,ane_fut_ni0_range_pct_ret60,ane_fut_ni0_range_pct_z20,ane_fut_ni0_range_pct_z60,ane_fut_ni0_settle,ane_fut_ni0_volume,ane_fut_ni0_volume_shock20,ane_fut_ni0_volume_z20,ane_fut_ss0_close,ane_fut_ss0_close_ma20_gap,ane_fut_ss0_close_ret1,ane_fut_ss0_close_ret20,ane_fut_ss0_close_ret3,ane_fut_ss0_close_ret5,ane_fut_ss0_close_ret60,ane_fut_ss0_close_vol20,ane_fut_ss0_close_z20,ane_fut_ss0_close_z60,ane_fut_ss0_high,ane_fut_ss0_hold,ane_fut_ss0_hold_shock20,ane_fut_ss0_hold_z20,ane_fut_ss0_low,ane_fut_ss0_open,ane_fut_ss0_range_pct,ane_fut_ss0_range_pct_ma20_gap,ane_fut_ss0_range_pct_ret1,ane_fut_ss0_range_pct_ret20,ane_fut_ss0_range_pct_ret3,ane_fut_ss0_range_pct_ret5,ane_fut_ss0_range_pct_ret60,ane_fut_ss0_range_pct_z20,ane_fut_ss0_range_pct_z60,ane_fut_ss0_settle,ane_fut_ss0_volume,ane_fut_ss0_volume_shock20,ane_fut_ss0_volume_z20,ane_future_basket_close,ane_future_basket_close_ma20_gap,ane_future_basket_close_ret1,ane_future_basket_close_ret20,ane_future_basket_close_ret3,ane_future_basket_close_ret5,ane_future_basket_close_ret60,ane_future_basket_close_vol20,ane_future_basket_close_z20,ane_future_basket_close_z60,ane_stk_000768_close,ane_stk_000768_close_ma20_gap,ane_stk_000768_close_ret1,ane_stk_000768_close_ret20,ane_stk_000768_close_ret3,ane_stk_000768_close_ret5,ane_stk_000768_close_ret60,ane_stk_000768_close_vol20,ane_stk_000768_close_z20,ane_stk_000768_close_z60,ane_stk_000768_high,ane_stk_000768_low,ane_stk_000768_open,ane_stk_000768_range_pct,ane_stk_000768_range_pct_ma20_gap,ane_stk_000768_range_pct_ret1,ane_stk_000768_range_pct_ret20,ane_stk_000768_range_pct_ret3,ane_stk_000768_range_pct_ret5,ane_stk_000768_range_pct_ret60,ane_stk_000768_range_pct_z20,ane_stk_000768_range_pct_z60,ane_stk_000768_volume,ane_stk_000768_volume_shock20,ane_stk_000768_volume_z20,ane_stk_003816_close,ane_stk_003816_close_ma20_gap,ane_stk_003816_close_ret1,ane_stk_003816_close_ret20,ane_stk_003816_close_ret3,ane_stk_003816_close_ret5,ane_stk_003816_close_ret60,ane_stk_003816_close_vol20,ane_stk_003816_close_z20,ane_stk_003816_close_z60,ane_stk_003816_high,ane_stk_003816_low,ane_stk_003816_open,ane_stk_003816_range_pct,ane_stk_003816_range_pct_ma20_gap,ane_stk_003816_range_pct_ret1,ane_stk_003816_range_pct_ret20,ane_stk_003816_range_pct_ret3,ane_stk_003816_range_pct_ret5,ane_stk_003816_range_pct_ret60,ane_stk_003816_range_pct_z20,ane_stk_003816_range_pct_z60,ane_stk_003816_volume,ane_stk_003816_volume_shock20,ane_stk_003816_volume_z20,ane_stk_300034_close,ane_stk_300034_close_ma20_gap,ane_stk_300034_close_ret1,ane_stk_300034_close_ret20,ane_stk_300034_close_ret3,ane_stk_300034_close_ret5,ane_stk_300034_close_ret60,ane_stk_300034_close_vol20,ane_stk_300034_close_z20,ane_stk_300034_close_z60,ane_stk_300034_high,ane_stk_300034_low,ane_stk_300034_open,ane_stk_300034_range_pct,ane_stk_300034_range_pct_ma20_gap,ane_stk_300034_range_pct_ret1,ane_stk_300034_range_pct_ret20,ane_stk_300034_range_pct_ret3,ane_stk_300034_range_pct_ret5,ane_stk_300034_range_pct_ret60,ane_stk_300034_range_pct_z20,ane_stk_300034_range_pct_z60,ane_stk_300034_volume,ane_stk_300034_volume_shock20,ane_stk_300034_volume_z20,ane_stk_600765_close,ane_stk_600765_close_ma20_gap,ane_stk_600765_close_ret1,ane_stk_600765_close_ret20,ane_stk_600765_close_ret3,ane_stk_600765_close_ret5,ane_stk_600765_close_ret60,ane_stk_600765_close_vol20,ane_stk_600765_close_z20,ane_stk_600765_close_z60,ane_stk_600765_high,ane_stk_600765_low,ane_stk_600765_open,ane_stk_600765_range_pct,ane_stk_600765_range_pct_ma20_gap,ane_stk_600765_range_pct_ret1,ane_stk_600765_range_pct_ret20,ane_stk_600765_range_pct_ret3,ane_stk_600765_range_pct_ret5,ane_stk_600765_range_pct_ret60,ane_stk_600765_range_pct_z20,ane_stk_600765_range_pct_z60,ane_stk_600765_volume,ane_stk_600765_volume_shock20,ane_stk_600765_volume_z20,ane_stk_600893_close,ane_stk_600893_close_ma20_gap,ane_stk_600893_close_ret1,ane_stk_600893_close_ret20,ane_stk_600893_close_ret3,ane_stk_600893_close_ret5,ane_stk_600893_close_ret60,ane_stk_600893_close_vol20,ane_stk_600893_close_z20,ane_stk_600893_close_z60,ane_stk_600893_high,ane_stk_600893_low,ane_stk_600893_open,ane_stk_600893_range_pct,ane_stk_600893_range_pct_ma20_gap,ane_stk_600893_range_pct_ret1,ane_stk_600893_range_pct_ret20,ane_stk_600893_range_pct_ret3,ane_stk_600893_range_pct_ret5,ane_stk_600893_range_pct_ret60,ane_stk_600893_range_pct_z20,ane_stk_600893_range_pct_z60,ane_stk_600893_volume,ane_stk_600893_volume_shock20,ane_stk_600893_volume_z20,ane_stk_601611_close,ane_stk_601611_close_ma20_gap,ane_stk_601611_close_ret1,ane_stk_601611_close_ret20,ane_stk_601611_close_ret3,ane_stk_601611_close_ret5,ane_stk_601611_close_ret60,ane_stk_601611_close_vol20,ane_stk_601611_close_z20,ane_stk_601611_close_z60,ane_stk_601611_high,ane_stk_601611_low,ane_stk_601611_open,ane_stk_601611_range_pct,ane_stk_601611_range_pct_ma20_gap,ane_stk_601611_range_pct_ret1,ane_stk_601611_range_pct_ret20,ane_stk_601611_range_pct_ret3,ane_stk_601611_range_pct_ret5,ane_stk_601611_range_pct_ret60,ane_stk_601611_range_pct_z20,ane_stk_601611_range_pct_z60,ane_stk_601611_volume,ane_stk_601611_volume_shock20,ane_stk_601611_volume_z20,ane_stk_601985_close,ane_stk_601985_close_ma20_gap,ane_stk_601985_close_ret1,ane_stk_601985_close_ret20,ane_stk_601985_close_ret3,ane_stk_601985_close_ret5,ane_stk_601985_close_ret60,ane_stk_601985_close_vol20,ane_stk_601985_close_z20,ane_stk_601985_close_z60,ane_stk_601985_high,ane_stk_601985_low,ane_stk_601985_open,ane_stk_601985_range_pct,ane_stk_601985_range_pct_ma20_gap,ane_stk_601985_range_pct_ret1,ane_stk_601985_range_pct_ret20,ane_stk_601985_range_pct_ret3,ane_stk_601985_range_pct_ret5,ane_stk_601985_range_pct_ret60,ane_stk_601985_range_pct_z20,ane_stk_601985_range_pct_z60,ane_stk_601985_volume,ane_stk_601985_volume_shock20,ane_stk_601985_volume_z20,ane_stock_basket_close,ane_stock_basket_close_ma20_gap,ane_stock_basket_close_ret1,ane_stock_basket_close_ret20,ane_stock_basket_close_ret3,ane_stock_basket_close_ret5,ane_stock_basket_close_ret60,ane_stock_basket_close_vol20,ane_stock_basket_close_z20,ane_stock_basket_close_z60,sector_amount,sector_amount_shock20,sector_amount_z20,sector_close,sector_high,sector_low,sector_ma20_gap,sector_ma60_gap,sector_open,sector_range_pct,sector_ret1,sector_ret20,sector_ret5,sector_ret60,sector_vol20,sector_volume,sector_volume_shock20,sector_volume_z20","amount,close,high,low,open,volume","afternoon_ret,afternoon_vwap,afternoon_vwap_to_close,bar_count,close_range_pos,close_to_low,close_to_vwap,down_day_below_vwap,first60_last30_reversal,first_30m_ret,first_60m_ret,first_60m_volume_share,high_to_close,intraday_ret,last_30m_ret,last_30m_volume_share,last_30m_vwap,last_30m_vwap_to_close,last_60m_ret,morning_afternoon_reversal,morning_ret,morning_vwap,morning_vwap_to_close,open_to_vwap,overnight_intraday_reversal,overnight_plus_intraday,range_pct",
